t,x_ref,x_meas,e_x,y_meas,z_meas
0.06506800651550293,0.34699132337043537,0.15114320814609528,0.1958481152243401,0.058821599930524826,-2.0153045654296875
0.09840917587280273,0.33477969823617043,0.14399616420269012,0.1907835340334803,0.06067483499646187,-2.01631236076355
0.13173460960388184,0.3274128655957708,0.13895447552204132,0.1884583900737295,0.06191828101873398,-2.017850875854492
0.16506528854370117,0.32528145017255006,0.1355854868888855,0.18969596328366456,0.06273050606250763,-2.0191352367401123
0.19849610328674316,0.3291309024517303,0.13014404475688934,0.19898685769484098,0.0642128437757492,-2.021821975708008
0.23173069953918457,0.3291309024517303,0.12801015377044678,0.20112074868128355,0.06504818052053452,-2.023224353790283
0.2652323246002197,0.3291309024517303,0.12576031684875488,0.20337058560297544,0.06646904349327087,-2.025256872177124
0.2985117435455322,0.3291309024517303,0.12406911700963974,0.20506178544209058,0.06841668486595154,-2.0275750160217285
0.33173036575317383,0.3291309024517303,0.12255699932575226,0.20657390312597806,0.07197225838899612,-2.0309014320373535
0.36515212059020996,0.3291309024517303,0.12187999486923218,0.20725090758249815,0.07483742386102676,-2.033071994781494
0.39847278594970703,0.3291309024517303,0.12115936726331711,0.20797153518841321,0.07970098406076431,-2.036090135574341
0.431732177734375,0.3291309024517303,0.12034660577774048,0.20878429667398984,0.08759505301713943,-2.0399317741394043
0.465134859085083,0.3291309024517303,0.11962194740772247,0.20950895504400785,0.09548874944448471,-2.042945623397827
0.49846577644348145,0.3291309024517303,0.11873215436935425,0.21039874808237607,0.10482366383075714,-2.04586124420166
0.5319192409515381,0.3291309024517303,0.1179112121462822,0.21121969030544813,0.11271582543849945,-2.0479934215545654
0.5652189254760742,0.3291309024517303,0.11566770821809769,0.21346319423363264,0.13088513910770416,-2.0521810054779053
0.59842848777771,0.3291309024517303,0.11423686891794205,0.21489403353378828,0.140996053814888,-2.0542778968811035
0.6320466995239258,0.3291309024517303,0.11200026422739029,0.21713063822434003,0.15542840957641602,-2.057110071182251
0.6651642322540283,0.47012908741328263,0.10868426412343979,0.36144482328984284,0.17476606369018555,-2.0607738494873047
0.6984307765960693,0.4645590250961891,0.10557787120342255,0.3589811538927666,0.1909676343202591,-2.0638010501861572
0.7318000793457031,0.45424793269371505,0.10206129401922226,0.3521866386744928,0.20763778686523438,-2.0669033527374268
0.7650909423828125,0.44068974516421766,0.09716376662254333,0.3435259785416743,0.22887127101421356,-2.0709540843963623
0.7985272407531738,0.44068974516421766,0.09404309093952179,0.34664665422469587,0.2417314648628235,-2.0734317302703857
0.8318088054656982,0.40869115249443777,0.08979735523462296,0.3188937972598148,0.258941113948822,-2.076725959777832
0.8652071952819824,0.38833085101057385,0.08443744480609894,0.3038934062044749,0.2804681658744812,-2.0808005332946777
0.8984298706054688,0.3645459542512096,0.08019479364156723,0.2843511606096424,0.29761195182800293,-2.0840036869049072
0.9317572116851807,0.34713959359018215,0.07707206904888153,0.2700675245413006,0.31039318442344666,-2.086385488510132
0.9650704860687256,0.33110220061422646,0.07109926640987396,0.2600029342043525,0.3356640934944153,-2.091146230697632
0.9984493255615234,0.3130420656876927,0.06831374764442444,0.24472831804326828,0.3480766713619232,-2.0935370922088623
1.0317602157592773,0.2915068159870851,0.06489131599664688,0.22661549999043823,0.3643185496330261,-2.0967559814453125
1.0650696754455566,0.2697674792104965,0.061244748532772064,0.20852273067772442,0.3839876055717468,-2.1007988452911377
1.0983972549438477,0.25109838008086993,0.05891899764537811,0.19217938243549182,0.3991175591945648,-2.1040163040161133
1.1317787170410156,0.23022529442463638,0.057566531002521515,0.17265876342211486,0.4100700914859772,-2.1064107418060303
1.1650762557983398,0.21132354943641599,0.05617593601346016,0.15514761342295583,0.42747169733047485,-2.110365629196167
1.198401927947998,0.19690748827853946,0.05580225586891174,0.14110523240962772,0.44062209129333496,-2.1134915351867676
1.2318150997161865,0.18146631276966113,0.056045763194561005,0.12542054957510013,0.45309409499168396,-2.116582155227661
1.2650611400604248,0.17072278196412077,0.05735580995678902,0.11336697200733176,0.4675755798816681,-2.1203806400299072
1.298401117324829,0.1625925068667308,0.05921662226319313,0.10337588460353767,0.4782180190086365,-2.123349666595459
1.3317458629608154,0.1605403379372344,0.06177521497011185,0.09876512296712256,0.4880159795284271,-2.1262433528900146
1.3651671409606934,0.16062665829887202,0.06414017081260681,0.0964864874862652,0.49486857652664185,-2.1283721923828125
1.39839506149292,0.165788133539497,0.06892497092485428,0.09686316261464273,0.5054649710655212,-2.1318488121032715
1.4317426681518555,0.17603583598711856,0.07350106537342072,0.10253477061369784,0.5133599638938904,-2.1346049308776855
1.465087652206421,0.18649657379004136,0.07733957469463348,0.10915699909540788,0.5189908146858215,-2.1366806030273438
1.498429298400879,0.20026664490947907,0.08288068324327469,0.11738596166620438,0.5261698961257935,-2.1394450664520264
1.5317752361297607,0.20026664490947907,0.09192103147506714,0.10834561343441193,0.5362286567687988,-2.1435399055480957
1.5650887489318848,0.2392933087885897,0.09664041548967361,0.1426528932989161,0.5410116314888,-2.1455841064453125
1.5984818935394287,0.2392933087885897,0.1030496135354042,0.1362436952531855,0.5471650958061218,-2.1482927799224854
1.6317596435546875,0.27930368099495045,0.11107514798641205,0.1682285330085384,0.55458003282547,-2.151611089706421
1.665102481842041,0.2963391365550747,0.1173442155122757,0.17899492104279902,0.560381293296814,-2.15419602394104
1.6984021663665771,0.31564176078189027,0.12190041691064835,0.19374134387124192,0.5647119879722595,-2.15608811378479
1.7317590713500977,0.3329420175936146,0.13045792281627655,0.20248409477733803,0.573429524898529,-2.1597061157226562
1.7651050090789795,0.3488356446114546,0.1343744993209839,0.21446114529047072,0.5778543949127197,-2.161508560180664
1.7984514236450195,0.36757082508384925,0.13914284110069275,0.2284279839831565,0.5838568210601807,-2.163888692855835
1.831737995147705,0.38616886038948683,0.14427556097507477,0.24189329941441207,0.5915157794952393,-2.1668765544891357
1.8651039600372314,0.4061942531870142,0.14760726690292358,0.2585869862840906,0.5977973341941833,-2.1692419052124023
1.8984136581420898,0.42047488391418225,0.15017272531986237,0.2703021585943199,0.6042355298995972,-2.171537399291992
1.9317395687103271,0.42047488391418225,0.15192915499210358,0.2685457289220787,0.6108114123344421,-2.173698663711548
1.9652299880981445,0.42666348819136096,0.1528681069612503,0.27379538123011066,0.6175153255462646,-2.1757330894470215
1.9984114170074463,0.4351519702437222,0.15296152234077454,0.28219044790294767,0.6243503093719482,-2.1777167320251465
2.0317270755767822,0.431586551095558,0.151910662651062,0.279675888444496,0.6330504417419434,-2.180152177810669
2.065070629119873,0.4227376139447708,0.15008780360221863,0.27264981034255215,0.6401620507240295,-2.1820526123046875
2.098435640335083,0.41302961441299796,0.14737284183502197,0.265656772577976,0.6473777890205383,-2.1839280128479004
2.1317291259765625,0.40144047678080713,0.14280982315540314,0.258630653625404,0.6564969420433044,-2.186246395111084
2.165064573287964,0.3855368360664346,0.13950492441654205,0.24603191164989252,0.6619899272918701,-2.187623977661133
2.1984431743621826,0.3684088314150253,0.13450096547603607,0.2339078659389892,0.6693043112754822,-2.189460277557373
2.2317464351654053,0.34588476569481186,0.12739039957523346,0.2184943661195784,0.6784008741378784,-2.1917688846588135
2.265064001083374,0.3246402172540757,0.12117209285497665,0.20346812439909906,0.6856186389923096,-2.193615436553955
2.29842209815979,0.3031535539361956,0.114674873650074,0.18847868028612158,0.6927260756492615,-2.1954877376556396
2.3317668437957764,0.28030299430044714,0.10966046154499054,0.1706425327554566,0.6979629397392273,-2.196906328201294
2.365074396133423,0.2527557530674126,0.10110128670930862,0.15165446635810398,0.7064685225486755,-2.1992878913879395
2.398419141769409,0.23001518523581868,0.09421943128108978,0.1357957539547289,0.7130644917488098,-2.2012276649475098
2.431767463684082,0.20588028485693402,0.0874607041478157,0.11841958070911832,0.7194777131080627,-2.2032129764556885
2.4651541709899902,0.18635720656785096,0.08096503466367722,0.10539217190417374,0.7257122993469238,-2.205254554748535
2.498417854309082,0.16565805864085398,0.0748666450381279,0.09079141360272608,0.7317723035812378,-2.2073442935943604
2.531754493713379,0.15062870686243526,0.0692935362458229,0.08133517061661236,0.7376483678817749,-2.2095067501068115
2.5651700496673584,0.13973233322640172,0.06425341218709946,0.07547892103930226,0.743383526802063,-2.211726427078247
2.59842586517334,0.1291359937797022,0.05885634198784828,0.07027965179185391,0.750414252281189,-2.2146241664886475
2.631751537322998,0.12304328647525406,0.05529087409377098,0.06775241238148308,0.755990743637085,-2.217055082321167
2.6650948524475098,0.12263193187458814,0.05305808410048485,0.06957384777410329,0.760162889957428,-2.2189133167266846
2.6984012126922607,0.12452334895349312,0.050149306654930115,0.07437404229856301,0.7671188116073608,-2.2220687866210938
2.731743097305298,0.12677787295208154,0.04843435809016228,0.07834351486191926,0.7727053761482239,-2.224625825881958
2.765084743499756,0.13133853932441553,0.04723251983523369,0.08410601948918184,0.7783125638961792,-2.2272021770477295
2.7983956336975098,0.13871551137977958,0.04631064087152481,0.09240487050825477,0.7853618264198303,-2.2304329872131348
2.8317313194274902,0.14612382362244739,0.04591119661927223,0.10021262700317515,0.7910391688346863,-2.232999086380005
2.865100622177124,0.15487703779724984,0.04579223692417145,0.1090848008730784,0.7953318357467651,-2.2349064350128174
2.8983941078186035,0.16464729478719006,0.04602446407079697,0.1186228307163931,0.804057240486145,-2.2387852668762207
2.9317355155944824,0.17342685968840887,0.04636336490511894,0.12706349478328993,0.8084725141525269,-2.240736722946167
2.965155601501465,0.18471726699392993,0.047007087618112564,0.13771017937581737,0.8144407868385315,-2.243434190750122
2.998394727706909,0.19585997321797066,0.04802526533603668,0.14783470788193398,0.8220179677009583,-2.246922016143799
3.031763792037964,0.20817958163195205,0.04888986796140671,0.15928971367054534,0.8280932903289795,-2.2497735023498535
3.065227508544922,0.21784319419241627,0.04950530081987381,0.16833789337254246,0.8325967192649841,-2.251913547515869
3.098578453063965,0.22645488081056714,0.05034879967570305,0.1761060811348641,0.8400339484214783,-2.2554571628570557
3.131786584854126,0.23394244906892464,0.05078878998756409,0.18315365908136055,0.8459287285804749,-2.258312940597534
3.165088176727295,0.23785596595627517,0.05098765715956688,0.1868683087967083,0.8517930507659912,-2.261164665222168
3.1984214782714844,0.24165807750436868,0.05091783404350281,0.19074024346086588,0.8576002717018127,-2.263981819152832
3.2318453788757324,0.2453964869301808,0.05041664093732834,0.19497984599285245,0.8646849989891052,-2.2674124240875244
3.2651095390319824,0.2450375690792102,0.049664728343486786,0.19537284073572342,0.870150089263916,-2.2701308727264404
3.298417568206787,0.24129892829445054,0.04887741059064865,0.1924215177038019,0.8741069436073303,-2.27211594581604
3.331800699234009,0.23552887111280954,0.047522153705358505,0.18800671740745103,0.8791847825050354,-2.2746944427490234
3.365168809890747,0.2274714245581256,0.045415692031383514,0.1820557325267421,0.8852142095565796,-2.277797222137451
3.3984124660491943,0.21888213509161117,0.04342224821448326,0.1754598868771279,0.889762282371521,-2.280205488204956
3.431790590286255,0.20555854380318467,0.04117840901017189,0.16438013479301278,0.8940820693969727,-2.2825961112976074
3.465075731277466,0.1944562796183862,0.038752634078264236,0.15570364554012198,0.8982465267181396,-2.28505277633667
3.4984185695648193,0.18148415575209836,0.03623558580875397,0.1452485699433444,0.9024067521095276,-2.287752151489258
3.531797170639038,0.1680374580033702,0.03367726132273674,0.13436019668063345,0.9067959189414978,-2.2909836769104004
3.565070867538452,0.15125227142407138,0.030413299798965454,0.12083897162510593,0.9131396412849426,-2.2961463928222656
3.5984017848968506,0.1370766736914591,0.027743462473154068,0.10933321121830503,0.9194387793540955,-2.3010523319244385
3.631786584854126,0.12684728961373262,0.025058722123503685,0.10178856749022894,0.9272758960723877,-2.3061106204986572
3.665062665939331,0.11745225961516932,0.021730145439505577,0.09572211417566374,0.939822793006897,-2.3119776248931885
3.6983978748321533,0.10937302358416205,0.019739916548132896,0.08963310703602916,0.9491656422615051,-2.315042495727539
3.731781482696533,0.1048859632942877,0.017105216160416603,0.0877807471338711,0.9640113115310669,-2.3185629844665527
3.765136957168579,0.1048859632942877,0.013882316648960114,0.09100364664532759,0.9868987798690796,-2.3222579956054688
3.7983992099761963,0.1048859632942877,0.01137689221650362,0.09350907107778408,1.0090563297271729,-2.3247766494750977
3.831758737564087,0.1048859632942877,0.008913367986679077,0.09597259530760863,1.0348491668701172,-2.3269248008728027
3.865089178085327,0.1048859632942877,0.005802804138511419,0.09908315915577628,1.0722512006759644,-2.329153537750244
3.8984036445617676,0.1048859632942877,0.0038901465013623238,0.10099581679292538,1.097424030303955,-2.330305337905884
3.9318008422851562,0.1048859632942877,0.0012463697930797935,0.10363959350120791,1.1341705322265625,-2.3316633701324463
3.9651522636413574,0.1048859632942877,-0.00217947899363935,0.10706544228792705,1.1850827932357788,-2.3330295085906982
3.9984004497528076,0.1048859632942877,-0.005004388280212879,0.10989035157450058,1.2295855283737183,-2.3338592052459717
4.03176474571228,0.1276319408954061,-0.007196702994406223,0.13482864388981233,1.2650389671325684,-2.3343112468719482
4.06521463394165,0.11779326969789818,-0.010202951729297638,0.1279962214271958,1.3147741556167603,-2.334796190261841
4.098400115966797,0.12036353432433322,-0.01402310561388731,0.13438663993822053,1.3804534673690796,-2.3355281352996826
4.131749153137207,0.12598376878692968,-0.01707364246249199,0.14305741124942167,1.4354279041290283,-2.3366174697875977
4.165086269378662,0.13494324042135153,-0.020103273913264275,0.1550465143346158,1.491968035697937,-2.338230848312378
4.198399305343628,0.14487827739654438,-0.023696990683674812,0.1685752680802192,1.5643987655639648,-2.3407394886016846
4.231752395629883,0.15358128338429164,-0.026354001834988594,0.17993528521928023,1.6232075691223145,-2.34285831451416
4.265150308609009,0.15839206589059276,-0.02816925197839737,0.18656131786899013,1.6674607992172241,-2.3443500995635986
4.298459053039551,0.16083640977860297,-0.03028956614434719,0.19112597592295016,1.7262451648712158,-2.3462114334106445
4.331737995147705,0.16186120043840785,-0.03235948830842972,0.19422068874683757,1.7986129522323608,-2.3484339714050293
4.365211725234985,0.1626423153931543,-0.03348471224308014,0.19612702763623444,1.854966640472412,-2.350074291229248
4.398486614227295,0.1612872684423533,-0.03418869152665138,0.1954759599690047,1.9095395803451538,-2.3513824939727783
4.431766748428345,0.154441527994916,-0.03451346233487129,0.1889549903297873,1.975088119506836,-2.352445363998413
4.465068578720093,0.15036157517858553,-0.034425050020217896,0.18478662519880343,2.0127153396606445,-2.352849245071411
4.4984705448150635,0.13832737255933616,-0.034049857407808304,0.17237722996714447,2.0608527660369873,-2.3532931804656982
4.531733512878418,0.1308879106762551,-0.033189497888088226,0.16407740856434333,2.117691993713379,-2.3538873195648193
4.565097332000732,0.11976674655674452,-0.032155007123947144,0.15192175368069166,2.160491943359375,-2.35445499420166
4.598467588424683,0.10886418147873889,-0.03084895759820938,0.13971313907694827,2.2010724544525146,-2.3551690578460693
4.631731271743774,0.09471905508088038,-0.028829140588641167,0.12354819566952155,2.2489991188049316,-2.3561580181121826
4.665080308914185,0.07865141711771141,-0.027474960312247276,0.10612637742995869,2.276254177093506,-2.356804370880127
4.698496580123901,0.06715975314027178,-0.025416221469640732,0.09257597460991251,2.3114206790924072,-2.3576736450195312
4.731729507446289,0.05716790559515016,-0.022436950355768204,0.07960485595091837,2.353398561477661,-2.3588287830352783
4.765204668045044,0.0464191561087714,-0.019657103344798088,0.06607625945356949,2.3856515884399414,-2.3598804473876953
4.798481225967407,0.04166488176742671,-0.016466587781906128,0.05813146954933284,2.4170234203338623,-2.3610897064208984
4.831737041473389,0.03772257899018725,-0.0128409368917346,0.05056351588192185,2.4477624893188477,-2.3624770641326904
4.865065097808838,0.034198605220721726,-0.008714640513062477,0.0429132457337842,2.478135585784912,-2.3640615940093994
4.898460865020752,0.036244658015014135,-0.004100282210856676,0.04034494022587081,2.508418083190918,-2.3657913208007812
4.931733846664429,0.04274535725057574,0.002352977404370904,0.040392379846204834,2.5464723110198975,-2.3680951595306396
4.965074062347412,0.05305536535500057,0.007949333637952805,0.045106031717047766,2.577305316925049,-2.3700029850006104
4.998441696166992,0.06738390245850194,0.01240195520222187,0.05498194725628007,2.6007323265075684,-2.3714826107025146
5.031755208969116,0.08885915412015606,0.02018807828426361,0.06867107583589245,2.6404917240142822,-2.3739871978759766
5.0650718212127686,0.10788406819596984,0.026644330471754074,0.08123973772421576,2.6730334758758545,-2.375959634780884
5.098482370376587,0.13072367139296032,0.03323587030172348,0.09748780109123684,2.7063119411468506,-2.3778507709503174
5.131766080856323,0.1538696441540792,0.03984222561120987,0.11402741854286932,2.740330457687378,-2.379671573638916
5.165068626403809,0.1538696441540792,0.04796388000249863,0.10590576415158057,2.7838540077209473,-2.381889820098877
5.198448896408081,0.20354456537436533,0.05413774773478508,0.14940681763958025,2.819408416748047,-2.3836376667022705
5.231776475906372,0.2289165101442422,0.05854421108961105,0.17037229905463114,2.8464274406433105,-2.38494873046875
5.265271425247192,0.25261952064253573,0.06403845548629761,0.18858106515623813,2.882858991622925,-2.3866820335388184
5.2984209060668945,0.27820335082186887,0.07015387713909149,0.20804947368277737,2.9289321899414062,-2.388782501220703
5.331784963607788,0.2978671983242779,0.07429264485836029,0.2235745534659176,2.966123580932617,-2.390401840209961
5.3651511669158936,0.31782584961877985,0.07764559239149094,0.24018025722728892,3.003445863723755,-2.3919837474823
5.398424863815308,0.3330560529873907,0.08017230033874512,0.2528837526486456,3.040745735168457,-2.393521308898926
5.4317848682403564,0.34913549171189956,0.08179625868797302,0.26733923302392654,3.07785964012146,-2.3949522972106934
5.4651854038238525,0.35735086261416416,0.08250268548727036,0.2748481771268938,3.114647626876831,-2.396219491958618
5.498408794403076,0.35997512930455444,0.08217258006334305,0.2778025492412114,3.1600606441497803,-2.3975560665130615
5.531749725341797,0.35154546607382153,0.0808824822306633,0.27066298384315823,3.195810317993164,-2.3984501361846924
5.56516170501709,0.33980042740259364,0.07872957736253738,0.26107085004005626,3.231023073196411,-2.3992655277252197
5.59842848777771,0.32426092021206615,0.07580805569887161,0.24845286451319454,3.265730857849121,-2.400059461593628
5.631753921508789,0.30443802555209687,0.07225572317838669,0.23218230237371018,3.2999415397644043,-2.40085768699646
5.665159225463867,0.2821773115820308,0.06810136884450912,0.21407594273752167,3.3337562084198,-2.401636838912964
5.698446989059448,0.2560197849248351,0.06227022036910057,0.19374956455573455,3.3755218982696533,-2.4026148319244385
5.731773853302002,0.22817002001685024,0.05717027932405472,0.17099974069279553,3.408524513244629,-2.4034347534179688
5.765194416046143,0.2032050203672129,0.051925938576459885,0.15127908179075303,3.4412853717803955,-2.404276132583618
5.798474073410034,0.1758299551826542,0.04660023748874664,0.12922971769390756,3.4738564491271973,-2.405167818069458
5.831744194030762,0.14841731590569435,0.04130801931023598,0.10710929659545837,3.506368398666382,-2.4060401916503906
5.865147829055786,0.12036733196083273,0.036133311688899994,0.08423402027193273,3.538898229598999,-2.406829833984375
5.898541688919067,0.09634471375345635,0.031186707317829132,0.06515800643562722,3.5715649127960205,-2.407534599304199
5.931745767593384,0.07617966163114687,0.02540743723511696,0.05077222439602991,3.612739324569702,-2.4083597660064697
5.965106010437012,0.05599957327630155,0.021230459213256836,0.03476911406304471,3.645991802215576,-2.4090518951416016
5.998476505279541,0.04089030263851814,0.018399743363261223,0.022490559275256915,3.6711342334747314,-2.409632444381714
6.031732082366943,0.028843503491321174,0.013562341220676899,0.015281162270644275,3.72188138961792,-2.410745620727539
6.065108060836792,0.019267961573772148,0.011654877103865147,0.007613084469907001,3.7475383281707764,-2.411285877227783
6.098451614379883,0.013909897010166533,0.009669153951108456,0.004240743059058078,3.781996965408325,-2.4119973182678223
6.131843566894531,0.013909897010166533,0.008307126350700855,0.005602770659465678,3.8167264461517334,-2.4127299785614014
6.165138006210327,0.018803085809738763,0.007556711323559284,0.011246374486179479,3.851701259613037,-2.4135091304779053
6.198496580123901,0.0268376802721733,0.007399055641144514,0.019438624631028786,3.8869659900665283,-2.4143459796905518
6.2318572998046875,0.0379945710660438,0.007777991238981485,0.030216579827062315,3.9225354194641113,-2.415302276611328
6.265121698379517,0.05004519153211667,0.008915727026760578,0.041129464505356095,3.967400550842285,-2.416555166244507
6.298522233963013,0.06602148787642538,0.010256138630211353,0.05576534924621403,4.003600120544434,-2.4175984859466553
6.3318095207214355,0.08220221494875493,0.011921183206140995,0.07028103174261394,4.040026664733887,-2.4186830520629883
6.36515474319458,0.10243298761970288,0.013871080242097378,0.0885619073776055,4.076602458953857,-2.4198367595672607
6.398488759994507,0.12160345699523145,0.015967363491654396,0.10563609350357706,4.113282680511475,-2.4209771156311035
6.431929111480713,0.1417558461747323,0.0181210245937109,0.1236348215810214,4.150075435638428,-2.4221131801605225
6.465082883834839,0.15933366683321476,0.020714616402983665,0.1386190504302311,4.196160316467285,-2.4235002994537354
6.498489856719971,0.17849695860595302,0.022548910230398178,0.15594804837555484,4.233116626739502,-2.4246037006378174
6.531988859176636,0.19483664278475374,0.024066241458058357,0.17077040132669538,4.270153522491455,-2.4256536960601807
6.565091133117676,0.2096762075555164,0.025450346991419792,0.1842258605640966,4.316512107849121,-2.4268834590911865
6.59843111038208,0.2190077328742434,0.02589770033955574,0.19311003253468767,4.344355583190918,-2.4275500774383545
6.631862163543701,0.2298493006094705,0.026063790544867516,0.203785510064603,4.381450653076172,-2.428337335586548
6.66507625579834,0.23505010412240374,0.025540636852383614,0.20950946727002012,4.427670001983643,-2.429198741912842
6.698422908782959,0.23109289356774534,0.024551963433623314,0.20654093013412203,4.464450836181641,-2.4298298358917236
6.731865882873535,0.22984466914659016,0.02346428483724594,0.20638038430934422,4.491924285888672,-2.4302573204040527
6.765068531036377,0.22163556565521905,0.02110121212899685,0.2005343535262222,4.537524700164795,-2.430964231491089
6.798424482345581,0.21187449170604142,0.0187078807502985,0.19316661095574292,4.573837757110596,-2.431493043899536
6.83192253112793,0.19925506193196635,0.015968136489391327,0.18328692544257502,4.609979629516602,-2.4319987297058105
6.865293979644775,0.18352383904207847,0.01209547184407711,0.17142836719800136,4.65485954284668,-2.432603597640991
6.898409605026245,0.16648116924658252,0.008647028356790543,0.15783414088979197,4.690479278564453,-2.4331111907958984
6.931827068328857,0.14630225724049473,0.005003679543733597,0.14129857769676113,4.725889682769775,-2.433622360229492
6.965296506881714,0.12690324493186783,0.0022081967908889055,0.12469504814097893,4.752322196960449,-2.4340124130249023
6.998399496078491,0.1082864119640435,-0.002404941711574793,0.11069135367561829,4.796209335327148,-2.4346771240234375
7.031838417053223,0.08863821884420751,-0.005937859416007996,0.09457607826021551,4.831183433532715,-2.435213804244995
7.065263748168945,0.07370680397624389,-0.009238730184733868,0.08294553416097776,4.866060256958008,-2.435757875442505
7.098556280136108,0.05684574146627548,-0.012237838469445705,0.06908357993572119,4.900861740112305,-2.43628191947937
7.131775617599487,0.044903159119682366,-0.014864216558635235,0.0597673756783176,4.935655117034912,-2.436732769012451
7.165170431137085,0.033186826682641606,-0.017102254554629326,0.05028908123727093,4.9704437255859375,-2.4371020793914795
7.198522090911865,0.025702877703427458,-0.01893487013876438,0.044637747842191836,5.005252361297607,-2.437425136566162
7.231804132461548,0.020292368228444692,-0.020635610446333885,0.04092797867477858,5.048856258392334,-2.4378108978271484
7.265176296234131,0.01854806388454502,-0.021520579233765602,0.040068643118310626,5.083861827850342,-2.438141345977783
7.298540830612183,0.021031621436567303,-0.02200954407453537,0.04304116551110267,5.118991374969482,-2.4385194778442383
7.3317930698394775,0.02440976926845914,-0.02212396450340748,0.04653373377186662,5.163038730621338,-2.439044237136841
7.365202188491821,0.03340259885273193,-0.02195698767900467,0.0553595865317366,5.189542293548584,-2.439345598220825
7.398560285568237,0.040776000246949946,-0.02155214734375477,0.062328147590704715,5.2249579429626465,-2.4397616386413574
7.431752920150757,0.054154309857757765,-0.02085435576736927,0.07500866562512704,5.269360542297363,-2.440311908721924
7.4650866985321045,0.06460605901306019,-0.0201983992010355,0.08480445821409568,5.304992198944092,-2.4407713413238525
7.4985034465789795,0.07578337099484728,-0.019486641511321068,0.09527001250616834,5.340719699859619,-2.4412527084350586
7.531771898269653,0.08865874833182627,-0.018600931391119957,0.10725967972294623,5.385554790496826,-2.4418323040008545
7.565102815628052,0.10353631571196675,-0.018111636862158775,0.12164795257412553,5.412532329559326,-2.442192792892456
7.598518133163452,0.11979797679918243,-0.017593491822481155,0.13739146862166357,5.448546886444092,-2.4426050186157227
7.63216233253479,0.13266572426348522,-0.017128961160779,0.14979468542426422,5.4936394691467285,-2.4430465698242188
7.665078401565552,0.14422260812485319,-0.017032798379659653,0.16125540650451284,5.529735565185547,-2.4432895183563232
7.698683500289917,0.15717614495200546,-0.01721811667084694,0.1743942616228524,5.565776348114014,-2.443445920944214
7.731760263442993,0.16867668110388132,-0.017902851104736328,0.18657953220861764,5.610738754272461,-2.443601131439209
7.765074253082275,0.17683076627146596,-0.018560342490673065,0.19539110876213903,5.637637615203857,-2.443695545196533
7.798515558242798,0.1808905470914951,-0.019722484052181244,0.20061303114367635,5.673379898071289,-2.44382643699646
7.831963300704956,0.18087249194477872,-0.02118499204516411,0.20205748398994283,5.708981037139893,-2.4439589977264404
7.865067720413208,0.18086400946840686,-0.023478640243411064,0.20434264971181793,5.753288269042969,-2.444211006164551
7.898736476898193,0.17648202816140182,-0.025108274072408676,0.2015903022338105,5.779749393463135,-2.444371461868286
7.931908369064331,0.17265567291476486,-0.027587391436100006,0.20024306435086486,5.8148722648620605,-2.4445343017578125
7.965065240859985,0.164994949326004,-0.0311568733304739,0.1961518226564779,5.858460426330566,-2.4446935653686523
7.998523473739624,0.15525381742980854,-0.03435349091887474,0.18960730834868328,5.893048286437988,-2.444795608520508
8.032019853591919,0.14314706064018748,-0.03780191019177437,0.18094897083196185,5.927396297454834,-2.444852352142334
8.065113306045532,0.12838314719769958,-0.042348045855760574,0.17073119305346016,5.969906330108643,-2.444870710372925
8.098585844039917,0.11028056972238844,-0.04513058811426163,0.15541115783665005,5.995204925537109,-2.4448843002319336
8.132042646408081,0.09477897333324611,-0.048870980739593506,0.14364995407283962,6.028693199157715,-2.444849729537964
8.165480136871338,0.08159751411121215,-0.05252976343035698,0.1341272775415691,6.061865329742432,-2.4448516368865967
8.198492288589478,0.07062801076527586,-0.056935057044029236,0.1275630678093051,6.102980613708496,-2.444857597351074
8.231927394866943,0.053427011109459084,-0.06024482101202011,0.11367183212147919,6.1356401443481445,-2.4448659420013428
8.26521897315979,0.04110819517738713,-0.06332951039075851,0.10443770556814565,6.168116569519043,-2.4448187351226807
8.298524856567383,0.029414120908430846,-0.06612774729728699,0.09554186820571783,6.200412273406982,-2.444716453552246
8.33181619644165,0.02181081390355966,-0.06855259090662003,0.09036340481017968,6.232584476470947,-2.4446194171905518
8.36543607711792,0.013314939690935624,-0.070542111992836,0.08385705168377162,6.264675140380859,-2.444553852081299
8.398419857025146,0.010526456906986342,-0.07250145822763443,0.08302791513462077,6.304826259613037,-2.4445266723632812
8.431763410568237,0.010250063563507153,-0.07362847030162811,0.08387853386513526,6.337064266204834,-2.4445345401763916
8.465235710144043,0.010545388845675352,-0.07422252744436264,0.08476791629003799,6.361342430114746,-2.4445199966430664
8.498398780822754,0.01438022414698841,-0.07483405619859695,0.08921428034558536,6.4020209312438965,-2.4444985389709473
8.53176999092102,0.01877144935363603,-0.07505310326814651,0.09382455262178255,6.434737205505371,-2.4444544315338135
8.565504312515259,0.023592569800785793,-0.07498833537101746,0.09858090517180325,6.467580318450928,-2.4444708824157715
8.598702430725098,0.028531496169712216,-0.07452056556940079,0.10305206173911301,6.508769989013672,-2.4445831775665283
8.631784200668335,0.04005214913477047,-0.07388850301504135,0.11394065214981182,6.541802883148193,-2.4447641372680664
8.66586709022522,0.04620679012882397,-0.0733153447508812,0.11952213487970517,6.566612720489502,-2.4449517726898193
8.698756217956543,0.05439427439391611,-0.07223077863454819,0.1266250530284643,6.607985496520996,-2.4453561305999756
8.731812953948975,0.06576967443146524,-0.07132817059755325,0.1370978450290185,6.641081809997559,-2.445723295211792
8.765252351760864,0.07673650324564915,-0.0704144760966301,0.14715097934227925,6.674134254455566,-2.4461331367492676
8.798540830612183,0.08742377596420692,-0.06947939097881317,0.1569031669430201,6.70709753036499,-2.446575164794922
8.831707239151001,0.09568768217096013,-0.06839298456907272,0.16408066674003285,6.748179912567139,-2.447171449661255
8.865457773208618,0.1033543344964331,-0.0678512379527092,0.1712055724491423,6.772768020629883,-2.4475197792053223
8.899073600769043,0.10953076100211381,-0.06723383814096451,0.17676459914307832,6.805468559265137,-2.4479246139526367
8.932114601135254,0.11251094443304553,-0.06669031828641891,0.17920126271946446,6.838078498840332,-2.4482550621032715
8.96515679359436,0.11410325197770912,-0.06609401106834412,0.18019726304605324,6.878706455230713,-2.4486377239227295
8.999081373214722,0.11636208451754732,-0.06570247560739517,0.1820645601249425,6.91105842590332,-2.4489707946777344
9.031991958618164,0.11407019802560839,-0.06541798263788223,0.17948818066349062,6.943327903747559,-2.4493134021759033
9.065322399139404,0.11570941523741586,-0.0651838406920433,0.18089325592945915,6.97546911239624,-2.449640989303589
9.098530530929565,0.11156221767356578,-0.06499579548835754,0.17655801316192332,7.015480995178223,-2.4499404430389404
9.13208293914795,0.10742985785601505,-0.06491734087467194,0.172347198730687,7.03939962387085,-2.4501125812530518
9.165178537368774,0.10329851805652612,-0.06481271237134933,0.16811123042787546,7.079207897186279,-2.4503226280212402
9.198512554168701,0.09503885292879156,-0.06476853787899017,0.15980739080778172,7.1110076904296875,-2.45052433013916
9.231817722320557,0.08678312102720873,-0.06474866718053818,0.1515317882077469,7.142767429351807,-2.450732707977295
9.265251398086548,0.07853120714060678,-0.06471956521272659,0.1432507723533334,7.182445049285889,-2.451019048690796
9.298425197601318,0.07092530899301362,-0.06468939781188965,0.13561470680490328,7.206245422363281,-2.4512133598327637
9.331924438476562,0.0661602164710626,-0.06459956616163254,0.13075978263269514,7.237947940826416,-2.4515109062194824
9.365293025970459,0.05976710835981972,-0.06438782066106796,0.12415492902088768,7.269646644592285,-2.4518632888793945
9.398470401763916,0.05566359596391768,-0.0638827234506607,0.11954631941457838,7.309240818023682,-2.4523394107818604
9.432190179824829,0.04973281494052901,-0.06346172094345093,0.11319453588397993,7.333006858825684,-2.452662944793701
9.4652099609375,0.04446304468071513,-0.06276268512010574,0.10722572980082087,7.364758491516113,-2.45310640335083
9.49841570854187,0.04228273583787475,-0.06171231344342232,0.10399504928129708,7.404544353485107,-2.453744888305664
9.531992197036743,0.041635131194304405,-0.060766492038965225,0.10240162323326962,7.4364848136901855,-2.454317569732666
9.565288066864014,0.04281763381377861,-0.059669069945812225,0.10248670375959083,7.468559741973877,-2.4549288749694824
9.5984046459198,0.0457727161419162,-0.058164846152067184,0.10393756229398338,7.508806228637695,-2.4557602405548096
9.631827592849731,0.0499105684858822,-0.05716152489185333,0.10707209337773553,7.532995223999023,-2.4562835693359375
9.66562008857727,0.05271376609289305,-0.05569390207529068,0.10840766816818373,7.565364837646484,-2.4570271968841553
9.698558568954468,0.05819370529542132,-0.053136203438043594,0.1113299087334649,7.614152431488037,-2.4582901000976562
9.731947898864746,0.0626854790780064,-0.051754821091890335,0.11444030016989673,7.638609886169434,-2.4589550495147705
9.765348672866821,0.07891863036008225,-0.04982536658644676,0.128743996946529,7.671344757080078,-2.459862232208252
9.79855489730835,0.07891863036008225,-0.048291344195604324,0.12720997455568656,7.695952892303467,-2.460585594177246
9.831875562667847,0.08581936806436528,-0.045697905123233795,0.1315172731875991,7.737000942230225,-2.4617340564727783
9.865338802337646,0.09552070732984201,-0.04365978762507439,0.1391804949549164,7.7699127197265625,-2.4625837802886963
9.8984854221344,0.103821000999904,-0.04169192165136337,0.14551292265126736,7.802898406982422,-2.463374376296997
9.932096242904663,0.11070868672705533,-0.03942956402897835,0.15013825075603368,7.844241142272949,-2.464257001876831
9.965188980102539,0.11966960559677645,-0.03785330802202225,0.1575229136187987,7.877357482910156,-2.464897394180298
9.998521566390991,0.12797583741478213,-0.03649265319108963,0.16446849060587176,7.91044282913208,-2.4654810428619385
10.031753540039062,0.1356165713491264,-0.03540444001555443,0.17102101136468084,7.943449020385742,-2.466052293777466
10.065170288085938,0.14199358160698036,-0.03459858149290085,0.1765921630998812,7.9763898849487305,-2.46655011177063
10.098516464233398,0.14550421837785105,-0.03405497595667839,0.17955919433452944,8.009262084960938,-2.4669997692108154
10.131734609603882,0.1469823724726538,-0.03384021669626236,0.18082258916891616,8.050260543823242,-2.467494249343872
10.165119886398315,0.1469778588350636,-0.034025587141513824,0.18100344597657742,8.083061218261719,-2.4678075313568115
10.198544263839722,0.14416077808024755,-0.03449251130223274,0.1786532893824803,8.11591911315918,-2.4680442810058594
10.23175859451294,0.1428239464031053,-0.035398080945014954,0.17822202734812026,8.15709400177002,-2.4681522846221924
10.265392780303955,0.13496843474418033,-0.03605656325817108,0.1710249980023514,8.181835174560547,-2.4681649208068848
10.2984037399292,0.1299157488738799,-0.037085361778736115,0.16700111065261602,8.214932441711426,-2.468116283416748
10.331738233566284,0.1299157488738799,-0.03855285421013832,0.16846860308401823,8.256477355957031,-2.4680278301239014
10.365074396133423,0.12385177978931965,-0.039850976318120956,0.16370275610744062,8.28985595703125,-2.467958927154541
10.398406505584717,0.1099489306294298,-0.04087397828698158,0.15082290891641137,8.314995765686035,-2.467926263809204
10.431743860244751,0.10429554374416289,-0.04272085055708885,0.14701639430125174,8.357061386108398,-2.46791410446167
10.465085506439209,0.10429554374416289,-0.044267166405916214,0.1485627101500791,8.390849113464355,-2.46791410446167
10.498408794403076,0.0923450286160007,-0.045820411294698715,0.1381654399106994,8.42475414276123,-2.467944622039795
10.531725406646729,0.08817134327959886,-0.047683171927928925,0.13585451520752778,8.467252731323242,-2.46806001663208
10.565122127532959,0.08333754344601038,-0.04902924597263336,0.13236678941864374,8.501279830932617,-2.4682159423828125
10.598474502563477,0.08333754344601038,-0.05024188011884689,0.13357942356485727,8.535286903381348,-2.468449592590332
10.631813287734985,0.07496816814705269,-0.051044296473264694,0.1260124646203174,8.560734748840332,-2.468693494796753
10.665205955505371,0.07323774399526883,-0.052182767540216446,0.12542051153548528,8.60293197631836,-2.469169855117798
10.69841456413269,0.07078679214939781,-0.05291719362139702,0.12370398577079483,8.636537551879883,-2.4696173667907715
10.731786251068115,0.07186458680193793,-0.05347594991326332,0.12534053671520123,8.669976234436035,-2.4701285362243652
10.765209913253784,0.06970771765983799,-0.05398009717464447,0.12368781483448246,8.711515426635742,-2.470877170562744
10.798404216766357,0.0708863482226879,-0.05418900027871132,0.12507534850139923,8.73630142211914,-2.471339702606201
10.831758260726929,0.07039644366449721,-0.05431878939270973,0.12471523305720694,8.769144058227539,-2.4720587730407715
10.865062236785889,0.07017872500569512,-0.054233748465776443,0.12441247347147157,8.809901237487793,-2.472975730895996
10.898415327072144,0.07423302829648033,-0.05399128422141075,0.12822431251789107,8.842239379882812,-2.4737303256988525
10.931739568710327,0.07605793693768872,-0.0535903163254261,0.12964825326311483,8.87432861328125,-2.474553108215332
10.965091466903687,0.0792378556403193,-0.052843570709228516,0.1320814263495478,8.91415023803711,-2.4756417274475098
10.998793125152588,0.08157795223716158,-0.052292052656412125,0.1338700048935737,8.937911033630371,-2.4762778282165527
11.031734943389893,0.0834309050171403,-0.05144743621349335,0.13487834123063364,8.969467163085938,-2.4771316051483154
11.065069675445557,0.08520435454771903,-0.05053798481822014,0.13574233936593916,9.000914573669434,-2.4780235290527344
11.098423480987549,0.09102116486506992,-0.04938126727938652,0.14040243214445644,9.040083885192871,-2.479092597961426
11.131732702255249,0.09597332803510722,-0.04848610237240791,0.14445943040751513,9.071328163146973,-2.47987699508667
11.165073156356812,0.09970989414567473,-0.04783189296722412,0.14754178711289884,9.094701766967773,-2.480421304702759
11.198399305343628,0.10250207640769451,-0.04680454730987549,0.14930662371757,9.141371726989746,-2.481379508972168
11.23186993598938,0.10434371825767318,-0.046433206647634506,0.1507769249053077,9.164705276489258,-2.4817748069763184
11.265130043029785,0.10460386918925117,-0.04608308523893356,0.15068695442818475,9.195868492126465,-2.4822330474853516
11.298393964767456,0.10654956001603352,-0.04587933048605919,0.1524288905020927,9.234886169433594,-2.4827187061309814
11.331737756729126,0.1093573119811272,-0.04586036130785942,0.1552176732889866,9.266130447387695,-2.4830515384674072
11.365096092224121,0.11088088795800047,-0.04594932869076729,0.15683021664876776,9.289580345153809,-2.483236074447632
11.398396253585815,0.11019120272002404,-0.04645460844039917,0.1566458111604232,9.336577415466309,-2.4835433959960938
11.431877851486206,0.10878930114672256,-0.046832259744405746,0.1556215608911283,9.360107421875,-2.4836676120758057
11.465103387832642,0.11089329691501447,-0.047471098601818085,0.15836439551683257,9.391511917114258,-2.4838290214538574
11.498395204544067,0.11089329691501447,-0.048446714878082275,0.15934001179309676,9.430770874023438,-2.483959436416626
11.531789064407349,0.11019052549653649,-0.04932703450322151,0.159517559999758,9.462199211120605,-2.4840972423553467
11.565181016921997,0.11089329691501447,-0.05002504214644432,0.1609183390614588,9.485790252685547,-2.4842307567596436
11.598373413085938,0.11089989561946213,-0.05122102424502373,0.16212091986448585,9.525155067443848,-2.484498977661133
11.631732940673828,0.10880810720703714,-0.05224885791540146,0.1610569651224386,9.556683540344238,-2.484710454940796
11.665062427520752,0.10963201197690034,-0.053302716463804245,0.16293472844070458,9.5882568359375,-2.4849305152893066
11.69842529296875,0.11094076673602314,-0.05436539649963379,0.16530616323565694,9.619852066040039,-2.485121488571167
11.731881856918335,0.11203996141592736,-0.055680178105831146,0.16772013952175852,9.659366607666016,-2.485396146774292
11.7650887966156,0.11019114705140037,-0.05675070732831955,0.16694185437971992,9.690979957580566,-2.485574722290039
11.798419713973999,0.1101922379499668,-0.057593926787376404,0.1677861647373432,9.71469497680664,-2.48569393157959
11.831740617752075,0.10783086862695863,-0.05878554284572601,0.16661641147268463,9.746370315551758,-2.4858479499816895
11.865062236785889,0.1060069872938025,-0.06030217185616493,0.1663091591499674,9.786117553710938,-2.485987901687622
11.898406028747559,0.10362390234241071,-0.06153165549039841,0.1651555578328091,9.818017959594727,-2.4860780239105225
11.931735277175903,0.1018218712289063,-0.06246757134795189,0.16428944257685818,9.842011451721191,-2.4861245155334473
11.965068578720093,0.09941782491831481,-0.06442712247371674,0.16384494739203154,9.890108108520508,-2.4862284660339355
11.998429775238037,0.09763840318109292,-0.06542440503835678,0.16306280821944968,9.914228439331055,-2.486288547515869
12.03174376487732,0.09413477772320233,-0.06680019944906235,0.16093497717226468,9.9464750289917,-2.4863522052764893
12.065181732177734,0.0910071878896987,-0.06862954795360565,0.15963673584330434,9.98694133758545,-2.4864237308502197
12.09841537475586,0.0910071878896987,-0.07011530548334122,0.1611224933730399,10.01941967010498,-2.486543655395508
12.13176417350769,0.08611362760822003,-0.07120414078235626,0.1573177683905763,10.043804168701172,-2.4866480827331543
12.165201902389526,0.08294887898420474,-0.07324820011854172,0.15619707910274644,10.092623710632324,-2.486877679824829
12.198418378829956,0.07768995315460568,-0.07418333739042282,0.15187329054502852,10.117040634155273,-2.487048864364624
12.2318115234375,0.07660536097568926,-0.07532000541687012,0.15192536639255938,10.149628639221191,-2.487328052520752
12.26519513130188,0.07596287879073783,-0.07657259702682495,0.15253547581756277,10.190378189086914,-2.487734079360962
12.298402786254883,0.07348102427976,-0.07745343446731567,0.15093445874707567,10.222914695739746,-2.4880788326263428
12.331771612167358,0.07134646096010704,-0.0782223641872406,0.14956882514734765,10.255326271057129,-2.4883880615234375
12.365113258361816,0.07134646096010704,-0.07885787636041641,0.15020433732052346,10.287592887878418,-2.488685369491577
12.398399114608765,0.07139838509906961,-0.0793658196926117,0.1507642047916813,10.319762229919434,-2.4889655113220215
12.431786298751831,0.06898609801242864,-0.07970695942640305,0.14869305743883168,10.351808547973633,-2.4892616271972656
12.465062379837036,0.06999790929615383,-0.07992476969957352,0.14992267899572737,10.391672134399414,-2.4896562099456787
12.498399257659912,0.07034891976521389,-0.07995100319385529,0.1502999229590692,10.423439025878906,-2.4899370670318604
12.531777381896973,0.07038545615495652,-0.07990635186433792,0.15029180801929443,10.447226524353027,-2.4901254177093506
12.565059661865234,0.07133970460388202,-0.07967541366815567,0.15101511827203767,10.49474811553955,-2.490569591522217
12.598403453826904,0.07456662634135322,-0.07947424799203873,0.15404087433339195,10.51848030090332,-2.4908084869384766
12.631751775741577,0.07681061837985141,-0.07914511114358902,0.15595572952344045,10.55007553100586,-2.491122007369995
12.665229082107544,0.07743445833187539,-0.07866326719522476,0.15609772552710016,10.589430809020996,-2.4915099143981934
12.698394298553467,0.07968350559307853,-0.07823226600885391,0.15791577160193243,10.620749473571777,-2.491823673248291
12.731791734695435,0.08181714565835176,-0.07778022438287735,0.1595973700412291,10.651885986328125,-2.4921188354492188
12.76508903503418,0.08516772490572971,-0.07743033766746521,0.16259806257319492,10.675117492675781,-2.4923384189605713
12.798398733139038,0.08621889952181347,-0.07678403705358505,0.16300293657539852,10.713639259338379,-2.4926745891571045
12.831886529922485,0.08719998469814347,-0.07618346810340881,0.16338345280155228,10.74432373046875,-2.4928834438323975
12.86522626876831,0.08808184212204241,-0.0755302682518959,0.1636121103739383,10.774907112121582,-2.4930148124694824
12.898472785949707,0.08999449290251829,-0.07467827945947647,0.16467277236199476,10.812987327575684,-2.4930918216705322
12.931705236434937,0.09362306345158702,-0.0741712898015976,0.16779435325318462,10.83577823638916,-2.4930579662323
12.965076208114624,0.09565521241202486,-0.0734962522983551,0.16915146471037995,10.866127967834473,-2.493025541305542
12.998432874679565,0.09979794544106238,-0.07284745573997498,0.17264540118103736,10.896472930908203,-2.4930570125579834
13.031734466552734,0.10108431672893843,-0.07210877537727356,0.17319309210621198,10.934409141540527,-2.493190050125122
13.065155506134033,0.10399671443626582,-0.0715605840086937,0.17555729844495951,10.96474552154541,-2.493394613265991
13.09846019744873,0.1062399502587516,-0.07119189947843552,0.17743184973718712,10.987495422363281,-2.4935801029205322
13.131794691085815,0.1050036987301866,-0.07061708718538284,0.17562078591556946,11.033074378967285,-2.494032859802246
13.165154457092285,0.10564134766605819,-0.07043801248073578,0.17607936014679398,11.055907249450684,-2.4943385124206543
13.198415040969849,0.10675301103746336,-0.0702836662530899,0.17703667729055328,11.086386680603027,-2.494778633117676
13.23173451423645,0.10817082826124197,-0.07024022191762924,0.1784110501788712,11.124578475952148,-2.4954471588134766
13.265065431594849,0.10707981056050989,-0.07029663026332855,0.17737644082383844,11.155189514160156,-2.4960389137268066
13.298454999923706,0.10674397931906922,-0.0704452395439148,0.177189218862984,11.18584156036377,-2.496628999710083
13.331730127334595,0.10674052255051884,-0.07074958831071854,0.1774901108612374,11.22420597076416,-2.4973561763763428
13.365190744400024,0.10829349871998141,-0.07099846005439758,0.17929195877437898,11.247265815734863,-2.497779130935669
13.398423910140991,0.10829635795176326,-0.07143061608076096,0.17972697403252422,11.278080940246582,-2.4982776641845703
13.43172812461853,0.10829987739532777,-0.07213231921195984,0.1804321966072876,11.316754341125488,-2.498730182647705
13.465177774429321,0.1071487795376035,-0.07278809696435928,0.17993687650196277,11.347830772399902,-2.4990181922912598
13.498419046401978,0.10673381862492679,-0.0735304206609726,0.18026423928589938,11.379077911376953,-2.49926495552063
13.531729221343994,0.10513556927635123,-0.07437077164649963,0.17950634092285087,11.41053581237793,-2.499436855316162
13.565197944641113,0.1053160197353594,-0.07530135661363602,0.1806173763489954,11.442268371582031,-2.499535322189331
13.598423957824707,0.10303103237741744,-0.07626228779554367,0.17929332017296112,11.47433090209961,-2.499577522277832
13.63186264038086,0.10393422379555635,-0.0774432122707367,0.18137743606629303,11.514873504638672,-2.499530076980591
13.665062665939331,0.10411659648653489,-0.07834397256374359,0.18246056905027846,11.547659873962402,-2.499368667602539
13.698426246643066,0.10412350704261149,-0.07920224219560623,0.1833257492382177,11.580734252929688,-2.4991984367370605
13.731791019439697,0.10710811575404275,-0.07983273267745972,0.18694084843150247,11.605661392211914,-2.499068021774292
13.765206098556519,0.1071487795376035,-0.08085037767887115,0.18799915721647464,11.647481918334961,-2.498856782913208
13.798405408859253,0.10973969180667638,-0.08165939897298813,0.1913990907796645,11.681168556213379,-2.498676300048828
13.831880331039429,0.10972534517165049,-0.08247280865907669,0.1921981538307272,11.715054512023926,-2.498492479324341
13.865043640136719,0.10828977656841508,-0.0835123062133789,0.191802082781794,11.75760555267334,-2.4982750415802
13.898401737213135,0.10640584776454652,-0.0843556746840477,0.19076152244859423,11.79174518585205,-2.4981236457824707
13.931854963302612,0.1070520892028669,-0.08499934524297714,0.19205143444584405,11.817380905151367,-2.4980268478393555
13.96523904800415,0.10819072294389537,-0.08585274964570999,0.19404347258960536,11.851539611816406,-2.497880220413208
13.998417854309082,0.1062291028815843,-0.08690418303012848,0.19313328591171278,11.89411735534668,-2.4977269172668457
14.031738758087158,0.10261576936946384,-0.08772820234298706,0.1903439717124509,11.928055763244629,-2.4976718425750732
14.065132856369019,0.10139334457332094,-0.08850111067295074,0.1898944552462717,11.961860656738281,-2.497690200805664
14.098400592803955,0.1019635872091305,-0.08933912217617035,0.19130270938530086,12.003929138183594,-2.49784517288208
14.131876230239868,0.09845030743450646,-0.08973349630832672,0.18818380374283317,12.029091835021973,-2.4980106353759766
14.165236473083496,0.09778176865170142,-0.09013930708169937,0.18792107573340078,12.06256103515625,-2.498317003250122
14.19839882850647,0.09298168881590563,-0.09046541154384613,0.18344710035975176,12.104316711425781,-2.498812198638916
14.231789588928223,0.09358004691351292,-0.09061381220817566,0.18419385912168856,12.137646675109863,-2.4992551803588867
14.26516604423523,0.09003678089212026,-0.09068696945905685,0.1807237503511771,12.170843124389648,-2.4996755123138428
14.2984037399292,0.088775697717352,-0.09062318503856659,0.1793988827559186,12.212189674377441,-2.500251293182373
14.331738233566284,0.08857851718309398,-0.09047301113605499,0.17905152831914897,12.236955642700195,-2.5006258487701416
14.365256786346436,0.08719284623508396,-0.0901472195982933,0.17734006583337725,12.269923210144043,-2.50114369392395
14.398396253585815,0.086225017958281,-0.0895209014415741,0.1757459193998551,12.311047554016113,-2.5017855167388916
14.431795120239258,0.08278466275569735,-0.08878214657306671,0.17156680932876406,12.343896865844727,-2.5022711753845215
14.465131998062134,0.08436929628120209,-0.08782907575368881,0.1721983720348909,12.376729011535645,-2.5026698112487793
14.498400688171387,0.08437263792276171,-0.08637431263923645,0.17074695056199818,12.417786598205566,-2.503040075302124
14.531749248504639,0.0828163561997252,-0.08538702130317688,0.1682033775029021,12.442456245422363,-2.5032193660736084
14.565120220184326,0.0828163561997252,-0.08394723385572433,0.16676359005544955,12.475406646728516,-2.5034291744232178
14.5984628200531,0.0860478666537093,-0.08239077776670456,0.16843864442041384,12.508419036865234,-2.5036063194274902
14.631728410720825,0.08907835331965361,-0.08034684509038925,0.16942519841004286,12.549731254577637,-2.5037567615509033
14.665201187133789,0.09138939725733751,-0.07870445400476456,0.17009385126210208,12.582783699035645,-2.5038328170776367
14.698418855667114,0.09442149747657395,-0.0774877741932869,0.17190927166986086,12.60757064819336,-2.5038323402404785
14.731825828552246,0.09442149747657395,-0.07548188418149948,0.16990338165807345,12.648801803588867,-2.5038485527038574
14.765071630477905,0.09442149747657395,-0.07386364787817001,0.16828514535474398,12.681670188903809,-2.5038435459136963
14.79841160774231,0.09861886038905993,-0.07223516702651978,0.1708540274155797,12.714478492736816,-2.503782033920288
14.831715822219849,0.10365812323022829,-0.07018902152776718,0.17384714475799545,12.755438804626465,-2.503598213195801
14.865072250366211,0.10701154287979403,-0.06848907470703125,0.17550061758682528,12.788154602050781,-2.503328561782837
14.898414611816406,0.1111872616810148,-0.06718437373638153,0.1783716354173963,12.812684059143066,-2.5031166076660156
14.932042360305786,0.11120733031566973,-0.06496745347976685,0.17617478379543658,12.853562355041504,-2.5027825832366943
14.965122938156128,0.1195566439626273,-0.06317523866891861,0.1827318826315459,12.886261940002441,-2.502504825592041
14.998411178588867,0.12380769098131654,-0.06137042120099068,0.18517811218230723,12.918983459472656,-2.502206802368164
15.031776905059814,0.13211191388119434,-0.05955003947019577,0.1916619533513901,12.951723098754883,-2.501864194869995
15.065101861953735,0.13642345357647392,-0.05730532482266426,0.19372877839913819,12.992646217346191,-2.501397132873535
15.098416328430176,0.14063225974443427,-0.055997177958488464,0.19662943770292274,13.01720905303955,-2.5011332035064697
15.131792545318604,0.14484233231152216,-0.05432119965553284,0.199163531967055,13.049956321716309,-2.5007989406585693
15.165086269378662,0.1490536805529185,-0.05233711376786232,0.20139079432078083,13.090856552124023,-2.5004935264587402
15.19845461845398,0.1532634673666165,-0.05085495859384537,0.20411842596046187,13.123505592346191,-2.5002877712249756
15.231900930404663,0.15479519595952182,-0.049466706812381744,0.20426190277190356,13.15613079071045,-2.500089406967163
15.26506495475769,0.1574735773549983,-0.04784258082509041,0.20531615818008872,13.196877479553223,-2.4997968673706055
15.298412561416626,0.1574735773549983,-0.046943943947553635,0.20441752130255195,13.221327781677246,-2.4995644092559814
15.331913232803345,0.15897562592736778,-0.04585984721779823,0.204835473145166,13.253846168518066,-2.4992260932922363
15.365065574645996,0.15955032791332044,-0.04467756673693657,0.204227894650257,13.294394493103027,-2.4987196922302246
15.398396730422974,0.15897545720973716,-0.0438847690820694,0.20286022629180656,13.326726913452148,-2.498253345489502
15.431752681732178,0.15747246016412494,-0.04319152608513832,0.20066398624926327,13.358935356140137,-2.4977774620056152
15.465061664581299,0.15479430484230858,-0.04244576022028923,0.1972400650625978,13.399026870727539,-2.497203826904297
15.498399257659912,0.15479430484230858,-0.042056113481521606,0.19685041832383018,13.42306137084961,-2.4968769550323486
15.531796216964722,0.1500542589808814,-0.04160083830356598,0.19165509728444738,13.455083847045898,-2.4964540004730225
15.565162181854248,0.1500542589808814,-0.04108777642250061,0.191142035403382,13.495064735412598,-2.495911121368408
15.598403692245483,0.14165713185350873,-0.0406985804438591,0.18235571229736783,13.527020454406738,-2.4954676628112793
15.631886959075928,0.14165713185350873,-0.04039549455046654,0.18205262640397527,13.551016807556152,-2.4951398372650146
15.665148258209229,0.14165713185350873,-0.0399896539747715,0.18164678582828023,13.58310604095459,-2.4946939945220947
15.698451280593872,0.13225962632854688,-0.03947092592716217,0.17173055225570905,13.623437881469727,-2.494128465652466
15.731756448745728,0.1302321859704977,-0.03902940824627876,0.16926159421677647,13.655898094177246,-2.4936680793762207
15.765112161636353,0.12907472383950766,-0.03854913264513016,0.16762385648463782,13.68853759765625,-2.4932239055633545
15.79846715927124,0.1276234147458897,-0.03800263628363609,0.1656260510295258,13.721375465393066,-2.4927878379821777
15.831776142120361,0.12417002224820003,-0.03729870915412903,0.16146873140232906,13.762685775756836,-2.492323637008667
15.865095138549805,0.1246767452607986,-0.0368792898952961,0.16155603515609468,13.787585258483887,-2.4921278953552246
15.898444414138794,0.12342488479105525,-0.03632776811718941,0.15975265290824464,13.820880889892578,-2.491985559463501
15.931739568710327,0.12152793183369992,-0.03564947843551636,0.15717741026921628,13.86263370513916,-2.491946220397949
15.965097665786743,0.12152793183369992,-0.03506731614470482,0.15659524797840474,13.896143913269043,-2.491978168487549
15.99851679801941,0.11964268096807261,-0.03442753106355667,0.1540702120316293,13.929719924926758,-2.4920613765716553
16.031753540039062,0.12070091848980792,-0.03373757377266884,0.15443849226247675,13.963333129882812,-2.4921538829803467
16.065149545669556,0.12255414186000609,-0.03304063901305199,0.15559478087305806,13.997013092041016,-2.4922547340393066
16.098469972610474,0.12468717898033968,-0.03234495222568512,0.1570321312060248,14.03076171875,-2.4923453330993652
16.13173747062683,0.12557084060253174,-0.03145112097263336,0.1570219615751651,14.073015213012695,-2.49238920211792
16.165080308914185,0.1292408284604922,-0.0307477954775095,0.1599886239380017,14.106880187988281,-2.492396831512451
16.19849157333374,0.13025356785126962,-0.03009112738072872,0.16034469523199835,14.140761375427246,-2.4924261569976807
16.231744527816772,0.13223859676378846,-0.029495777562260628,0.1617343743260491,14.174623489379883,-2.49251389503479
16.265142917633057,0.1364353473047794,-0.02895907126367092,0.16539441856845033,14.208415031433105,-2.49257493019104
16.298523902893066,0.142259911266136,-0.028480559587478638,0.17074047085361463,14.242135047912598,-2.4927186965942383
16.331737995147705,0.14849771373319465,-0.02796030417084694,0.1764580179040416,14.284114837646484,-2.4930264949798584
16.36508584022522,0.15177307425024197,-0.027661027386784554,0.17943410163702653,14.317460060119629,-2.4932663440704346
16.398462057113647,0.15595081702801825,-0.027470281347632408,0.18342109837565065,14.342350006103516,-2.4934489727020264
16.431776762008667,0.16013179991753915,-0.0272561926394701,0.18738799255700925,14.375364303588867,-2.493657350540161
16.465137481689453,0.1659069873836021,-0.02705816738307476,0.19296515476667686,14.416322708129883,-2.4938082695007324
16.49844193458557,0.17012983396117826,-0.026946881785988808,0.19707671574716706,14.448812484741211,-2.493826389312744
16.53186345100403,0.17363304071209462,-0.026916654780507088,0.2005496954926017,14.481033325195312,-2.493762969970703
16.56508469581604,0.1757208116803561,-0.027031341567635536,0.20275215324799165,14.520927429199219,-2.493600606918335
16.598447561264038,0.17913611462846094,-0.02719513140618801,0.20633124603464895,14.54461669921875,-2.4934887886047363
16.63178300857544,0.17990994018227438,-0.027514880523085594,0.20742482070535997,14.575998306274414,-2.493359327316284
16.665453672409058,0.17990741298037166,-0.028125789016485214,0.20803320199685688,14.614917755126953,-2.493255853652954
16.69846773147583,0.17914257483239523,-0.02881310135126114,0.20795567618365637,14.6458101272583,-2.4932641983032227
16.731798887252808,0.17571517715714177,-0.029767902567982674,0.20548307972512445,14.676472663879395,-2.4933598041534424
16.76518750190735,0.17434335649636135,-0.030948003754019737,0.20529136025038108,14.706905364990234,-2.493540048599243
16.7984561920166,0.16845297407716414,-0.03228477016091347,0.2007377442380776,14.7371187210083,-2.493783712387085
16.831782341003418,0.1637274811726728,-0.033719249069690704,0.1974467302423635,14.767157554626465,-2.494102954864502
16.865211725234985,0.15747513132534396,-0.03522339090704918,0.19269852223239314,14.7970609664917,-2.494504690170288
16.89845561981201,0.1490571415259803,-0.03720684349536896,0.18626398502134925,14.834380149841309,-2.495143175125122
16.931906938552856,0.14227127882105375,-0.038829680532217026,0.18110095935327078,14.864251136779785,-2.495755195617676
16.965184450149536,0.1391196635809836,-0.0400499664247036,0.1791696300056872,14.886693000793457,-2.4962244033813477
16.998411893844604,0.12907556976903625,-0.04201669618487358,0.17109226595390983,14.924230575561523,-2.4969654083251953
17.031843423843384,0.12583290514604872,-0.04349781572818756,0.16933072087423628,14.95439338684082,-2.497542142868042
17.06519865989685,0.11968788789126826,-0.044896967709064484,0.16458485560033276,14.984694480895996,-2.498133420944214
17.098422050476074,0.11549460355943211,-0.04651839658617973,0.16201300014561185,15.022860527038574,-2.498870849609375
17.131766080856323,0.11303348414521272,-0.04772202670574188,0.1607555108509546,15.053672790527344,-2.4994759559631348
17.16521716117859,0.11131412270995263,-0.04852921888232231,0.15984334159227492,15.076948165893555,-2.4999918937683105
17.198435068130493,0.1113027096354155,-0.04973744973540306,0.16104015937081856,15.115962982177734,-2.5007853507995605
17.23174238204956,0.1113027096354155,-0.050488200038671494,0.161790909674087,15.147379875183105,-2.5012991428375244
17.265199899673462,0.1092576118460096,-0.051027532666921616,0.16028514451293122,15.178934097290039,-2.5017521381378174
17.29842448234558,0.11127147943382276,-0.051367826759815216,0.16263930619363798,15.218489646911621,-2.50221848487854
17.3317768573761,0.1123204784840232,-0.051362279802560806,0.16368275828658402,15.250181198120117,-2.502533435821533
17.36516308784485,0.11544722865508407,-0.0511748306453228,0.16662205930040686,15.273969650268555,-2.5027692317962646
17.39849352836609,0.11651928590108997,-0.050784263759851456,0.1673035496609414,15.305733680725098,-2.5030481815338135
17.431997776031494,0.11961683372302323,-0.050062861293554306,0.16967969501657754,15.345442771911621,-2.503361225128174
17.465102672576904,0.1213854657354742,-0.04932994395494461,0.17071540969041882,15.37713623046875,-2.503526449203491
17.49844455718994,0.1258329051498944,-0.04842999577522278,0.17426290092511718,15.40872859954834,-2.503648519515991
17.532015800476074,0.12471787771528517,-0.047150447964668274,0.17186832567995344,15.448075294494629,-2.5036656856536865
17.565175533294678,0.12801282336937794,-0.04630003869533539,0.17431286206471333,15.471563339233398,-2.5035805702209473
17.598625898361206,0.12800959403321616,-0.04510847479104996,0.1731180688242661,15.502761840820312,-2.5033798217773438
17.631900548934937,0.12800959403321616,-0.043862778693437576,0.17187237272665373,15.533784866333008,-2.503159999847412
17.665135383605957,0.12972645268580993,-0.042272087186574936,0.17199853987238486,15.572335243225098,-2.5029377937316895
17.69851803779602,0.1294196946648449,-0.040925055742263794,0.1703447504071087,15.602980613708496,-2.502819061279297
17.73189401626587,0.12802116355280918,-0.03954583778977394,0.16756700134258312,15.633500099182129,-2.5027291774749756
17.7651047706604,0.12556335312776074,-0.03807597979903221,0.16363933292679295,15.663867950439453,-2.5026302337646484
17.7984836101532,0.12383969365207159,-0.03650936484336853,0.16034905849544012,15.694167137145996,-2.5025229454040527
17.831851959228516,0.12047389837692686,-0.03480539843440056,0.1552792968113274,15.724410057067871,-2.502429246902466
17.865173816680908,0.11965909831710438,-0.03251931816339493,0.1521784164804993,15.762187957763672,-2.502397298812866
17.89849615097046,0.1196134217974176,-0.030526157468557358,0.15013957926597496,15.792409896850586,-2.5024895668029785
17.931862354278564,0.11925743300868263,-0.028446195647120476,0.1477036286558031,15.822697639465332,-2.5026328563690186
17.96515941619873,0.11926402912393655,-0.025722064077854156,0.1449860932017907,15.860651016235352,-2.5028467178344727
17.998462200164795,0.12045861999993719,-0.02398349903523922,0.1444421190351764,15.883417129516602,-2.5029759407043457
18.03182554244995,0.12069554654484191,-0.021608131006360054,0.14230367755120196,15.913860321044922,-2.503124713897705
18.06514620780945,0.12466800868749683,-0.018546143546700478,0.1432141522341973,15.952047348022461,-2.503270387649536
18.098511934280396,0.12560763582546527,-0.016141781583428383,0.14174941740889366,15.982699394226074,-2.5033211708068848
18.13196635246277,0.12836259952879356,-0.013809965923428535,0.1421725654522221,16.013458251953125,-2.5033693313598633
18.16510009765625,0.13229587824498312,-0.011523851193487644,0.14381972943847077,16.044326782226562,-2.5034220218658447
18.198468446731567,0.13756628525178433,-0.009280374273657799,0.14684665952544212,16.07526206970215,-2.5035011768341064
18.231918811798096,0.13812034727301423,-0.007128666155040264,0.1452490134280545,16.106277465820312,-2.5035853385925293
18.265191316604614,0.14094253086643976,-0.004563885275274515,0.14550641614171428,16.145021438598633,-2.503694772720337
18.29848551750183,0.1457278287696226,-0.002652824856340885,0.14838065362596348,16.17597198486328,-2.5038368701934814
18.331902027130127,0.1491078207815854,-0.0008144606254063547,0.14992228140699176,16.206918716430664,-2.5039806365966797
18.36506199836731,0.1542337518857691,0.0009762911940924823,0.15325746069167662,16.237802505493164,-2.504157543182373
18.398495197296143,0.159478475097765,0.0026980361435562372,0.15678043895420876,16.268625259399414,-2.504354238510132
18.431900024414062,0.16319054933837576,0.004299051593989134,0.15889149774438663,16.29939079284668,-2.504547595977783
18.46515965461731,0.17156537929188603,0.006182676646858454,0.16538270264502758,16.337778091430664,-2.5047731399536133
18.4984073638916,0.17505686940418047,0.007611149922013283,0.1674457194821672,16.368457794189453,-2.5048727989196777
18.53239107131958,0.1792428200010242,0.00889848917722702,0.17034433082379719,16.39910888671875,-2.5049242973327637
18.565373420715332,0.1876180973349359,0.009980792179703712,0.17763730515523218,16.429710388183594,-2.5048677921295166
18.598412036895752,0.1918073732567379,0.011111995205283165,0.18069537805145475,16.467891693115234,-2.5046863555908203
18.631909370422363,0.19523920787831675,0.011652551591396332,0.18358665628692042,16.490793228149414,-2.5045223236083984
18.665279865264893,0.19601668175558362,0.012185830622911453,0.18383085113267217,16.52134895324707,-2.5042736530303955
18.698433876037598,0.19709050508557643,0.012518898583948612,0.18457160650162782,16.559669494628906,-2.503936290740967
18.731956958770752,0.19607256281512556,0.012542310170829296,0.18353025264429626,16.58273696899414,-2.5037295818328857
18.765197038650513,0.19529839034727664,0.01230449229478836,0.18299389805248828,16.613676071166992,-2.5034706592559814
18.798566102981567,0.19207121159412996,0.011868561618030071,0.1802026499760999,16.644790649414062,-2.5032687187194824
18.831984996795654,0.1919352400685179,0.011059068143367767,0.18087617192515013,16.683931350708008,-2.5030248165130615
18.86536931991577,0.1877467417967109,0.010242829099297523,0.17750391269741336,16.715469360351562,-2.5028154850006104
18.898685693740845,0.1835591703863303,0.009339569136500359,0.17421960124982994,16.74718475341797,-2.50252103805542
18.932214736938477,0.18034351963422904,0.008430038578808308,0.17191348105542073,16.77900505065918,-2.5021350383758545
18.965162754058838,0.17309155003673368,0.007523236330598593,0.1655683137061351,16.810951232910156,-2.5017356872558594
18.998557567596436,0.16684792464547887,0.006621070206165314,0.16022685443931356,16.843053817749023,-2.5013554096221924
19.031818866729736,0.16268054700965917,0.005454153288155794,0.15722639372150338,16.8834228515625,-2.5009946823120117
19.06555151939392,0.15779291205926751,0.004468096885830164,0.15332481517343735,16.91594123840332,-2.5007364749908447
19.098583936691284,0.15196780487141345,0.003708481788635254,0.1482593230827782,16.940433502197266,-2.500619411468506
19.131762266159058,0.14594585998264162,0.002410287968814373,0.14353557201382725,16.98145294189453,-2.5004751682281494
19.165080308914185,0.14167325900408267,0.0013749366626143456,0.14029832234146833,17.01441192626953,-2.5003812313079834
19.19897699356079,0.14167325900408267,0.00035655873944051564,0.14131670026464216,17.047550201416016,-2.500364303588867
19.231744289398193,0.131879218957938,-0.0009097656584344804,0.13278898461637248,17.089208602905273,-2.500462293624878
19.265117406845093,0.12602213017793212,-0.001778045087121427,0.12780017526505355,17.122676849365234,-2.5005640983581543
19.29924702644348,0.12222545604311749,-0.002328356495127082,0.12455381253824457,17.147846221923828,-2.5006325244903564
19.331969499588013,0.12000256462309976,-0.003023329423740506,0.12302589404684026,17.18985939025879,-2.500659465789795
19.36515212059021,0.11767861649909839,-0.00339578278362751,0.1210743992827259,17.223556518554688,-2.500661849975586
19.398926734924316,0.11666103257121525,-0.0036216939333826303,0.12028272650459788,17.25731658935547,-2.5007197856903076
19.43191170692444,0.11727126624326657,-0.003699123626574874,0.12097038986984145,17.291086196899414,-2.500864028930664
19.465123414993286,0.1176867540706809,-0.0035260540898889303,0.12121280816056983,17.333255767822266,-2.501068115234375
19.498664379119873,0.11664896419930805,-0.0033069869969040155,0.11995595119621207,17.358552932739258,-2.5011820793151855
19.533299207687378,0.11999297927086637,-0.002775938715785742,0.12276891798665211,17.4007568359375,-2.5012645721435547
19.56506609916687,0.12429684856454774,-0.0022303450386971235,0.12652719360324488,17.434568405151367,-2.501218795776367
19.598475217819214,0.12500257329257888,-0.0015684624668210745,0.12657103575939996,17.468334197998047,-2.5010361671447754
19.63220739364624,0.1291626146483358,-0.0007597307558171451,0.12992234540415296,17.502065658569336,-2.50079607963562
19.665935754776,0.13332405888974355,0.00035860147909261286,0.13296545741065094,17.54411506652832,-2.500471353530884
19.698511838912964,0.13747582810954048,0.0010355259291827679,0.13644030218035771,17.569278717041016,-2.5002622604370117
19.731828927993774,0.14163049777964676,0.0019383899634703994,0.13969210781617636,17.602680206298828,-2.4999449253082275
19.76526165008545,0.14578823878036096,0.002829593373462558,0.1429586454068984,17.635929107666016,-2.4996399879455566
19.79860019683838,0.15063890493421978,0.003911512438207865,0.1467273924960119,17.67727279663086,-2.499150514602661
19.831830501556396,0.15481210782437385,0.004759631119668484,0.15005247670470537,17.710128784179688,-2.4987237453460693
19.865031957626343,0.1607646184657854,0.005374157801270485,0.15539046066451492,17.734638214111328,-2.4983363151550293
19.898640155792236,0.1607646184657854,0.006471189670264721,0.1542934287955207,17.783327102661133,-2.49752140045166
19.931837558746338,0.16244895214727037,0.006943587213754654,0.15550536493351572,17.807470321655273,-2.497060775756836
19.965176820755005,0.16794237213388913,0.007440119981765747,0.16050225215212338,17.83938980102539,-2.4963631629943848
19.998422384262085,0.16729473898316832,0.007820522412657738,0.15947421657051059,17.878896713256836,-2.495441436767578
20.031840085983276,0.16729473898316832,0.00795863289386034,0.15933610608930798,17.910165786743164,-2.494689464569092
20.06533980369568,0.16662139896710998,0.007989012636244297,0.15863238633086568,17.933420181274414,-2.4941115379333496
20.09841227531433,0.16791890824929676,0.00773667311295867,0.16018223513633809,17.979433059692383,-2.4929423332214355
20.13174343109131,0.1637481951473834,0.007499692030251026,0.15624850311713237,18.002222061157227,-2.4924044609069824
20.165186405181885,0.1637481951473834,0.007079640869051218,0.15666855427833218,18.032400131225586,-2.491729974746704
20.19840097427368,0.15750022936709546,0.006385442800819874,0.15111478656627558,18.06985855102539,-2.490943431854248
20.231937646865845,0.1493171914083184,0.0057327626273036,0.1435844287810148,18.099693298339844,-2.4903693199157715
20.265063047409058,0.1512957032038755,0.005174264777451754,0.14612143842642375,18.122039794921875,-2.489954948425293
20.298793077468872,0.1512957032038755,0.0038527697324752808,0.14744293347140022,18.166841506958008,-2.4892287254333496
20.331755876541138,0.1472237034668976,0.003136281156912446,0.14408742230998514,18.189319610595703,-2.488919734954834
20.36523413658142,0.1465270868698503,0.0021403543651103973,0.1443867325047399,18.2193546295166,-2.488542079925537
20.398425817489624,0.14348432325025248,0.0011246666545048356,0.14235965659574765,18.249475479125977,-2.488262176513672
20.431781768798828,0.14348432325025248,-0.00014391160220839083,0.14362823485246087,18.28731918334961,-2.4880478382110596
20.465160608291626,0.1425542380755538,-0.0008863402181304991,0.1434405782936843,18.310129165649414,-2.4879753589630127
20.498605489730835,0.14367717560164223,-0.0018231029389426112,0.14550027854058484,18.340686798095703,-2.4878907203674316
20.53173828125,0.14367717560164223,-0.002863894682377577,0.1465410702840198,18.37921142578125,-2.487866163253784
20.56529211997986,0.14256675984842068,-0.003612976986914873,0.14617973683533556,18.41028594970703,-2.487910747528076
20.59850788116455,0.14369391110486085,-0.00431393226608634,0.1480078433709472,18.44156837463379,-2.4879889488220215
20.631821155548096,0.14347034486266977,-0.005181001033633947,0.14865134589630372,18.48090934753418,-2.488129138946533
20.665081024169922,0.1451927729781956,-0.00590901356190443,0.15110178654010004,18.512557983398438,-2.4883053302764893
20.698509693145752,0.1451927729781956,-0.006494748871773481,0.1516875218499691,18.536388397216797,-2.4884636402130127
20.73181986808777,0.14520168750264734,-0.007366493809968233,0.15256818131261557,18.568283081054688,-2.4887266159057617
20.765138626098633,0.14520168750264734,-0.008660644292831421,0.15386233179547876,18.608495712280273,-2.489072799682617
20.798404693603516,0.13846603827353693,-0.00984483677893877,0.1483108750524757,18.641010284423828,-2.4892752170562744
20.831820964813232,0.13846603827353693,-0.010810913518071175,0.1492769517916081,18.66558074951172,-2.4894208908081055
20.865108489990234,0.13562325059153574,-0.01251829694956541,0.14814154754110115,18.706941604614258,-2.4897661209106445
20.89840292930603,0.12932072402043626,-0.013921289704740047,0.1432420137251763,18.740314483642578,-2.489988088607788
20.931868076324463,0.1259639538364401,-0.01532361563295126,0.14128756946939136,18.7739200592041,-2.4901952743530273
20.965147256851196,0.1259639538364401,-0.017019182443618774,0.14298313628005888,18.816316604614258,-2.490541934967041
20.998407125473022,0.12088432144801223,-0.018266700208187103,0.13915102165619933,18.850440979003906,-2.490840435028076
21.03173327445984,0.11999744055879606,-0.019118808209896088,0.13911624876869216,18.87612533569336,-2.4910802841186523
21.06507682800293,0.11664896419930805,-0.02037021517753601,0.13701917937684405,18.919099807739258,-2.4914608001708984
21.098804473876953,0.11662623054498522,-0.021291784942150116,0.13791801548713534,18.953567504882812,-2.4917593002319336
21.131734371185303,0.11724626777017763,-0.022165706381201744,0.13941197415137938,18.988046646118164,-2.492074489593506
21.165090560913086,0.11626483572339531,-0.023198114708065987,0.13946295043146129,19.031044006347656,-2.492469072341919
21.198402166366577,0.1137386476947192,-0.02394440956413746,0.13768305725885666,19.065269470214844,-2.4928297996520996
21.23189067840576,0.11237607588337493,-0.024476217105984688,0.13685229298935964,19.090818405151367,-2.4931046962738037
21.265111684799194,0.1135738439294223,-0.025325898081064224,0.13889974201048652,19.13308334350586,-2.4935810565948486
21.298404455184937,0.11237607588337493,-0.025948502123355865,0.13832457800673081,19.1666316986084,-2.493919610977173
21.33175015449524,0.11356725745428069,-0.02650032937526703,0.14006758682954773,19.199939727783203,-2.4942474365234375
21.365071296691895,0.11356725745428069,-0.02705913968384266,0.14062639713812336,19.24127197265625,-2.494584560394287
21.398398399353027,0.11316183318431974,-0.027426546439528465,0.1405883796238482,19.274137496948242,-2.4947850704193115
21.431753873825073,0.11437950231881965,-0.0277214664965868,0.14210096881540646,19.306842803955078,-2.494941473007202
21.465117931365967,0.11316814494287285,-0.027924777939915657,0.14109292288278852,19.339366912841797,-2.4950873851776123
21.49842357635498,0.11580077891700781,-0.028057239949703217,0.143858018866711,19.371719360351562,-2.4951798915863037
21.531803607940674,0.11772156302028973,-0.02815280668437481,0.14587436970466455,19.403928756713867,-2.4952316284179688
21.565061330795288,0.11723072490760254,-0.028172273188829422,0.14540299809643198,19.43600845336914,-2.495284080505371
21.59835124015808,0.12074754821428475,-0.028038818389177322,0.14878636660346206,19.475929260253906,-2.4953482151031494
21.63173794746399,0.12417130434948737,-0.02791414223611355,0.15208544658560091,19.499799728393555,-2.4953901767730713
21.665215730667114,0.12417130434948737,-0.0277391467243433,0.15191045107383067,19.53150177001953,-2.495422124862671
21.698413133621216,0.12908971070244957,-0.027582718059420586,0.15667242876187015,19.563108444213867,-2.4954118728637695
21.731751680374146,0.1332625534678036,-0.027450857684016228,0.16071341115181983,19.602338790893555,-2.4952895641326904
21.765109539031982,0.1332625534678036,-0.02748647890985012,0.16074903237765373,19.633573532104492,-2.495159149169922
21.798407554626465,0.1374281530945705,-0.027685334905982018,0.1651134880005525,19.664649963378906,-2.494999647140503
21.831740856170654,0.1374281530945705,-0.028151001781225204,0.1655791548757957,19.703304290771484,-2.4947783946990967
21.8651225566864,0.13880151310435915,-0.028532588854432106,0.16733410195879125,19.726402282714844,-2.4945831298828125
21.898424863815308,0.13813254009355416,-0.029170094057917595,0.16730263415147176,19.757095336914062,-2.4942290782928467
21.93175983428955,0.13471352311136012,-0.030172845348715782,0.1648863684600759,19.795368194580078,-2.493680477142334
21.965094089508057,0.13327147057708819,-0.031062422320246696,0.16433389289733488,19.825937271118164,-2.4931912422180176
21.998438835144043,0.13327147057708819,-0.031784627586603165,0.16505609816369135,19.848827362060547,-2.492802381515503
22.031728744506836,0.13096066688259456,-0.03314831852912903,0.16410898541172358,19.886796951293945,-2.4920895099639893
22.065085649490356,0.12855638460438584,-0.03426278755068779,0.16281917215507363,19.91706657409668,-2.49151611328125
22.09841251373291,0.12836226434997178,-0.03546244278550148,0.16382470713547326,19.947237014770508,-2.4910037517547607
22.13186812400818,0.12573965426713563,-0.03708363696932793,0.16282329123646355,19.984773635864258,-2.490374803543091
22.165200233459473,0.12261383091918636,-0.03843674063682556,0.16105057155601193,20.014694213867188,-2.4898643493652344
22.198413848876953,0.12075619814019688,-0.039796292781829834,0.16055249092202672,20.044536590576172,-2.4893605709075928
22.23173451423645,0.12075619814019688,-0.04111703112721443,0.16187322926741132,20.074359893798828,-2.4888694286346436
22.265063524246216,0.11662623054498522,-0.04237808287143707,0.1590043134164223,20.104190826416016,-2.4883813858032227
22.29841423034668,0.11580077328443934,-0.04354575276374817,0.1593465260481875,20.134065628051758,-2.4878859519958496
22.33172583580017,0.1163160321742239,-0.04485718905925751,0.1611732212334814,20.171533584594727,-2.487387180328369
22.365062475204468,0.11250430143338237,-0.0458313450217247,0.15833564645510706,20.201631546020508,-2.4871199131011963
22.398423194885254,0.11250430143338237,-0.04653209447860718,0.15903639591198954,20.224273681640625,-2.4869844913482666
22.43179440498352,0.11250430143338237,-0.047428593039512634,0.159932894472895,20.254554748535156,-2.4868884086608887
22.465064764022827,0.11455512908999414,-0.04847731813788414,0.1630324472278783,20.29261016845703,-2.4869132041931152
22.49842381477356,0.11249190977130992,-0.04927705228328705,0.16176896205459695,20.32320785522461,-2.487002372741699
22.531776189804077,0.11249190977130992,-0.05004429444670677,0.16253620421801668,20.35393524169922,-2.4871573448181152
22.565058708190918,0.11161374142557777,-0.0510154590010643,0.16262920042664208,20.39249610900879,-2.487412691116333
22.59839963912964,0.11161374142557777,-0.05158129334449768,0.16319503477007546,20.415685653686523,-2.4875576496124268
22.631887197494507,0.10830069830699302,-0.05229698121547699,0.16059767952247,20.4466552734375,-2.487750291824341
22.66526484489441,0.10890003062380528,-0.05299310013651848,0.16189313076032374,20.477676391601562,-2.48793625831604
22.698402881622314,0.10517774333011834,-0.053809989243745804,0.15898773257386414,20.516517639160156,-2.488175392150879
22.731748580932617,0.1041129759139415,-0.05439446121454239,0.1585074371284839,20.54759407043457,-2.4883906841278076
22.765108585357666,0.10465305095075828,-0.054891347885131836,0.1595443988358901,20.578659057617188,-2.4886574745178223
22.798401594161987,0.10233816189715694,-0.05524561181664467,0.1575837737138016,20.609739303588867,-2.489009141921997
22.83184289932251,0.09996836040755665,-0.05545463040471077,0.1554229908122674,20.640827178955078,-2.4893808364868164
22.865094423294067,0.09996836040755665,-0.05556457117199898,0.1555329315795556,20.671932220458984,-2.4897682666778564
22.898425340652466,0.09997944304317954,-0.055570945143699646,0.1555503881868792,20.710853576660156,-2.490297555923462
22.931841135025024,0.10059580879419697,-0.05545266345143318,0.15604847224563015,20.742013931274414,-2.490748643875122
22.965245962142944,0.1004690742936125,-0.05524503067135811,0.15571410496497062,20.773189544677734,-2.491164445877075
22.99841833114624,0.09681586388159207,-0.05487969145178795,0.15169555533338003,20.812137603759766,-2.4916253089904785
23.03173518180847,0.0949150926349538,-0.05460670217871666,0.14952179481367045,20.83553123474121,-2.4918723106384277
23.06519913673401,0.09516367837188851,-0.054150599986314774,0.14931427835820327,20.86678695678711,-2.492201566696167
23.098400354385376,0.0917813266289052,-0.053436681628227234,0.14521800825713244,20.906049728393555,-2.4925551414489746
23.13172960281372,0.09409783711518911,-0.052767928689718246,0.14686576580490734,20.93763542175293,-2.4928038120269775
23.16512179374695,0.09621347112134823,-0.052019160240888596,0.14823263136223683,20.9693660736084,-2.4930267333984375
23.198399543762207,0.09594662513349274,-0.05096323415637016,0.1469098592898629,21.00924301147461,-2.493263006210327
23.23173427581787,0.09806289936728066,-0.05027613043785095,0.1483390298051316,21.03327751159668,-2.493391275405884
23.26509404182434,0.10098366523576623,-0.04930475726723671,0.15028842250300295,21.065446853637695,-2.493525981903076
23.298403024673462,0.10005499614651513,-0.04799393564462662,0.14804893179114176,21.10582160949707,-2.493630886077881
23.331732511520386,0.10557319294396188,-0.04692348465323448,0.15249667759719637,21.13820457458496,-2.493654489517212
23.365113735198975,0.10516023693430525,-0.04617656394839287,0.15133680088269813,21.16254425048828,-2.4936575889587402
23.398393869400024,0.10621135253137061,-0.04485286772251129,0.1510642202538819,21.2114315032959,-2.4935929775238037
23.431875467300415,0.1074462175476571,-0.04422329366207123,0.15166951120972832,21.235973358154297,-2.4935085773468018
23.46507978439331,0.10933166468525839,-0.043401625007390976,0.15273328969264938,21.26875877380371,-2.4933323860168457
23.49843978881836,0.1116216968564662,-0.042578913271427155,0.15420061012789335,21.301610946655273,-2.4930684566497803
23.531869173049927,0.11247996452356308,-0.04155956953763962,0.1540395340612027,21.342756271362305,-2.4926540851593018
23.565184116363525,0.11423754851982075,-0.04075424745678902,0.15499179597660978,21.375722885131836,-2.4923644065856934
23.59842848777771,0.11854847510056224,-0.04017798230051994,0.15872645740108218,21.40048599243164,-2.4921483993530273
23.63172721862793,0.11841335064568978,-0.03930366039276123,0.157717011038451,21.441808700561523,-2.4917547702789307
23.665204286575317,0.12078535420993812,-0.03864378482103348,0.1594291390309716,21.47490692138672,-2.491445541381836
23.69845747947693,0.1249459026517911,-0.0380287803709507,0.16297468302274182,21.508012771606445,-2.4911625385284424
23.73183250427246,0.12604874851307607,-0.03746124729514122,0.1635099958082173,21.541088104248047,-2.490969657897949
23.76507067680359,0.13022318003650585,-0.036924827843904495,0.16714800788041034,21.574108123779297,-2.4908344745635986
23.79842972755432,0.13007615340233786,-0.03641209378838539,0.16648824719072325,21.607070922851562,-2.490694284439087
23.8317768573761,0.13327147057708819,-0.035914815962314606,0.1691862865394028,21.63996124267578,-2.4905476570129395
23.86507225036621,0.13514669801448814,-0.03523632138967514,0.17038301940416328,21.680912017822266,-2.4903717041015625
23.898416757583618,0.1374281530945705,-0.034654632210731506,0.172082785305302,21.713468551635742,-2.4902708530426025
23.93186378479004,0.13743658413317075,-0.034202735871076584,0.17163932000424734,21.737751007080078,-2.490227460861206
23.96507239341736,0.13883083706976362,-0.033328812569379807,0.17215964963914343,21.786052703857422,-2.490311622619629
23.998404264450073,0.13653582742714063,-0.032964494079351425,0.16950032150649205,21.81012535095215,-2.4904143810272217
24.031782627105713,0.13332405888974355,-0.03255022317171097,0.16587428206145452,21.84221839904785,-2.4905388355255127
24.065064430236816,0.13333608128369243,-0.03214109688997269,0.1654771781736651,21.882354736328125,-2.490614652633667
24.098403215408325,0.13093295425541435,-0.03190299868583679,0.16283595294125114,21.914506912231445,-2.4906296730041504
24.13190984725952,0.13008558932110656,-0.03177588805556297,0.16186147737666953,21.946720123291016,-2.4905951023101807
24.165066719055176,0.12918785601085536,-0.031752053648233414,0.16093990965908878,21.98709487915039,-2.4905765056610107
24.19839906692505,0.12592829419004928,-0.031809251755476,0.15773754594552528,22.011383056640625,-2.4905779361724854
24.231915950775146,0.12257966016147698,-0.03195812553167343,0.1545377856931504,22.043842315673828,-2.490602970123291
24.265063285827637,0.12084388518758162,-0.03221804276108742,0.15306192794866902,22.084545135498047,-2.4907045364379883
24.29840326309204,0.11667354980639595,-0.03242173045873642,0.14909528026513236,22.117176055908203,-2.4908456802368164
24.33180332183838,0.11533273833748645,-0.032563917338848114,0.14789665567633456,22.149837493896484,-2.4910731315612793
24.36506152153015,0.11250430143338237,-0.03261419013142586,0.14511849156480822,22.190706253051758,-2.491431713104248
24.39839744567871,0.11006243812099202,-0.03255908191204071,0.14262152003303274,22.215248107910156,-2.4916908740997314
24.4317626953125,0.11147176257298667,-0.032412294298410416,0.1438840568713971,22.24800682067871,-2.4920718669891357
24.46511483192444,0.11161374142557777,-0.03208480030298233,0.14369854172856011,22.289005279541016,-2.4925713539123535
24.498401403427124,0.11354291451819629,-0.03167930990457535,0.14522222442277163,22.321882247924805,-2.4929563999176025
24.53180480003357,0.11345737945094546,-0.0311569906771183,0.14461437012806377,22.35483741760254,-2.493278980255127
24.56513547897339,0.11424043863712562,-0.03070981241762638,0.144950251054752,22.379592895507812,-2.4934892654418945
24.598417282104492,0.1176105785246435,-0.02987917885184288,0.1474897573764864,22.42087173461914,-2.493652105331421
24.631791591644287,0.12075619814019688,-0.029154106974601746,0.14991030511479864,22.453876495361328,-2.493685007095337
24.665108680725098,0.12261383091918636,-0.028383417055010796,0.15099724797419717,22.48685073852539,-2.4936318397521973
24.698373794555664,0.1250542922053054,-0.027363279834389687,0.15241757203969508,22.527929306030273,-2.4935243129730225
24.731754302978516,0.12789202929151544,-0.026550743728876114,0.15444277302039155,22.560583114624023,-2.4934027194976807
24.765092372894287,0.12905411370065048,-0.025978146120905876,0.15503225982155636,22.584943771362305,-2.493283987045288
24.798463582992554,0.13101467237613718,-0.025267936289310455,0.15628260866544763,22.617259979248047,-2.4931294918060303
24.831746578216553,0.13163858448364427,-0.024501189589500427,0.1561397740731447,22.65740966796875,-2.4929261207580566
24.865084409713745,0.13258413896669022,-0.02396346442401409,0.1565476033907043,22.68935203552246,-2.4927256107330322
24.89846158027649,0.13163725005563953,-0.023476844653487206,0.15511409470912674,22.72115707397461,-2.492563247680664
24.9317569732666,0.13163741821975555,-0.022928230464458466,0.15456564868421402,22.760696411132812,-2.49232816696167
24.965215921401978,0.1329145022745573,-0.022647783160209656,0.15556228543476697,22.784290313720703,-2.4921464920043945
24.99845314025879,0.13094900824886424,-0.02231566794216633,0.15326467619103057,22.815641403198242,-2.4918367862701416
25.031731128692627,0.13007744645208597,-0.02192009426653385,0.15199754071861982,22.85476303100586,-2.491347074508667
25.06507682800293,0.13007744645208597,-0.021620292216539383,0.15169773866862535,22.88606834411621,-2.4908628463745117
25.09844422340393,0.12918785601085536,-0.021352360025048256,0.15054021603590362,22.917381286621094,-2.490335702896118
25.13179302215576,0.12752392554563804,-0.02114204131066799,0.14866596685630604,22.956525802612305,-2.4896442890167236
25.16520357131958,0.12752392554563804,-0.021119771525263786,0.14864369707090183,22.98004150390625,-2.4892616271972656
25.198443174362183,0.1302619122940662,-0.021216941997408867,0.15147885429147506,23.011425018310547,-2.4887425899505615
25.231796741485596,0.13081790560204912,-0.021476032212376595,0.1522939378144257,23.050695419311523,-2.4881229400634766
25.265064001083374,0.13081790560204912,-0.021738803014159203,0.15255670861620832,23.08213996887207,-2.487703561782837
25.298486948013306,0.1326334412240527,-0.021966464817523956,0.15459990604157667,23.105764389038086,-2.4874560832977295
25.33178400993347,0.1326334412240527,-0.02250419184565544,0.15513763306970815,23.153079986572266,-2.487060070037842
25.365066051483154,0.13839705861373547,-0.02283887192606926,0.16123593053980473,23.176742553710938,-2.4869112968444824
25.398435354232788,0.13996907269070263,-0.02329784445464611,0.16326691714534874,23.208303451538086,-2.4867119789123535
25.431734561920166,0.14324673242655825,-0.023924198001623154,0.1671709304281814,23.24775505065918,-2.486513137817383
25.46506428718567,0.14457585102851053,-0.024490471929311752,0.16906632295782228,23.27924156188965,-2.4863829612731934
25.498436450958252,0.14581728475681463,-0.024969978258013725,0.17078726301482836,23.302791595458984,-2.486335515975952
25.531765937805176,0.14670947173737553,-0.025665903463959694,0.17237537520133522,23.3341121673584,-2.486299991607666
25.56507897377014,0.14670870832764846,-0.026606427505612373,0.17331513583326083,23.373119354248047,-2.486238956451416
25.59843134880066,0.1487581712472218,-0.02744133584201336,0.17619950708923515,23.404203414916992,-2.4861278533935547
25.631768465042114,0.1467084147207821,-0.028338953852653503,0.1750473685734356,23.435195922851562,-2.48600172996521
25.665165185928345,0.1467084147207821,-0.029262639582157135,0.17597105430293924,23.46610450744629,-2.48588228225708
25.698426008224487,0.14578823878036096,-0.030469447374343872,0.17625768615470483,23.504629135131836,-2.4858005046844482
25.7318754196167,0.14239410631190874,-0.031215444207191467,0.1736095505191002,23.52768325805664,-2.485766649246216
25.765145540237427,0.1416033097493134,-0.032250937074422836,0.17385424682373624,23.558366775512695,-2.48575758934021
25.79842519760132,0.1374281530945705,-0.03357590362429619,0.17100405671886668,23.59659194946289,-2.4858200550079346
25.831782341003418,0.1348973130644576,-0.034587256610393524,0.16948456967485112,23.6270751953125,-2.4859373569488525
25.865227937698364,0.1309754520398377,-0.03554098680615425,0.16651643884599196,23.657489776611328,-2.486093044281006
25.898406267166138,0.12820268850497402,-0.03642777353525162,0.16463046204022563,23.68785858154297,-2.4863476753234863
25.931774139404297,0.12402197130241162,-0.037219684571027756,0.16124165587343936,23.71821403503418,-2.486684799194336
25.965167760849,0.12085496409120515,-0.03792032599449158,0.15877529008569674,23.74854278564453,-2.4870502948760986
25.99839735031128,0.11659584429686272,-0.038605690002441406,0.1552015342993041,23.78642463684082,-2.4875729084014893
26.031733751296997,0.11381280283679089,-0.03899737820029259,0.1528101810370835,23.816688537597656,-2.4880244731903076
26.065176248550415,0.11381280283679089,-0.03925158455967903,0.15306438739646994,23.846923828125,-2.4884490966796875
26.098414421081543,0.10969663082924484,-0.03937432914972305,0.1490709599789679,23.87718391418457,-2.4888153076171875
26.131871461868286,0.10515891466350857,-0.039382193237543106,0.14454110790105168,23.907508850097656,-2.4891088008880615
26.165090084075928,0.10445945705090973,-0.03926617652177811,0.14372563357268783,23.93796730041504,-2.489314556121826
26.198480129241943,0.10101873354285415,-0.03896069899201393,0.13997943253486808,23.976289749145508,-2.4894773960113525
26.23177671432495,0.09911342809375112,-0.03856925293803215,0.13768268103178327,24.0072021484375,-2.4895589351654053
26.265094995498657,0.09687415881359861,-0.03802984580397606,0.13490400461757468,24.038347244262695,-2.489588975906372
26.298444747924805,0.09687415881359861,-0.03756653144955635,0.13444069026315497,24.06184196472168,-2.489600896835327
26.33174467086792,0.09340410138058568,-0.03670467063784599,0.13010877201843168,24.101266860961914,-2.4896304607391357
26.365118980407715,0.09271762687709437,-0.0359453484416008,0.12866297531869517,24.133041381835938,-2.4896678924560547
26.398451566696167,0.09175234844932668,-0.03510870784521103,0.1268610562945377,24.165002822875977,-2.48968768119812
26.431751012802124,0.09175234844932668,-0.033910296857357025,0.1256626453066837,24.20517921447754,-2.489773750305176
26.4650981426239,0.09271065602207253,-0.033068638294935226,0.12577929431700774,24.229398727416992,-2.4898765087127686
26.49848175048828,0.09721676261160966,-0.03190895915031433,0.129125721761924,24.261764526367188,-2.490032196044922
26.531747102737427,0.09775049674257998,-0.03033890575170517,0.12808940249428513,24.302350997924805,-2.490267753601074
26.565101385116577,0.10005499614651513,-0.028987130150198936,0.12904212629671408,24.334930419921875,-2.490448474884033
26.598439693450928,0.10606968807071791,-0.02757393755018711,0.13364362562090504,24.367597579956055,-2.4907102584838867
26.63183069229126,0.11098487215728166,-0.026173586025834084,0.13715845818311573,24.40034294128418,-2.490975856781006
26.6651132106781,0.11669986640790561,-0.024775203317403793,0.1414750697253094,24.433156967163086,-2.4912192821502686
26.698445796966553,0.12504208889355461,-0.023362966254353523,0.14840505514790814,24.466041564941406,-2.4913837909698486
26.731814861297607,0.13009237200148432,-0.02193453162908554,0.15202690363056987,24.498979568481445,-2.4914660453796387
26.76513385772705,0.13494306734347872,-0.020167844370007515,0.15511091171348623,24.540231704711914,-2.4914729595184326
26.79845142364502,0.13841505054941564,-0.018752625212073326,0.15716767576148896,24.573352813720703,-2.491379976272583
26.831828355789185,0.1425809078285493,-0.0173511803150177,0.159932088143567,24.606597900390625,-2.491266965866089
26.865119457244873,0.14594585998264162,-0.016015706583857536,0.16196156656649915,24.63994026184082,-2.491093635559082
26.898510217666626,0.14831922467133282,-0.014751074835658073,0.1630702995069909,24.673383712768555,-2.490818738937378
26.931843757629395,0.1509112151887883,-0.013579043559730053,0.16449025874851836,24.706932067871094,-2.4904592037200928
26.96509099006653,0.15504125324764276,-0.012269316241145134,0.1673105694887879,24.748897552490234,-2.489950656890869
26.99845004081726,0.15838846192206513,-0.011363502591848373,0.1697519645139135,24.782482147216797,-2.489530563354492
27.031981706619263,0.15920145756914428,-0.01076128613203764,0.16996274370118192,24.807645797729492,-2.489227533340454
27.06507158279419,0.16077061891843075,-0.009801945649087429,0.17057256456751818,24.85797119140625,-2.4886341094970703
27.098443031311035,0.15920145756914428,-0.00944390520453453,0.1686453627736788,24.883197784423828,-2.4883086681365967
27.131855726242065,0.16014443194823477,-0.009016642346978188,0.16916107429521296,24.9168643951416,-2.4878695011138916
27.165088176727295,0.15753235463653145,-0.008622081018984318,0.16615443565551577,24.958942413330078,-2.487330913543701
27.198406457901,0.1550318331118799,-0.008413187228143215,0.16344502034002312,24.992544174194336,-2.4869556427001953
27.231862545013428,0.15551633054496267,-0.008274606429040432,0.1637909369740031,25.026071548461914,-2.4865620136260986
27.265076398849487,0.1524294786075353,-0.008196244016289711,0.16062572262382502,25.067825317382812,-2.4860243797302246
27.298470497131348,0.15189474609360656,-0.008208378218114376,0.16010312431172094,25.09272003173828,-2.485719680786133
27.331814527511597,0.1512957032038755,-0.008285879157483578,0.15958158236135908,25.125741958618164,-2.485346794128418
27.365068912506104,0.14771974843506772,-0.008539064787328243,0.15625881322239596,25.16669464111328,-2.4848978519439697
27.39843249320984,0.14410800901199194,-0.008892416022717953,0.1530004250347099,25.19915771484375,-2.48453950881958
27.431862115859985,0.14181073041121872,-0.009210429154336452,0.15102115956555517,25.223350524902344,-2.4842889308929443
27.465354442596436,0.13881128689012773,-0.00978629570454359,0.14859758259467132,25.26345443725586,-2.4838979244232178
27.4984028339386,0.13328093814401057,-0.010300595313310623,0.1435815334573212,25.29542350769043,-2.4835400581359863
27.531846046447754,0.13094432509860254,-0.010810662060976028,0.14175498715957857,25.327367782592773,-2.483128547668457
27.56519389152527,0.13051638438593738,-0.01129963994026184,0.14181602432619922,25.35929298400879,-2.482741355895996
27.598416328430176,0.12817533630658248,-0.011943777091801167,0.14011911339838365,25.399227142333984,-2.482377529144287
27.631946325302124,0.12702441639430118,-0.012355889193713665,0.13938030558801484,25.423234939575195,-2.482213020324707
27.66525673866272,0.12592015899237005,-0.012860635295510292,0.13878079428788034,25.455318450927734,-2.482053279876709
27.69866418838501,0.12817013883188258,-0.013312024995684624,0.1414821638275672,25.48749542236328,-2.4819705486297607
27.731793642044067,0.13008558932110656,-0.0138235529884696,0.14390914230957616,25.527814865112305,-2.481909990310669
27.765165090560913,0.13257148880172087,-0.014201135374605656,0.14677262417632653,25.560144424438477,-2.481877088546753
27.79853630065918,0.13652452943377938,-0.014618230052292347,0.15114275948607173,25.592565536499023,-2.4818859100341797
27.831820964813232,0.1407050752087798,-0.015158740803599358,0.15586381601237917,25.63324737548828,-2.481966733932495
27.8651385307312,0.14304191304668834,-0.015517394989728928,0.15855930803641727,25.657718658447266,-2.482022523880005
27.89848494529724,0.14514304650398538,-0.016028348356485367,0.16117139486047075,25.69036102294922,-2.482166051864624
27.931790828704834,0.14724432696571035,-0.016722798347473145,0.1639671253131835,25.731163024902344,-2.4824461936950684
27.965218782424927,0.1508716045093606,-0.01733037270605564,0.16820197721541624,25.76377296447754,-2.4827334880828857
27.998560667037964,0.1526974248006745,-0.01792512647807598,0.17062255127875048,25.79636573791504,-2.4830100536346436
28.03180480003357,0.1560554422468463,-0.018534395843744278,0.1745898380905906,25.82888412475586,-2.4832286834716797
28.065163612365723,0.15557395831899942,-0.01931118592619896,0.17488514424519838,25.86939811706543,-2.4834184646606445
28.098480701446533,0.15965583167963301,-0.01975393109023571,0.17940976276986872,25.89361572265625,-2.4834277629852295
28.131729125976562,0.15906266605825428,-0.02047164924442768,0.17953431530268196,25.933860778808594,-2.48341703414917
28.165083169937134,0.15557030379704784,-0.021033041179180145,0.17660334497622798,25.965938568115234,-2.4833736419677734
28.19855833053589,0.1567337524315439,-0.021659012883901596,0.17839276531544548,25.99784278869629,-2.483377456665039
28.231735944747925,0.15481210782437385,-0.022352810949087143,0.177164918773461,26.029560089111328,-2.4834351539611816
28.265085697174072,0.15086899432890555,-0.02308342233300209,0.17395241666190764,26.061054229736328,-2.4835360050201416
28.298534870147705,0.14623968068975612,-0.02386733703315258,0.1701070177229087,26.09235382080078,-2.483666181564331
28.33191180229187,0.1441993165419614,-0.02463972195982933,0.16883903850179072,26.123470306396484,-2.483896493911743
28.365065813064575,0.1390238027876384,-0.025596609339118004,0.1646204121267564,26.162155151367188,-2.4842605590820312
28.398455142974854,0.13326613333135548,-0.02630455233156681,0.1595706856629223,26.19291877746582,-2.484666109085083
28.43189549446106,0.1257465756020319,-0.02674208953976631,0.1524886651417982,26.21589469909668,-2.4849507808685303
28.46525549888611,0.12138273392317786,-0.02728256583213806,0.14866529975531592,26.2540225982666,-2.4854488372802734
28.49853801727295,0.11720112754658604,-0.027492478489875793,0.14469360603646184,26.284364700317383,-2.4859025478363037
28.531880855560303,0.11231836388043899,-0.027538331225514412,0.1398566951059534,26.314632415771484,-2.486403226852417
28.565227031707764,0.10883957695455271,-0.027435868978500366,0.13627544593305307,26.344892501831055,-2.4869699478149414
28.598482847213745,0.10710087755968295,-0.027157220989465714,0.13425809854914866,26.375221252441406,-2.4876129627227783
28.631834030151367,0.10555115065214536,-0.026739992201328278,0.13229114285347365,26.405574798583984,-2.488218069076538
28.66514801979065,0.10394488480634076,-0.025968562811613083,0.12991344761795384,26.44356918334961,-2.488999128341675
28.698447704315186,0.10394512050072688,-0.025165366008877754,0.12911048650960463,26.474018096923828,-2.489603042602539
28.73188805580139,0.10467353452271513,-0.024217603728175163,0.1288911382508903,26.504518508911133,-2.4901554584503174
28.765356063842773,0.10468086317236372,-0.022812290117144585,0.1274931532895083,26.542747497558594,-2.4907543659210205
28.798457860946655,0.10577018896699576,-0.021554162725806236,0.12732435169280198,26.573453903198242,-2.4911253452301025
28.831897497177124,0.10886811590365088,-0.020550191402435303,0.12941830730608617,26.596569061279297,-2.4913430213928223
28.865220308303833,0.10974296078680519,-0.01910725235939026,0.12885021314619544,26.627506256103516,-2.491544723510742
28.89847445487976,0.11419069703124096,-0.017209092155098915,0.13139978918633988,26.66628646850586,-2.49167799949646
28.93181538581848,0.11810578591128486,-0.015529315918684006,0.13363510182996885,26.697473526000977,-2.491763114929199
28.965155363082886,0.1232634274910743,-0.014193853363394737,0.13745728085446904,26.72099494934082,-2.491853713989258
28.998509883880615,0.12921866726021441,-0.011937161907553673,0.1411558291677681,26.760364532470703,-2.492037057876587
29.0318500995636,0.1323408478027061,-0.010147761553525925,0.14248860935623203,26.79207420349121,-2.492178201675415
29.065211057662964,0.13816757024771045,-0.00835389457643032,0.14652146482414077,26.823902130126953,-2.492280960083008
29.098419427871704,0.1416534704450497,-0.006196575704962015,0.1478500461500117,26.86388397216797,-2.492483377456665
29.131852388381958,0.1483780203699547,-0.00453417282551527,0.15291219319546998,26.89592170715332,-2.492755174636841
29.16546607017517,0.1549175537040025,-0.0029479593504220247,0.15786551305442453,26.928007125854492,-2.4931161403656006
29.19876003265381,0.15843084232129223,-0.00145121687091887,0.1598820591922111,26.960092544555664,-2.493635654449463
29.231746435165405,0.16262854661717308,-3.526253203745e-05,0.16266380914921053,26.992094039916992,-2.4941701889038086
29.26526427268982,0.16682920031984722,0.0012265883851796389,0.16560261193466758,27.02404022216797,-2.494678258895874
29.29920768737793,0.16674050078388625,0.002338097430765629,0.16440240335312062,27.055931091308594,-2.4951987266540527
29.33185362815857,0.168414490557433,0.0035280187148600817,0.1648864718425729,27.095748901367188,-2.495854616165161
29.365196704864502,0.16923708915482333,0.0041540563106536865,0.16508303284416964,27.11968231201172,-2.4962384700775146
29.39871311187744,0.169230768746156,0.005087734200060368,0.16414303454609563,27.159687042236328,-2.496877670288086
29.43190360069275,0.1684364195436807,0.005561365745961666,0.16287505379771902,27.183792114257812,-2.497206926345825
29.46515727043152,0.1684364195436807,0.006171149201691151,0.16226527034198954,27.22410011291504,-2.4977149963378906
29.498466968536377,0.16686218911371356,0.006491069216281176,0.16037111989743238,27.25649070739746,-2.498047351837158
29.53186345100403,0.166868448149991,0.0066514937207102776,0.16021695442928072,27.288990020751953,-2.498325824737549
29.565158367156982,0.16687515946862164,0.006661297753453255,0.16021386171516838,27.321657180786133,-2.4985272884368896
29.600665807724,0.16687515946862164,0.006595967803150415,0.16027919166547122,27.354446411132812,-2.498666763305664
29.6318678855896,0.16266757118775793,0.006457169074565172,0.15621040211319276,27.387340545654297,-2.4987690448760986
29.66512393951416,0.15976894184356313,0.006233482621610165,0.15353545922195297,27.428646087646484,-2.4989192485809326
29.698543787002563,0.1584516389355323,0.006026178598403931,0.15242546033712837,27.461851119995117,-2.4990813732147217
29.731800317764282,0.1584516389355323,0.005850004497915506,0.1526016344376168,27.495203018188477,-2.499119281768799
29.765083074569702,0.15844721884903964,0.005695987958461046,0.1527512308905786,27.52867889404297,-2.4992170333862305
29.79868245124817,0.1558304284800116,0.00559599744156003,0.15023443103845158,27.56222152709961,-2.499394178390503
29.83201265335083,0.15424552282053178,0.005524549167603254,0.14872097365292852,27.595823287963867,-2.499598979949951
