[0.007s] Invoking command in '/home/wh1te/ros2_ws/build/px4_msgs': CMAKE_PREFIX_PATH=/opt/ros/humble /usr/bin/cmake /home/wh1te/ros2_ws/src/px4_msgs -DCMAKE_INSTALL_PREFIX=/home/wh1te/ros2_ws/install/px4_msgs
[0.045s] -- The C compiler identification is GNU 11.4.0
[0.089s] -- The CXX compiler identification is GNU 11.4.0
[0.094s] -- Detecting C compiler ABI info
[0.141s] -- Detecting C compiler ABI info - done
[0.148s] -- Check for working C compiler: /usr/bin/cc - skipped
[0.148s] -- Detecting C compile features
[0.148s] -- Detecting C compile features - done
[0.151s] -- Detecting CXX compiler ABI info
[0.205s] -- Detecting CXX compiler ABI info - done
[0.211s] -- Check for working CXX compiler: /usr/bin/c++ - skipped
[0.212s] -- Detecting CXX compile features
[0.212s] -- Detecting CXX compile features - done
[0.215s] -- Found ament_cmake: 1.3.12 (/opt/ros/humble/share/ament_cmake/cmake)
[0.325s] -- Found Python3: /usr/bin/python3 (found version "3.10.12") found components: Interpreter 
[0.393s] -- Found builtin_interfaces: 1.2.2 (/opt/ros/humble/share/builtin_interfaces/cmake)
[0.421s] -- Found rosidl_generator_c: 3.1.7 (/opt/ros/humble/share/rosidl_generator_c/cmake)
[0.425s] -- Found rosidl_adapter: 3.1.7 (/opt/ros/humble/share/rosidl_adapter/cmake)
[0.434s] -- Found rosidl_generator_cpp: 3.1.7 (/opt/ros/humble/share/rosidl_generator_cpp/cmake)
[0.445s] -- Using all available rosidl_typesupport_c: rosidl_typesupport_fastrtps_c;rosidl_typesupport_introspection_c
[0.459s] -- Using all available rosidl_typesupport_cpp: rosidl_typesupport_fastrtps_cpp;rosidl_typesupport_introspection_cpp
[0.472s] -- Found rosidl_default_generators: 1.2.0 (/opt/ros/humble/share/rosidl_default_generators/cmake)
[1.811s] -- Found ament_cmake_cppcheck: 0.12.14 (/opt/ros/humble/share/ament_cmake_cppcheck/cmake)
[1.812s] -- Found ament_cmake_cpplint: 0.12.14 (/opt/ros/humble/share/ament_cmake_cpplint/cmake)
[1.814s] -- Found ament_cmake_uncrustify: 0.12.14 (/opt/ros/humble/share/ament_cmake_uncrustify/cmake)
[1.816s] -- Found ament_cmake_ros: 0.10.0 (/opt/ros/humble/share/ament_cmake_ros/cmake)
[2.095s] -- Using all available rosidl_typesupport_c: rosidl_typesupport_fastrtps_c;rosidl_typesupport_introspection_c
[2.199s] -- Using all available rosidl_typesupport_cpp: rosidl_typesupport_fastrtps_cpp;rosidl_typesupport_introspection_cpp
[2.217s] -- Found PythonInterp: /usr/bin/python3 (found suitable version "3.10.12", minimum required is "3.6") 
[2.218s] -- Found python_cmake_module: 0.10.0 (/opt/ros/humble/share/python_cmake_module/cmake)
[2.237s] -- Found PythonLibs: /usr/lib/x86_64-linux-gnu/libpython3.10.so (found suitable version "3.10.12", minimum required is "3.5") 
[2.237s] -- Using PYTHON_EXECUTABLE: /usr/bin/python3
[2.237s] -- Using PYTHON_INCLUDE_DIRS: /usr/include/python3.10
[2.238s] -- Using PYTHON_LIBRARIES: /usr/lib/x86_64-linux-gnu/libpython3.10.so
[2.253s] -- Found PythonExtra: .so  
[2.298s] -- Found ament_cmake_flake8: 0.12.14 (/opt/ros/humble/share/ament_cmake_flake8/cmake)
[2.300s] -- Found ament_cmake_pep257: 0.12.14 (/opt/ros/humble/share/ament_cmake_pep257/cmake)
[2.313s] -- Configuring done
[2.560s] -- Generating done
[2.587s] -- Build files have been written to: /home/wh1te/ros2_ws/build/px4_msgs
[2.598s] Invoked command in '/home/wh1te/ros2_ws/build/px4_msgs' returned '0': CMAKE_PREFIX_PATH=/opt/ros/humble /usr/bin/cmake /home/wh1te/ros2_ws/src/px4_msgs -DCMAKE_INSTALL_PREFIX=/home/wh1te/ros2_ws/install/px4_msgs
[2.600s] Invoking command in '/home/wh1te/ros2_ws/build/px4_msgs': CMAKE_PREFIX_PATH=/opt/ros/humble /usr/bin/cmake --build /home/wh1te/ros2_ws/build/px4_msgs -- -j16 -l16
[3.061s] [  0%] [34m[1mGenerating C code for ROS interfaces[0m
[3.065s] [  0%] Built target ament_cmake_python_copy_px4_msgs
[3.078s] [  0%] [34m[1mGenerating C++ code for ROS interfaces[0m
[3.266s] running egg_info
[3.266s] creating px4_msgs.egg-info
[3.266s] writing px4_msgs.egg-info/PKG-INFO
[3.267s] writing dependency_links to px4_msgs.egg-info/dependency_links.txt
[3.267s] writing top-level names to px4_msgs.egg-info/top_level.txt
[3.267s] writing manifest file 'px4_msgs.egg-info/SOURCES.txt'
[3.269s] reading manifest file 'px4_msgs.egg-info/SOURCES.txt'
[3.270s] writing manifest file 'px4_msgs.egg-info/SOURCES.txt'
[3.289s] [  0%] Built target ament_cmake_python_build_px4_msgs_egg
[30.122s] [  0%] Built target px4_msgs__cpp
[30.140s] [  0%] [34m[1mGenerating C++ type support dispatch for ROS interfaces[0m
[30.145s] [  0%] [34m[1mGenerating C++ type support for eProsima Fast-RTPS[0m
[30.146s] [  0%] [34m[1mGenerating C++ introspection for ROS interfaces[0m
[30.584s] [  0%] [32mBuilding C object CMakeFiles/px4_msgs__rosidl_generator_c.dir/rosidl_generator_c/px4_msgs/msg/detail/action_request__functions.c.o[0m
[30.585s] [  0%] [32mBuilding C object CMakeFiles/px4_msgs__rosidl_generator_c.dir/rosidl_generator_c/px4_msgs/msg/detail/actuator_armed__functions.c.o[0m
[30.585s] [  0%] [32mBuilding C object CMakeFiles/px4_msgs__rosidl_generator_c.dir/rosidl_generator_c/px4_msgs/msg/detail/actuator_motors__functions.c.o[0m
[30.585s] [  0%] [32mBuilding C object CMakeFiles/px4_msgs__rosidl_generator_c.dir/rosidl_generator_c/px4_msgs/msg/detail/actuator_outputs__functions.c.o[0m
[30.585s] [  0%] [32mBuilding C object CMakeFiles/px4_msgs__rosidl_generator_c.dir/rosidl_generator_c/px4_msgs/msg/detail/actuator_controls_status__functions.c.o[0m
[30.585s] [  0%] [32mBuilding C object CMakeFiles/px4_msgs__rosidl_generator_c.dir/rosidl_generator_c/px4_msgs/msg/detail/actuator_servos_trim__functions.c.o[0m
[30.585s] [  0%] [32mBuilding C object CMakeFiles/px4_msgs__rosidl_generator_c.dir/rosidl_generator_c/px4_msgs/msg/detail/actuator_servos__functions.c.o[0m
[30.585s] [  0%] [32mBuilding C object CMakeFiles/px4_msgs__rosidl_generator_c.dir/rosidl_generator_c/px4_msgs/msg/detail/actuator_test__functions.c.o[0m
[30.585s] [  0%] [32mBuilding C object CMakeFiles/px4_msgs__rosidl_generator_c.dir/rosidl_generator_c/px4_msgs/msg/detail/adc_report__functions.c.o[0m
[30.585s] [  0%] [32mBuilding C object CMakeFiles/px4_msgs__rosidl_generator_c.dir/rosidl_generator_c/px4_msgs/msg/detail/airspeed__functions.c.o[0m
[30.585s] [  0%] [32mBuilding C object CMakeFiles/px4_msgs__rosidl_generator_c.dir/rosidl_generator_c/px4_msgs/msg/detail/airspeed_validated__functions.c.o[0m
[30.585s] [  1%] [32mBuilding C object CMakeFiles/px4_msgs__rosidl_generator_c.dir/rosidl_generator_c/px4_msgs/msg/detail/autotune_attitude_control_status__functions.c.o[0m
[30.585s] [  1%] [32mBuilding C object CMakeFiles/px4_msgs__rosidl_generator_c.dir/rosidl_generator_c/px4_msgs/msg/detail/airspeed_wind__functions.c.o[0m
[30.638s] [  1%] [32mBuilding C object CMakeFiles/px4_msgs__rosidl_generator_c.dir/rosidl_generator_c/px4_msgs/msg/detail/battery_status__functions.c.o[0m
[30.639s] [  1%] [32mBuilding C object CMakeFiles/px4_msgs__rosidl_generator_c.dir/rosidl_generator_c/px4_msgs/msg/detail/camera_status__functions.c.o[0m
[30.640s] [  1%] [32mBuilding C object CMakeFiles/px4_msgs__rosidl_generator_c.dir/rosidl_generator_c/px4_msgs/msg/detail/button_event__functions.c.o[0m
[30.640s] [  1%] [32mBuilding C object CMakeFiles/px4_msgs__rosidl_generator_c.dir/rosidl_generator_c/px4_msgs/msg/detail/camera_capture__functions.c.o[0m
[30.640s] [  1%] [32mBuilding C object CMakeFiles/px4_msgs__rosidl_generator_c.dir/rosidl_generator_c/px4_msgs/msg/detail/camera_trigger__functions.c.o[0m
[30.640s] [  1%] [32mBuilding C object CMakeFiles/px4_msgs__rosidl_generator_c.dir/rosidl_generator_c/px4_msgs/msg/detail/cellular_status__functions.c.o[0m
[30.640s] [  1%] [32mBuilding C object CMakeFiles/px4_msgs__rosidl_generator_c.dir/rosidl_generator_c/px4_msgs/msg/detail/collision_constraints__functions.c.o[0m
[30.640s] [  1%] [32mBuilding C object CMakeFiles/px4_msgs__rosidl_generator_c.dir/rosidl_generator_c/px4_msgs/msg/detail/collision_report__functions.c.o[0m
[30.640s] [  1%] [32mBuilding C object CMakeFiles/px4_msgs__rosidl_generator_c.dir/rosidl_generator_c/px4_msgs/msg/detail/control_allocator_status__functions.c.o[0m
[30.640s] [  1%] [32mBuilding C object CMakeFiles/px4_msgs__rosidl_generator_c.dir/rosidl_generator_c/px4_msgs/msg/detail/debug_array__functions.c.o[0m
[30.640s] [  1%] [32mBuilding C object CMakeFiles/px4_msgs__rosidl_generator_c.dir/rosidl_generator_c/px4_msgs/msg/detail/debug_key_value__functions.c.o[0m
[30.644s] [  1%] [32mBuilding C object CMakeFiles/px4_msgs__rosidl_generator_c.dir/rosidl_generator_c/px4_msgs/msg/detail/cpuload__functions.c.o[0m
[30.651s] [  1%] [32mBuilding C object CMakeFiles/px4_msgs__rosidl_generator_c.dir/rosidl_generator_c/px4_msgs/msg/detail/debug_value__functions.c.o[0m
[30.694s] [  1%] [32mBuilding C object CMakeFiles/px4_msgs__rosidl_generator_c.dir/rosidl_generator_c/px4_msgs/msg/detail/differential_pressure__functions.c.o[0m
[30.694s] [  1%] [32mBuilding C object CMakeFiles/px4_msgs__rosidl_generator_c.dir/rosidl_generator_c/px4_msgs/msg/detail/distance_sensor__functions.c.o[0m
[30.694s] [  1%] [32mBuilding C object CMakeFiles/px4_msgs__rosidl_generator_c.dir/rosidl_generator_c/px4_msgs/msg/detail/esc_report__functions.c.o[0m
[30.694s] [  1%] [32mBuilding C object CMakeFiles/px4_msgs__rosidl_generator_c.dir/rosidl_generator_c/px4_msgs/msg/detail/ekf2_timestamps__functions.c.o[0m
[30.694s] [  2%] [32mBuilding C object CMakeFiles/px4_msgs__rosidl_generator_c.dir/rosidl_generator_c/px4_msgs/msg/detail/esc_status__functions.c.o[0m
[30.695s] [  2%] [32mBuilding C object CMakeFiles/px4_msgs__rosidl_generator_c.dir/rosidl_generator_c/px4_msgs/msg/detail/debug_vect__functions.c.o[0m
[30.695s] [  2%] [32mBuilding C object CMakeFiles/px4_msgs__rosidl_generator_c.dir/rosidl_generator_c/px4_msgs/msg/detail/estimator_aid_source1d__functions.c.o[0m
[30.695s] [  2%] [32mBuilding C object CMakeFiles/px4_msgs__rosidl_generator_c.dir/rosidl_generator_c/px4_msgs/msg/detail/estimator_aid_source2d__functions.c.o[0m
[30.695s] [  2%] [32mBuilding C object CMakeFiles/px4_msgs__rosidl_generator_c.dir/rosidl_generator_c/px4_msgs/msg/detail/estimator_aid_source3d__functions.c.o[0m
[30.699s] [  2%] [32mBuilding C object CMakeFiles/px4_msgs__rosidl_generator_c.dir/rosidl_generator_c/px4_msgs/msg/detail/estimator_bias__functions.c.o[0m
[30.700s] [  2%] [32mBuilding C object CMakeFiles/px4_msgs__rosidl_generator_c.dir/rosidl_generator_c/px4_msgs/msg/detail/estimator_bias3d__functions.c.o[0m
[30.700s] [  2%] [32mBuilding C object CMakeFiles/px4_msgs__rosidl_generator_c.dir/rosidl_generator_c/px4_msgs/msg/detail/estimator_event_flags__functions.c.o[0m
[30.706s] [  2%] [32mBuilding C object CMakeFiles/px4_msgs__rosidl_generator_c.dir/rosidl_generator_c/px4_msgs/msg/detail/estimator_gps_status__functions.c.o[0m
[30.750s] [  2%] [32mBuilding C object CMakeFiles/px4_msgs__rosidl_generator_c.dir/rosidl_generator_c/px4_msgs/msg/detail/estimator_innovations__functions.c.o[0m
[30.751s] [  2%] [32mBuilding C object CMakeFiles/px4_msgs__rosidl_generator_c.dir/rosidl_generator_c/px4_msgs/msg/detail/estimator_selector_status__functions.c.o[0m
[30.753s] [  3%] [32mBuilding C object CMakeFiles/px4_msgs__rosidl_generator_c.dir/rosidl_generator_c/px4_msgs/msg/detail/estimator_sensor_bias__functions.c.o[0m
[30.753s] [  3%] [32mBuilding C object CMakeFiles/px4_msgs__rosidl_generator_c.dir/rosidl_generator_c/px4_msgs/msg/detail/estimator_states__functions.c.o[0m
[30.753s] [  3%] [32mBuilding C object CMakeFiles/px4_msgs__rosidl_generator_c.dir/rosidl_generator_c/px4_msgs/msg/detail/estimator_status__functions.c.o[0m
[30.754s] [  3%] [32mBuilding C object CMakeFiles/px4_msgs__rosidl_generator_c.dir/rosidl_generator_c/px4_msgs/msg/detail/event__functions.c.o[0m
[30.754s] [  3%] [32mBuilding C object CMakeFiles/px4_msgs__rosidl_generator_c.dir/rosidl_generator_c/px4_msgs/msg/detail/failsafe_flags__functions.c.o[0m
[30.754s] [  3%] [32mBuilding C object CMakeFiles/px4_msgs__rosidl_generator_c.dir/rosidl_generator_c/px4_msgs/msg/detail/estimator_status_flags__functions.c.o[0m
[30.756s] [  3%] [32mBuilding C object CMakeFiles/px4_msgs__rosidl_generator_c.dir/rosidl_generator_c/px4_msgs/msg/detail/follow_target__functions.c.o[0m
[30.756s] [  3%] [32mBuilding C object CMakeFiles/px4_msgs__rosidl_generator_c.dir/rosidl_generator_c/px4_msgs/msg/detail/failure_detector_status__functions.c.o[0m
[30.758s] [  3%] [32mBuilding C object CMakeFiles/px4_msgs__rosidl_generator_c.dir/rosidl_generator_c/px4_msgs/msg/detail/follow_target_estimator__functions.c.o[0m
[30.761s] [  3%] [32mBuilding C object CMakeFiles/px4_msgs__rosidl_generator_c.dir/rosidl_generator_c/px4_msgs/msg/detail/follow_target_status__functions.c.o[0m
[30.771s] [  3%] [32mBuilding C object CMakeFiles/px4_msgs__rosidl_generator_c.dir/rosidl_generator_c/px4_msgs/msg/detail/generator_status__functions.c.o[0m
[30.807s] [  3%] [32mBuilding C object CMakeFiles/px4_msgs__rosidl_generator_c.dir/rosidl_generator_c/px4_msgs/msg/detail/geofence_result__functions.c.o[0m
[30.807s] [  3%] [32mBuilding C object CMakeFiles/px4_msgs__rosidl_generator_c.dir/rosidl_generator_c/px4_msgs/msg/detail/gimbal_controls__functions.c.o[0m
[30.811s] [  3%] [32mBuilding C object CMakeFiles/px4_msgs__rosidl_generator_c.dir/rosidl_generator_c/px4_msgs/msg/detail/gimbal_device_attitude_status__functions.c.o[0m
[30.812s] [  3%] [32mBuilding C object CMakeFiles/px4_msgs__rosidl_generator_c.dir/rosidl_generator_c/px4_msgs/msg/detail/gimbal_device_information__functions.c.o[0m
[30.814s] [  3%] [32mBuilding C object CMakeFiles/px4_msgs__rosidl_generator_c.dir/rosidl_generator_c/px4_msgs/msg/detail/gimbal_manager_information__functions.c.o[0m
[30.814s] [  4%] [32mBuilding C object CMakeFiles/px4_msgs__rosidl_generator_c.dir/rosidl_generator_c/px4_msgs/msg/detail/gimbal_device_set_attitude__functions.c.o[0m
[30.814s] [  4%] [32mBuilding C object CMakeFiles/px4_msgs__rosidl_generator_c.dir/rosidl_generator_c/px4_msgs/msg/detail/gimbal_manager_set_attitude__functions.c.o[0m
[30.816s] [  4%] [32mBuilding C object CMakeFiles/px4_msgs__rosidl_generator_c.dir/rosidl_generator_c/px4_msgs/msg/detail/gimbal_manager_set_manual_control__functions.c.o[0m
[30.816s] [  4%] [32mBuilding C object CMakeFiles/px4_msgs__rosidl_generator_c.dir/rosidl_generator_c/px4_msgs/msg/detail/gimbal_manager_status__functions.c.o[0m
[30.817s] [  4%] [32mBuilding C object CMakeFiles/px4_msgs__rosidl_generator_c.dir/rosidl_generator_c/px4_msgs/msg/detail/gps_dump__functions.c.o[0m
[30.821s] [  4%] [32mBuilding C object CMakeFiles/px4_msgs__rosidl_generator_c.dir/rosidl_generator_c/px4_msgs/msg/detail/gps_inject_data__functions.c.o[0m
[30.821s] [  4%] [32mBuilding C object CMakeFiles/px4_msgs__rosidl_generator_c.dir/rosidl_generator_c/px4_msgs/msg/detail/gripper__functions.c.o[0m
[30.828s] [  4%] [32mBuilding C object CMakeFiles/px4_msgs__rosidl_generator_c.dir/rosidl_generator_c/px4_msgs/msg/detail/health_report__functions.c.o[0m
[30.864s] [  4%] [32mBuilding C object CMakeFiles/px4_msgs__rosidl_generator_c.dir/rosidl_generator_c/px4_msgs/msg/detail/home_position__functions.c.o[0m
[30.865s] [  4%] [32mBuilding C object CMakeFiles/px4_msgs__rosidl_generator_c.dir/rosidl_generator_c/px4_msgs/msg/detail/heater_status__functions.c.o[0m
[30.868s] [  4%] [32mBuilding C object CMakeFiles/px4_msgs__rosidl_generator_c.dir/rosidl_generator_c/px4_msgs/msg/detail/hover_thrust_estimate__functions.c.o[0m
[30.870s] [  4%] [32mBuilding C object CMakeFiles/px4_msgs__rosidl_generator_c.dir/rosidl_generator_c/px4_msgs/msg/detail/input_rc__functions.c.o[0m
[30.870s] [  5%] [32mBuilding C object CMakeFiles/px4_msgs__rosidl_generator_c.dir/rosidl_generator_c/px4_msgs/msg/detail/irlock_report__functions.c.o[0m
[30.870s] [  5%] [32mBuilding C object CMakeFiles/px4_msgs__rosidl_generator_c.dir/rosidl_generator_c/px4_msgs/msg/detail/iridiumsbd_status__functions.c.o[0m
[30.871s] [  5%] [32mBuilding C object CMakeFiles/px4_msgs__rosidl_generator_c.dir/rosidl_generator_c/px4_msgs/msg/detail/internal_combustion_engine_status__functions.c.o[0m
[30.874s] [  5%] [32mBuilding C object CMakeFiles/px4_msgs__rosidl_generator_c.dir/rosidl_generator_c/px4_msgs/msg/detail/landing_gear_wheel__functions.c.o[0m
[30.875s] [  5%] [32mBuilding C object CMakeFiles/px4_msgs__rosidl_generator_c.dir/rosidl_generator_c/px4_msgs/msg/detail/landing_gear__functions.c.o[0m
[30.875s] [  5%] [32mBuilding C object CMakeFiles/px4_msgs__rosidl_generator_c.dir/rosidl_generator_c/px4_msgs/msg/detail/landing_target_innovations__functions.c.o[0m
[30.878s] [  5%] [32mBuilding C object CMakeFiles/px4_msgs__rosidl_generator_c.dir/rosidl_generator_c/px4_msgs/msg/detail/landing_target_pose__functions.c.o[0m
[30.880s] [  5%] [32mBuilding C object CMakeFiles/px4_msgs__rosidl_generator_c.dir/rosidl_generator_c/px4_msgs/msg/detail/launch_detection_status__functions.c.o[0m
[30.886s] [  5%] [32mBuilding C object CMakeFiles/px4_msgs__rosidl_generator_c.dir/rosidl_generator_c/px4_msgs/msg/detail/led_control__functions.c.o[0m
[30.927s] [  5%] [32mBuilding C object CMakeFiles/px4_msgs__rosidl_generator_c.dir/rosidl_generator_c/px4_msgs/msg/detail/log_message__functions.c.o[0m
[30.930s] [  5%] [32mBuilding C object CMakeFiles/px4_msgs__rosidl_generator_c.dir/rosidl_generator_c/px4_msgs/msg/detail/logger_status__functions.c.o[0m
[30.930s] [  5%] [32mBuilding C object CMakeFiles/px4_msgs__rosidl_generator_c.dir/rosidl_generator_c/px4_msgs/msg/detail/mag_worker_data__functions.c.o[0m
[30.931s] [  5%] [32mBuilding C object CMakeFiles/px4_msgs__rosidl_generator_c.dir/rosidl_generator_c/px4_msgs/msg/detail/manual_control_setpoint__functions.c.o[0m
[30.934s] [  5%] [32mBuilding C object CMakeFiles/px4_msgs__rosidl_generator_c.dir/rosidl_generator_c/px4_msgs/msg/detail/manual_control_switches__functions.c.o[0m
[30.934s] [  5%] [32mBuilding C object CMakeFiles/px4_msgs__rosidl_generator_c.dir/rosidl_generator_c/px4_msgs/msg/detail/magnetometer_bias_estimate__functions.c.o[0m
[30.939s] [  5%] [32mBuilding C object CMakeFiles/px4_msgs__rosidl_generator_c.dir/rosidl_generator_c/px4_msgs/msg/detail/mavlink_tunnel__functions.c.o[0m
[30.939s] [  5%] [32mBuilding C object CMakeFiles/px4_msgs__rosidl_generator_c.dir/rosidl_generator_c/px4_msgs/msg/detail/mavlink_log__functions.c.o[0m
[30.942s] [  6%] [32mBuilding C object CMakeFiles/px4_msgs__rosidl_generator_c.dir/rosidl_generator_c/px4_msgs/msg/detail/mission__functions.c.o[0m
[30.943s] [  6%] [32mBuilding C object CMakeFiles/px4_msgs__rosidl_generator_c.dir/rosidl_generator_c/px4_msgs/msg/detail/mission_result__functions.c.o[0m
[30.951s] [  6%] [32mBuilding C object CMakeFiles/px4_msgs__rosidl_generator_c.dir/rosidl_generator_c/px4_msgs/msg/detail/mount_orientation__functions.c.o[0m
[30.952s] [  6%] [32mBuilding C object CMakeFiles/px4_msgs__rosidl_generator_c.dir/rosidl_generator_c/px4_msgs/msg/detail/mode_completed__functions.c.o[0m
[30.956s] [  6%] [32mBuilding C object CMakeFiles/px4_msgs__rosidl_generator_c.dir/rosidl_generator_c/px4_msgs/msg/detail/navigator_mission_item__functions.c.o[0m
[30.986s] [  6%] [32mBuilding C object CMakeFiles/px4_msgs__rosidl_generator_c.dir/rosidl_generator_c/px4_msgs/msg/detail/normalized_unsigned_setpoint__functions.c.o[0m
[30.992s] [  6%] [32mBuilding C object CMakeFiles/px4_msgs__rosidl_generator_c.dir/rosidl_generator_c/px4_msgs/msg/detail/npfg_status__functions.c.o[0m
[30.996s] [  6%] [32mBuilding C object CMakeFiles/px4_msgs__rosidl_generator_c.dir/rosidl_generator_c/px4_msgs/msg/detail/obstacle_distance__functions.c.o[0m
[30.997s] [  6%] [32mBuilding C object CMakeFiles/px4_msgs__rosidl_generator_c.dir/rosidl_generator_c/px4_msgs/msg/detail/offboard_control_mode__functions.c.o[0m
[31.000s] [  6%] [32mBuilding C object CMakeFiles/px4_msgs__rosidl_generator_c.dir/rosidl_generator_c/px4_msgs/msg/detail/onboard_computer_status__functions.c.o[0m
[31.003s] [  6%] [32mBuilding C object CMakeFiles/px4_msgs__rosidl_generator_c.dir/rosidl_generator_c/px4_msgs/msg/detail/orb_test__functions.c.o[0m
[31.004s] [  6%] [32mBuilding C object CMakeFiles/px4_msgs__rosidl_generator_c.dir/rosidl_generator_c/px4_msgs/msg/detail/orb_test_large__functions.c.o[0m
[31.006s] [  6%] [32mBuilding C object CMakeFiles/px4_msgs__rosidl_generator_c.dir/rosidl_generator_c/px4_msgs/msg/detail/orb_test_medium__functions.c.o[0m
[31.014s] [  6%] [32mBuilding C object CMakeFiles/px4_msgs__rosidl_generator_c.dir/rosidl_generator_c/px4_msgs/msg/detail/orbit_status__functions.c.o[0m
[31.015s] [  6%] [32mBuilding C object CMakeFiles/px4_msgs__rosidl_generator_c.dir/rosidl_generator_c/px4_msgs/msg/detail/parameter_update__functions.c.o[0m
[31.016s] [  6%] [32mBuilding C object CMakeFiles/px4_msgs__rosidl_generator_c.dir/rosidl_generator_c/px4_msgs/msg/detail/position_controller_landing_status__functions.c.o[0m
[31.016s] [  7%] [32mBuilding C object CMakeFiles/px4_msgs__rosidl_generator_c.dir/rosidl_generator_c/px4_msgs/msg/detail/ping__functions.c.o[0m
[31.032s] [  7%] [32mBuilding C object CMakeFiles/px4_msgs__rosidl_generator_c.dir/rosidl_generator_c/px4_msgs/msg/detail/position_controller_status__functions.c.o[0m
[31.055s] [  7%] [32mBuilding C object CMakeFiles/px4_msgs__rosidl_generator_c.dir/rosidl_generator_c/px4_msgs/msg/detail/position_setpoint__functions.c.o[0m
[31.055s] [  7%] [32mBuilding C object CMakeFiles/px4_msgs__rosidl_generator_c.dir/rosidl_generator_c/px4_msgs/msg/detail/position_setpoint_triplet__functions.c.o[0m
[31.065s] [  7%] [32mBuilding C object CMakeFiles/px4_msgs__rosidl_generator_c.dir/rosidl_generator_c/px4_msgs/msg/detail/pps_capture__functions.c.o[0m
[31.066s] [  7%] [32mBuilding C object CMakeFiles/px4_msgs__rosidl_generator_c.dir/rosidl_generator_c/px4_msgs/msg/detail/power_button_state__functions.c.o[0m
[31.066s] [  7%] [32mBuilding C object CMakeFiles/px4_msgs__rosidl_generator_c.dir/rosidl_generator_c/px4_msgs/msg/detail/power_monitor__functions.c.o[0m
[31.068s] [  7%] [32mBuilding C object CMakeFiles/px4_msgs__rosidl_generator_c.dir/rosidl_generator_c/px4_msgs/msg/detail/px4io_status__functions.c.o[0m
[31.068s] [  7%] [32mBuilding C object CMakeFiles/px4_msgs__rosidl_generator_c.dir/rosidl_generator_c/px4_msgs/msg/detail/pwm_input__functions.c.o[0m
[31.070s] [  7%] [32mBuilding C object CMakeFiles/px4_msgs__rosidl_generator_c.dir/rosidl_generator_c/px4_msgs/msg/detail/qshell_req__functions.c.o[0m
[31.077s] [  7%] [32mBuilding C object CMakeFiles/px4_msgs__rosidl_generator_c.dir/rosidl_generator_c/px4_msgs/msg/detail/qshell_retval__functions.c.o[0m
[31.079s] [  7%] [32mBuilding C object CMakeFiles/px4_msgs__rosidl_generator_c.dir/rosidl_generator_c/px4_msgs/msg/detail/radio_status__functions.c.o[0m
[31.088s] [  7%] [32mBuilding C object CMakeFiles/px4_msgs__rosidl_generator_c.dir/rosidl_generator_c/px4_msgs/msg/detail/rate_ctrl_status__functions.c.o[0m
[31.091s] [  7%] [32mBuilding C object CMakeFiles/px4_msgs__rosidl_generator_c.dir/rosidl_generator_c/px4_msgs/msg/detail/rc_channels__functions.c.o[0m
[31.108s] [  8%] [32mBuilding C object CMakeFiles/px4_msgs__rosidl_generator_c.dir/rosidl_generator_c/px4_msgs/msg/detail/rc_parameter_map__functions.c.o[0m
[31.125s] [  8%] [32mBuilding C object CMakeFiles/px4_msgs__rosidl_generator_c.dir/rosidl_generator_c/px4_msgs/msg/detail/rpm__functions.c.o[0m
[31.125s] [  8%] [32mBuilding C object CMakeFiles/px4_msgs__rosidl_generator_c.dir/rosidl_generator_c/px4_msgs/msg/detail/rtl_time_estimate__functions.c.o[0m
[31.130s] [  8%] [32mBuilding C object CMakeFiles/px4_msgs__rosidl_generator_c.dir/rosidl_generator_c/px4_msgs/msg/detail/satellite_info__functions.c.o[0m
[31.131s] [  8%] [32mBuilding C object CMakeFiles/px4_msgs__rosidl_generator_c.dir/rosidl_generator_c/px4_msgs/msg/detail/sensor_accel_fifo__functions.c.o[0m
[31.135s] [  8%] [32mBuilding C object CMakeFiles/px4_msgs__rosidl_generator_c.dir/rosidl_generator_c/px4_msgs/msg/detail/sensor_accel__functions.c.o[0m
[31.139s] [  8%] [32mBuilding C object CMakeFiles/px4_msgs__rosidl_generator_c.dir/rosidl_generator_c/px4_msgs/msg/detail/sensor_baro__functions.c.o[0m
[31.141s] [  8%] [32mBuilding C object CMakeFiles/px4_msgs__rosidl_generator_c.dir/rosidl_generator_c/px4_msgs/msg/detail/sensor_combined__functions.c.o[0m
[31.141s] [  8%] [32mBuilding C object CMakeFiles/px4_msgs__rosidl_generator_c.dir/rosidl_generator_c/px4_msgs/msg/detail/sensor_correction__functions.c.o[0m
[31.143s] [  8%] [32mBuilding C object CMakeFiles/px4_msgs__rosidl_generator_c.dir/rosidl_generator_c/px4_msgs/msg/detail/sensor_gnss_relative__functions.c.o[0m
[31.151s] [  8%] [32mBuilding C object CMakeFiles/px4_msgs__rosidl_generator_c.dir/rosidl_generator_c/px4_msgs/msg/detail/sensor_gps__functions.c.o[0m
[31.151s] [  8%] [32mBuilding C object CMakeFiles/px4_msgs__rosidl_generator_c.dir/rosidl_generator_c/px4_msgs/msg/detail/sensor_gyro__functions.c.o[0m
[31.158s] [  8%] [32mBuilding C object CMakeFiles/px4_msgs__rosidl_generator_c.dir/rosidl_generator_c/px4_msgs/msg/detail/sensor_gyro_fft__functions.c.o[0m
[31.177s] [  8%] [32mBuilding C object CMakeFiles/px4_msgs__rosidl_generator_c.dir/rosidl_generator_c/px4_msgs/msg/detail/sensor_gyro_fifo__functions.c.o[0m
[31.192s] [  8%] [32mBuilding C object CMakeFiles/px4_msgs__rosidl_generator_c.dir/rosidl_generator_c/px4_msgs/msg/detail/sensor_hygrometer__functions.c.o[0m
[31.196s] [  9%] [32mBuilding C object CMakeFiles/px4_msgs__rosidl_generator_c.dir/rosidl_generator_c/px4_msgs/msg/detail/sensor_mag__functions.c.o[0m
[31.201s] [  9%] [32mBuilding C object CMakeFiles/px4_msgs__rosidl_generator_c.dir/rosidl_generator_c/px4_msgs/msg/detail/sensor_optical_flow__functions.c.o[0m
[31.205s] [  9%] [32mBuilding C object CMakeFiles/px4_msgs__rosidl_generator_c.dir/rosidl_generator_c/px4_msgs/msg/detail/sensor_selection__functions.c.o[0m
[31.206s] [  9%] [32mBuilding C object CMakeFiles/px4_msgs__rosidl_generator_c.dir/rosidl_generator_c/px4_msgs/msg/detail/sensor_preflight_mag__functions.c.o[0m
[31.206s] [  9%] [32mBuilding C object CMakeFiles/px4_msgs__rosidl_generator_c.dir/rosidl_generator_c/px4_msgs/msg/detail/sensor_uwb__functions.c.o[0m
[31.211s] [  9%] [32mBuilding C object CMakeFiles/px4_msgs__rosidl_generator_c.dir/rosidl_generator_c/px4_msgs/msg/detail/sensors_status_imu__functions.c.o[0m
[31.215s] [  9%] [32mBuilding C object CMakeFiles/px4_msgs__rosidl_generator_c.dir/rosidl_generator_c/px4_msgs/msg/detail/sensors_status__functions.c.o[0m
[31.220s] [  9%] [32mBuilding C object CMakeFiles/px4_msgs__rosidl_generator_c.dir/rosidl_generator_c/px4_msgs/msg/detail/tecs_status__functions.c.o[0m
[31.224s] [  9%] [32mBuilding C object CMakeFiles/px4_msgs__rosidl_generator_c.dir/rosidl_generator_c/px4_msgs/msg/detail/takeoff_status__functions.c.o[0m
[31.224s] [  9%] [32mBuilding C object CMakeFiles/px4_msgs__rosidl_generator_c.dir/rosidl_generator_c/px4_msgs/msg/detail/system_power__functions.c.o[0m
[31.229s] [  9%] [32mBuilding C object CMakeFiles/px4_msgs__rosidl_generator_c.dir/rosidl_generator_c/px4_msgs/msg/detail/task_stack_info__functions.c.o[0m
[31.250s] [  9%] [32mBuilding C object CMakeFiles/px4_msgs__rosidl_generator_c.dir/rosidl_generator_c/px4_msgs/msg/detail/telemetry_status__functions.c.o[0m
[31.251s] [  9%] [32mBuilding C object CMakeFiles/px4_msgs__rosidl_generator_c.dir/rosidl_generator_c/px4_msgs/msg/detail/tiltrotor_extra_controls__functions.c.o[0m
[31.260s] [  9%] [32mBuilding C object CMakeFiles/px4_msgs__rosidl_generator_c.dir/rosidl_generator_c/px4_msgs/msg/detail/timesync_status__functions.c.o[0m
[31.264s] [  9%] [32mBuilding C object CMakeFiles/px4_msgs__rosidl_generator_c.dir/rosidl_generator_c/px4_msgs/msg/detail/trajectory_bezier__functions.c.o[0m
[31.265s] [ 10%] [32mBuilding C object CMakeFiles/px4_msgs__rosidl_generator_c.dir/rosidl_generator_c/px4_msgs/msg/detail/trajectory_waypoint__functions.c.o[0m
[31.265s] [ 10%] [32mBuilding C object CMakeFiles/px4_msgs__rosidl_generator_c.dir/rosidl_generator_c/px4_msgs/msg/detail/trajectory_setpoint__functions.c.o[0m
[31.270s] [ 10%] [32mBuilding C object CMakeFiles/px4_msgs__rosidl_generator_c.dir/rosidl_generator_c/px4_msgs/msg/detail/transponder_report__functions.c.o[0m
[31.277s] [ 10%] [32mBuilding C object CMakeFiles/px4_msgs__rosidl_generator_c.dir/rosidl_generator_c/px4_msgs/msg/detail/tune_control__functions.c.o[0m
[31.278s] [ 10%] [32mBuilding C object CMakeFiles/px4_msgs__rosidl_generator_c.dir/rosidl_generator_c/px4_msgs/msg/detail/uavcan_parameter_request__functions.c.o[0m
[31.279s] [ 10%] [32mBuilding C object CMakeFiles/px4_msgs__rosidl_generator_c.dir/rosidl_generator_c/px4_msgs/msg/detail/uavcan_parameter_value__functions.c.o[0m
[31.282s] [ 10%] [32mBuilding C object CMakeFiles/px4_msgs__rosidl_generator_c.dir/rosidl_generator_c/px4_msgs/msg/detail/ulog_stream__functions.c.o[0m
[31.283s] [ 10%] [32mBuilding C object CMakeFiles/px4_msgs__rosidl_generator_c.dir/rosidl_generator_c/px4_msgs/msg/detail/ulog_stream_ack__functions.c.o[0m
[31.292s] [ 10%] [32mBuilding C object CMakeFiles/px4_msgs__rosidl_generator_c.dir/rosidl_generator_c/px4_msgs/msg/detail/vehicle_acceleration__functions.c.o[0m
[31.309s] [ 10%] [32mBuilding C object CMakeFiles/px4_msgs__rosidl_generator_c.dir/rosidl_generator_c/px4_msgs/msg/detail/vehicle_angular_acceleration_setpoint__functions.c.o[0m
[31.309s] [ 10%] [32mBuilding C object CMakeFiles/px4_msgs__rosidl_generator_c.dir/rosidl_generator_c/px4_msgs/msg/detail/vehicle_air_data__functions.c.o[0m
[31.318s] [ 10%] [32mBuilding C object CMakeFiles/px4_msgs__rosidl_generator_c.dir/rosidl_generator_c/px4_msgs/msg/detail/vehicle_angular_velocity__functions.c.o[0m
[31.324s] [ 10%] [32mBuilding C object CMakeFiles/px4_msgs__rosidl_generator_c.dir/rosidl_generator_c/px4_msgs/msg/detail/vehicle_attitude__functions.c.o[0m
[31.324s] [ 10%] [32mBuilding C object CMakeFiles/px4_msgs__rosidl_generator_c.dir/rosidl_generator_c/px4_msgs/msg/detail/vehicle_attitude_setpoint__functions.c.o[0m
[31.326s] [ 10%] [32mBuilding C object CMakeFiles/px4_msgs__rosidl_generator_c.dir/rosidl_generator_c/px4_msgs/msg/detail/vehicle_command__functions.c.o[0m
[31.327s] [ 11%] [32mBuilding C object CMakeFiles/px4_msgs__rosidl_generator_c.dir/rosidl_generator_c/px4_msgs/msg/detail/vehicle_command_ack__functions.c.o[0m
[31.337s] [ 11%] [32mBuilding C object CMakeFiles/px4_msgs__rosidl_generator_c.dir/rosidl_generator_c/px4_msgs/msg/detail/vehicle_control_mode__functions.c.o[0m
[31.338s] [ 11%] [32mBuilding C object CMakeFiles/px4_msgs__rosidl_generator_c.dir/rosidl_generator_c/px4_msgs/msg/detail/vehicle_constraints__functions.c.o[0m
[31.339s] [ 11%] [32mBuilding C object CMakeFiles/px4_msgs__rosidl_generator_c.dir/rosidl_generator_c/px4_msgs/msg/detail/vehicle_global_position__functions.c.o[0m
[31.339s] [ 11%] [32mBuilding C object CMakeFiles/px4_msgs__rosidl_generator_c.dir/rosidl_generator_c/px4_msgs/msg/detail/vehicle_imu__functions.c.o[0m
[31.342s] [ 11%] [32mBuilding C object CMakeFiles/px4_msgs__rosidl_generator_c.dir/rosidl_generator_c/px4_msgs/msg/detail/vehicle_imu_status__functions.c.o[0m
[31.348s] [ 11%] [32mBuilding C object CMakeFiles/px4_msgs__rosidl_generator_c.dir/rosidl_generator_c/px4_msgs/msg/detail/vehicle_land_detected__functions.c.o[0m
[31.368s] [ 11%] [32mBuilding C object CMakeFiles/px4_msgs__rosidl_generator_c.dir/rosidl_generator_c/px4_msgs/msg/detail/vehicle_local_position__functions.c.o[0m
[31.373s] [ 11%] [32mBuilding C object CMakeFiles/px4_msgs__rosidl_generator_c.dir/rosidl_generator_c/px4_msgs/msg/detail/vehicle_local_position_setpoint__functions.c.o[0m
[31.373s] [ 11%] [32mBuilding C object CMakeFiles/px4_msgs__rosidl_generator_c.dir/rosidl_generator_c/px4_msgs/msg/detail/vehicle_magnetometer__functions.c.o[0m
[31.381s] [ 11%] [32mBuilding C object CMakeFiles/px4_msgs__rosidl_generator_c.dir/rosidl_generator_c/px4_msgs/msg/detail/vehicle_odometry__functions.c.o[0m
[31.385s] [ 11%] [32mBuilding C object CMakeFiles/px4_msgs__rosidl_generator_c.dir/rosidl_generator_c/px4_msgs/msg/detail/vehicle_optical_flow__functions.c.o[0m
[31.385s] [ 11%] [32mBuilding C object CMakeFiles/px4_msgs__rosidl_generator_c.dir/rosidl_generator_c/px4_msgs/msg/detail/vehicle_optical_flow_vel__functions.c.o[0m
[31.389s] [ 11%] [32mBuilding C object CMakeFiles/px4_msgs__rosidl_generator_c.dir/rosidl_generator_c/px4_msgs/msg/detail/vehicle_rates_setpoint__functions.c.o[0m
[31.394s] [ 11%] [32mBuilding C object CMakeFiles/px4_msgs__rosidl_generator_c.dir/rosidl_generator_c/px4_msgs/msg/detail/vehicle_roi__functions.c.o[0m
[31.394s] [ 12%] [32mBuilding C object CMakeFiles/px4_msgs__rosidl_generator_c.dir/rosidl_generator_c/px4_msgs/msg/detail/vehicle_status__functions.c.o[0m
[31.399s] [ 12%] [32mBuilding C object CMakeFiles/px4_msgs__rosidl_generator_c.dir/rosidl_generator_c/px4_msgs/msg/detail/vehicle_thrust_setpoint__functions.c.o[0m
[31.404s] [ 12%] [32mBuilding C object CMakeFiles/px4_msgs__rosidl_generator_c.dir/rosidl_generator_c/px4_msgs/msg/detail/vehicle_trajectory_bezier__functions.c.o[0m
[31.405s] [ 12%] [32mBuilding C object CMakeFiles/px4_msgs__rosidl_generator_c.dir/rosidl_generator_c/px4_msgs/msg/detail/vehicle_torque_setpoint__functions.c.o[0m
[31.411s] [ 12%] [32mBuilding C object CMakeFiles/px4_msgs__rosidl_generator_c.dir/rosidl_generator_c/px4_msgs/msg/detail/vehicle_trajectory_waypoint__functions.c.o[0m
[31.427s] [ 12%] [32mBuilding C object CMakeFiles/px4_msgs__rosidl_generator_c.dir/rosidl_generator_c/px4_msgs/msg/detail/vtol_vehicle_status__functions.c.o[0m
[31.430s] [ 12%] [32mBuilding C object CMakeFiles/px4_msgs__rosidl_generator_c.dir/rosidl_generator_c/px4_msgs/msg/detail/wind__functions.c.o[0m
[31.434s] [ 12%] [32mBuilding C object CMakeFiles/px4_msgs__rosidl_generator_c.dir/rosidl_generator_c/px4_msgs/msg/detail/yaw_estimator_status__functions.c.o[0m
[31.473s] [ 12%] [32m[1mLinking C shared library libpx4_msgs__rosidl_generator_c.so[0m
[31.535s] [ 12%] Built target px4_msgs__rosidl_generator_c
[31.547s] [ 13%] [34m[1mGenerating C type support dispatch for ROS interfaces[0m
[31.548s] [ 14%] [34m[1mGenerating C type support for eProsima Fast-RTPS[0m
[31.548s] [ 15%] [34m[1mGenerating C introspection for ROS interfaces[0m
[54.593s] [ 15%] [32mBuilding CXX object CMakeFiles/px4_msgs__rosidl_typesupport_cpp.dir/rosidl_typesupport_cpp/px4_msgs/msg/actuator_armed__type_support.cpp.o[0m
[54.593s] [ 15%] [32mBuilding CXX object CMakeFiles/px4_msgs__rosidl_typesupport_cpp.dir/rosidl_typesupport_cpp/px4_msgs/msg/actuator_controls_status__type_support.cpp.o[0m
[54.594s] [ 15%] [32mBuilding CXX object CMakeFiles/px4_msgs__rosidl_typesupport_cpp.dir/rosidl_typesupport_cpp/px4_msgs/msg/action_request__type_support.cpp.o[0m
[54.594s] [ 15%] [32mBuilding CXX object CMakeFiles/px4_msgs__rosidl_typesupport_cpp.dir/rosidl_typesupport_cpp/px4_msgs/msg/actuator_motors__type_support.cpp.o[0m
[54.594s] [ 15%] [32mBuilding CXX object CMakeFiles/px4_msgs__rosidl_typesupport_cpp.dir/rosidl_typesupport_cpp/px4_msgs/msg/actuator_outputs__type_support.cpp.o[0m
[54.594s] [ 15%] [32mBuilding CXX object CMakeFiles/px4_msgs__rosidl_typesupport_cpp.dir/rosidl_typesupport_cpp/px4_msgs/msg/actuator_servos__type_support.cpp.o[0m
[54.594s] [ 15%] [32mBuilding CXX object CMakeFiles/px4_msgs__rosidl_typesupport_cpp.dir/rosidl_typesupport_cpp/px4_msgs/msg/actuator_test__type_support.cpp.o[0m
[54.594s] [ 16%] [32mBuilding CXX object CMakeFiles/px4_msgs__rosidl_typesupport_cpp.dir/rosidl_typesupport_cpp/px4_msgs/msg/actuator_servos_trim__type_support.cpp.o[0m
[54.594s] [ 16%] [32mBuilding CXX object CMakeFiles/px4_msgs__rosidl_typesupport_cpp.dir/rosidl_typesupport_cpp/px4_msgs/msg/airspeed__type_support.cpp.o[0m
[54.594s] [ 16%] [32mBuilding CXX object CMakeFiles/px4_msgs__rosidl_typesupport_cpp.dir/rosidl_typesupport_cpp/px4_msgs/msg/airspeed_validated__type_support.cpp.o[0m
[54.598s] [ 16%] [32mBuilding CXX object CMakeFiles/px4_msgs__rosidl_typesupport_cpp.dir/rosidl_typesupport_cpp/px4_msgs/msg/adc_report__type_support.cpp.o[0m
[54.961s] [ 16%] [32mBuilding CXX object CMakeFiles/px4_msgs__rosidl_typesupport_cpp.dir/rosidl_typesupport_cpp/px4_msgs/msg/airspeed_wind__type_support.cpp.o[0m
[54.974s] [ 16%] [32mBuilding CXX object CMakeFiles/px4_msgs__rosidl_typesupport_cpp.dir/rosidl_typesupport_cpp/px4_msgs/msg/autotune_attitude_control_status__type_support.cpp.o[0m
[54.974s] [ 16%] [32mBuilding CXX object CMakeFiles/px4_msgs__rosidl_typesupport_cpp.dir/rosidl_typesupport_cpp/px4_msgs/msg/battery_status__type_support.cpp.o[0m
[54.984s] [ 16%] [32mBuilding CXX object CMakeFiles/px4_msgs__rosidl_typesupport_cpp.dir/rosidl_typesupport_cpp/px4_msgs/msg/button_event__type_support.cpp.o[0m
[54.984s] [ 16%] [32mBuilding CXX object CMakeFiles/px4_msgs__rosidl_typesupport_cpp.dir/rosidl_typesupport_cpp/px4_msgs/msg/camera_status__type_support.cpp.o[0m
[54.987s] [ 16%] [32mBuilding CXX object CMakeFiles/px4_msgs__rosidl_typesupport_cpp.dir/rosidl_typesupport_cpp/px4_msgs/msg/camera_capture__type_support.cpp.o[0m
[54.989s] [ 16%] [32mBuilding CXX object CMakeFiles/px4_msgs__rosidl_typesupport_cpp.dir/rosidl_typesupport_cpp/px4_msgs/msg/camera_trigger__type_support.cpp.o[0m
[54.992s] [ 16%] [32mBuilding CXX object CMakeFiles/px4_msgs__rosidl_typesupport_cpp.dir/rosidl_typesupport_cpp/px4_msgs/msg/cellular_status__type_support.cpp.o[0m
[54.996s] [ 16%] [32mBuilding CXX object CMakeFiles/px4_msgs__rosidl_typesupport_cpp.dir/rosidl_typesupport_cpp/px4_msgs/msg/collision_report__type_support.cpp.o[0m
[54.996s] [ 16%] [32mBuilding CXX object CMakeFiles/px4_msgs__rosidl_typesupport_cpp.dir/rosidl_typesupport_cpp/px4_msgs/msg/collision_constraints__type_support.cpp.o[0m
[55.000s] [ 17%] [32mBuilding CXX object CMakeFiles/px4_msgs__rosidl_typesupport_cpp.dir/rosidl_typesupport_cpp/px4_msgs/msg/control_allocator_status__type_support.cpp.o[0m
[55.332s] [ 17%] [32mBuilding CXX object CMakeFiles/px4_msgs__rosidl_typesupport_cpp.dir/rosidl_typesupport_cpp/px4_msgs/msg/cpuload__type_support.cpp.o[0m
[55.356s] [ 17%] [32mBuilding CXX object CMakeFiles/px4_msgs__rosidl_typesupport_cpp.dir/rosidl_typesupport_cpp/px4_msgs/msg/debug_array__type_support.cpp.o[0m
[55.359s] [ 17%] [32mBuilding CXX object CMakeFiles/px4_msgs__rosidl_typesupport_cpp.dir/rosidl_typesupport_cpp/px4_msgs/msg/debug_key_value__type_support.cpp.o[0m
[55.364s] [ 17%] [32mBuilding CXX object CMakeFiles/px4_msgs__rosidl_typesupport_cpp.dir/rosidl_typesupport_cpp/px4_msgs/msg/debug_value__type_support.cpp.o[0m
[55.364s] [ 17%] [32mBuilding CXX object CMakeFiles/px4_msgs__rosidl_typesupport_cpp.dir/rosidl_typesupport_cpp/px4_msgs/msg/differential_pressure__type_support.cpp.o[0m
[55.367s] [ 17%] [32mBuilding CXX object CMakeFiles/px4_msgs__rosidl_typesupport_cpp.dir/rosidl_typesupport_cpp/px4_msgs/msg/debug_vect__type_support.cpp.o[0m
[55.373s] [ 17%] [32mBuilding CXX object CMakeFiles/px4_msgs__rosidl_typesupport_cpp.dir/rosidl_typesupport_cpp/px4_msgs/msg/ekf2_timestamps__type_support.cpp.o[0m
[55.373s] [ 17%] [32mBuilding CXX object CMakeFiles/px4_msgs__rosidl_typesupport_cpp.dir/rosidl_typesupport_cpp/px4_msgs/msg/esc_report__type_support.cpp.o[0m
[55.373s] [ 17%] [32mBuilding CXX object CMakeFiles/px4_msgs__rosidl_typesupport_cpp.dir/rosidl_typesupport_cpp/px4_msgs/msg/distance_sensor__type_support.cpp.o[0m
[55.376s] [ 17%] [32mBuilding CXX object CMakeFiles/px4_msgs__rosidl_typesupport_cpp.dir/rosidl_typesupport_cpp/px4_msgs/msg/esc_status__type_support.cpp.o[0m
[55.408s] [ 17%] [32mBuilding CXX object CMakeFiles/px4_msgs__rosidl_typesupport_cpp.dir/rosidl_typesupport_cpp/px4_msgs/msg/estimator_aid_source1d__type_support.cpp.o[0m
[55.700s] [ 17%] [32mBuilding CXX object CMakeFiles/px4_msgs__rosidl_typesupport_cpp.dir/rosidl_typesupport_cpp/px4_msgs/msg/estimator_aid_source2d__type_support.cpp.o[0m
[55.736s] [ 17%] [32mBuilding CXX object CMakeFiles/px4_msgs__rosidl_typesupport_cpp.dir/rosidl_typesupport_cpp/px4_msgs/msg/estimator_aid_source3d__type_support.cpp.o[0m
[55.739s] [ 18%] [32mBuilding CXX object CMakeFiles/px4_msgs__rosidl_typesupport_cpp.dir/rosidl_typesupport_cpp/px4_msgs/msg/estimator_bias__type_support.cpp.o[0m
[55.740s] [ 18%] [32mBuilding CXX object CMakeFiles/px4_msgs__rosidl_typesupport_cpp.dir/rosidl_typesupport_cpp/px4_msgs/msg/estimator_bias3d__type_support.cpp.o[0m
[55.748s] [ 18%] [32mBuilding CXX object CMakeFiles/px4_msgs__rosidl_typesupport_cpp.dir/rosidl_typesupport_cpp/px4_msgs/msg/estimator_event_flags__type_support.cpp.o[0m
[55.751s] [ 18%] [32mBuilding CXX object CMakeFiles/px4_msgs__rosidl_typesupport_cpp.dir/rosidl_typesupport_cpp/px4_msgs/msg/estimator_innovations__type_support.cpp.o[0m
[55.752s] [ 18%] [32mBuilding CXX object CMakeFiles/px4_msgs__rosidl_typesupport_cpp.dir/rosidl_typesupport_cpp/px4_msgs/msg/estimator_gps_status__type_support.cpp.o[0m
[55.752s] [ 18%] [32mBuilding CXX object CMakeFiles/px4_msgs__rosidl_typesupport_cpp.dir/rosidl_typesupport_cpp/px4_msgs/msg/estimator_selector_status__type_support.cpp.o[0m
[55.757s] [ 18%] [32mBuilding CXX object CMakeFiles/px4_msgs__rosidl_typesupport_cpp.dir/rosidl_typesupport_cpp/px4_msgs/msg/estimator_sensor_bias__type_support.cpp.o[0m
[55.758s] [ 18%] [32mBuilding CXX object CMakeFiles/px4_msgs__rosidl_typesupport_cpp.dir/rosidl_typesupport_cpp/px4_msgs/msg/estimator_states__type_support.cpp.o[0m
[55.809s] [ 18%] [32mBuilding CXX object CMakeFiles/px4_msgs__rosidl_typesupport_cpp.dir/rosidl_typesupport_cpp/px4_msgs/msg/estimator_status__type_support.cpp.o[0m
[56.088s] [ 18%] [32mBuilding CXX object CMakeFiles/px4_msgs__rosidl_typesupport_cpp.dir/rosidl_typesupport_cpp/px4_msgs/msg/estimator_status_flags__type_support.cpp.o[0m
[56.127s] [ 18%] [32mBuilding CXX object CMakeFiles/px4_msgs__rosidl_typesupport_cpp.dir/rosidl_typesupport_cpp/px4_msgs/msg/event__type_support.cpp.o[0m
[56.137s] [ 18%] [32mBuilding CXX object CMakeFiles/px4_msgs__rosidl_typesupport_cpp.dir/rosidl_typesupport_cpp/px4_msgs/msg/failsafe_flags__type_support.cpp.o[0m
[56.145s] [ 18%] [32mBuilding CXX object CMakeFiles/px4_msgs__rosidl_typesupport_cpp.dir/rosidl_typesupport_cpp/px4_msgs/msg/failure_detector_status__type_support.cpp.o[0m
[56.152s] [ 18%] [32mBuilding CXX object CMakeFiles/px4_msgs__rosidl_typesupport_cpp.dir/rosidl_typesupport_cpp/px4_msgs/msg/follow_target__type_support.cpp.o[0m
[56.154s] [ 18%] [32mBuilding CXX object CMakeFiles/px4_msgs__rosidl_typesupport_cpp.dir/rosidl_typesupport_cpp/px4_msgs/msg/follow_target_estimator__type_support.cpp.o[0m
[56.160s] [ 19%] [32mBuilding CXX object CMakeFiles/px4_msgs__rosidl_typesupport_cpp.dir/rosidl_typesupport_cpp/px4_msgs/msg/follow_target_status__type_support.cpp.o[0m
[56.162s] [ 19%] [32mBuilding CXX object CMakeFiles/px4_msgs__rosidl_typesupport_cpp.dir/rosidl_typesupport_cpp/px4_msgs/msg/generator_status__type_support.cpp.o[0m
[56.167s] [ 19%] [32mBuilding CXX object CMakeFiles/px4_msgs__rosidl_typesupport_cpp.dir/rosidl_typesupport_cpp/px4_msgs/msg/geofence_result__type_support.cpp.o[0m
[56.179s] [ 19%] [32mBuilding CXX object CMakeFiles/px4_msgs__rosidl_typesupport_cpp.dir/rosidl_typesupport_cpp/px4_msgs/msg/gimbal_controls__type_support.cpp.o[0m
[56.207s] [ 19%] [32mBuilding CXX object CMakeFiles/px4_msgs__rosidl_typesupport_cpp.dir/rosidl_typesupport_cpp/px4_msgs/msg/gimbal_device_attitude_status__type_support.cpp.o[0m
[56.494s] [ 19%] [32mBuilding CXX object CMakeFiles/px4_msgs__rosidl_typesupport_cpp.dir/rosidl_typesupport_cpp/px4_msgs/msg/gimbal_device_information__type_support.cpp.o[0m
[56.496s] [ 19%] [32mBuilding CXX object CMakeFiles/px4_msgs__rosidl_typesupport_cpp.dir/rosidl_typesupport_cpp/px4_msgs/msg/gimbal_device_set_attitude__type_support.cpp.o[0m
[56.531s] [ 19%] [32mBuilding CXX object CMakeFiles/px4_msgs__rosidl_typesupport_cpp.dir/rosidl_typesupport_cpp/px4_msgs/msg/gimbal_manager_information__type_support.cpp.o[0m
[56.534s] [ 19%] [32mBuilding CXX object CMakeFiles/px4_msgs__rosidl_typesupport_cpp.dir/rosidl_typesupport_cpp/px4_msgs/msg/gimbal_manager_set_attitude__type_support.cpp.o[0m
[56.551s] [ 19%] [32mBuilding CXX object CMakeFiles/px4_msgs__rosidl_typesupport_cpp.dir/rosidl_typesupport_cpp/px4_msgs/msg/gimbal_manager_set_manual_control__type_support.cpp.o[0m
[56.553s] [ 19%] [32mBuilding CXX object CMakeFiles/px4_msgs__rosidl_typesupport_cpp.dir/rosidl_typesupport_cpp/px4_msgs/msg/gimbal_manager_status__type_support.cpp.o[0m
[56.553s] [ 19%] [32mBuilding CXX object CMakeFiles/px4_msgs__rosidl_typesupport_cpp.dir/rosidl_typesupport_cpp/px4_msgs/msg/gps_dump__type_support.cpp.o[0m
[56.561s] [ 19%] [32mBuilding CXX object CMakeFiles/px4_msgs__rosidl_typesupport_cpp.dir/rosidl_typesupport_cpp/px4_msgs/msg/gps_inject_data__type_support.cpp.o[0m
[56.578s] [ 19%] [32mBuilding CXX object CMakeFiles/px4_msgs__rosidl_typesupport_cpp.dir/rosidl_typesupport_cpp/px4_msgs/msg/gripper__type_support.cpp.o[0m
[56.589s] [ 19%] [32mBuilding CXX object CMakeFiles/px4_msgs__rosidl_typesupport_cpp.dir/rosidl_typesupport_cpp/px4_msgs/msg/health_report__type_support.cpp.o[0m
[56.650s] [ 20%] [32mBuilding CXX object CMakeFiles/px4_msgs__rosidl_typesupport_cpp.dir/rosidl_typesupport_cpp/px4_msgs/msg/heater_status__type_support.cpp.o[0m
[56.873s] [ 20%] [32mBuilding CXX object CMakeFiles/px4_msgs__rosidl_typesupport_cpp.dir/rosidl_typesupport_cpp/px4_msgs/msg/home_position__type_support.cpp.o[0m
[56.886s] [ 20%] [32mBuilding CXX object CMakeFiles/px4_msgs__rosidl_typesupport_cpp.dir/rosidl_typesupport_cpp/px4_msgs/msg/hover_thrust_estimate__type_support.cpp.o[0m
[56.928s] [ 20%] [32mBuilding CXX object CMakeFiles/px4_msgs__rosidl_typesupport_cpp.dir/rosidl_typesupport_cpp/px4_msgs/msg/input_rc__type_support.cpp.o[0m
[56.947s] [ 20%] [32mBuilding CXX object CMakeFiles/px4_msgs__rosidl_typesupport_cpp.dir/rosidl_typesupport_cpp/px4_msgs/msg/iridiumsbd_status__type_support.cpp.o[0m
[56.947s] [ 20%] [32mBuilding CXX object CMakeFiles/px4_msgs__rosidl_typesupport_cpp.dir/rosidl_typesupport_cpp/px4_msgs/msg/internal_combustion_engine_status__type_support.cpp.o[0m
[56.962s] [ 20%] [32mBuilding CXX object CMakeFiles/px4_msgs__rosidl_typesupport_cpp.dir/rosidl_typesupport_cpp/px4_msgs/msg/irlock_report__type_support.cpp.o[0m
[56.971s] [ 20%] [32mBuilding CXX object CMakeFiles/px4_msgs__rosidl_typesupport_cpp.dir/rosidl_typesupport_cpp/px4_msgs/msg/landing_gear__type_support.cpp.o[0m
[56.971s] [ 20%] [32mBuilding CXX object CMakeFiles/px4_msgs__rosidl_typesupport_cpp.dir/rosidl_typesupport_cpp/px4_msgs/msg/landing_gear_wheel__type_support.cpp.o[0m
[56.986s] [ 20%] [32mBuilding CXX object CMakeFiles/px4_msgs__rosidl_typesupport_cpp.dir/rosidl_typesupport_cpp/px4_msgs/msg/landing_target_innovations__type_support.cpp.o[0m
[56.992s] [ 20%] [32mBuilding CXX object CMakeFiles/px4_msgs__rosidl_typesupport_cpp.dir/rosidl_typesupport_cpp/px4_msgs/msg/landing_target_pose__type_support.cpp.o[0m
[57.052s] [ 20%] [32mBuilding CXX object CMakeFiles/px4_msgs__rosidl_typesupport_cpp.dir/rosidl_typesupport_cpp/px4_msgs/msg/launch_detection_status__type_support.cpp.o[0m
[57.262s] [ 20%] [32mBuilding CXX object CMakeFiles/px4_msgs__rosidl_typesupport_cpp.dir/rosidl_typesupport_cpp/px4_msgs/msg/led_control__type_support.cpp.o[0m
[57.290s] [ 20%] [32mBuilding CXX object CMakeFiles/px4_msgs__rosidl_typesupport_cpp.dir/rosidl_typesupport_cpp/px4_msgs/msg/log_message__type_support.cpp.o[0m
[57.310s] [ 20%] [32mBuilding CXX object CMakeFiles/px4_msgs__rosidl_typesupport_cpp.dir/rosidl_typesupport_cpp/px4_msgs/msg/logger_status__type_support.cpp.o[0m
[57.331s] [ 21%] [32mBuilding CXX object CMakeFiles/px4_msgs__rosidl_typesupport_cpp.dir/rosidl_typesupport_cpp/px4_msgs/msg/mag_worker_data__type_support.cpp.o[0m
[57.334s] [ 21%] [32mBuilding CXX object CMakeFiles/px4_msgs__rosidl_typesupport_cpp.dir/rosidl_typesupport_cpp/px4_msgs/msg/magnetometer_bias_estimate__type_support.cpp.o[0m
[57.351s] [ 21%] [32mBuilding CXX object CMakeFiles/px4_msgs__rosidl_typesupport_cpp.dir/rosidl_typesupport_cpp/px4_msgs/msg/manual_control_setpoint__type_support.cpp.o[0m
[57.351s] [ 21%] [32mBuilding CXX object CMakeFiles/px4_msgs__rosidl_typesupport_cpp.dir/rosidl_typesupport_cpp/px4_msgs/msg/manual_control_switches__type_support.cpp.o[0m
[57.367s] [ 21%] [32mBuilding CXX object CMakeFiles/px4_msgs__rosidl_typesupport_cpp.dir/rosidl_typesupport_cpp/px4_msgs/msg/mavlink_log__type_support.cpp.o[0m
[57.384s] [ 21%] [32mBuilding CXX object CMakeFiles/px4_msgs__rosidl_typesupport_cpp.dir/rosidl_typesupport_cpp/px4_msgs/msg/mavlink_tunnel__type_support.cpp.o[0m
[57.391s] [ 21%] [32mBuilding CXX object CMakeFiles/px4_msgs__rosidl_typesupport_cpp.dir/rosidl_typesupport_cpp/px4_msgs/msg/mission__type_support.cpp.o[0m
[57.447s] [ 21%] [32mBuilding CXX object CMakeFiles/px4_msgs__rosidl_typesupport_cpp.dir/rosidl_typesupport_cpp/px4_msgs/msg/mission_result__type_support.cpp.o[0m
[57.667s] [ 21%] [32mBuilding CXX object CMakeFiles/px4_msgs__rosidl_typesupport_cpp.dir/rosidl_typesupport_cpp/px4_msgs/msg/mode_completed__type_support.cpp.o[0m
[57.725s] [ 21%] [32mBuilding CXX object CMakeFiles/px4_msgs__rosidl_typesupport_cpp.dir/rosidl_typesupport_cpp/px4_msgs/msg/mount_orientation__type_support.cpp.o[0m
[57.731s] [ 21%] [32mBuilding CXX object CMakeFiles/px4_msgs__rosidl_typesupport_cpp.dir/rosidl_typesupport_cpp/px4_msgs/msg/navigator_mission_item__type_support.cpp.o[0m
[57.756s] [ 21%] [32mBuilding CXX object CMakeFiles/px4_msgs__rosidl_typesupport_c.dir/rosidl_typesupport_c/px4_msgs/msg/action_request__type_support.cpp.o[0m
[57.766s] [ 21%] [32mBuilding CXX object CMakeFiles/px4_msgs__rosidl_typesupport_cpp.dir/rosidl_typesupport_cpp/px4_msgs/msg/normalized_unsigned_setpoint__type_support.cpp.o[0m
[57.774s] [ 21%] [32mBuilding CXX object CMakeFiles/px4_msgs__rosidl_typesupport_c.dir/rosidl_typesupport_c/px4_msgs/msg/actuator_armed__type_support.cpp.o[0m
[57.775s] [ 21%] [32mBuilding CXX object CMakeFiles/px4_msgs__rosidl_typesupport_cpp.dir/rosidl_typesupport_cpp/px4_msgs/msg/npfg_status__type_support.cpp.o[0m
[57.791s] [ 21%] [32mBuilding CXX object CMakeFiles/px4_msgs__rosidl_typesupport_c.dir/rosidl_typesupport_c/px4_msgs/msg/actuator_controls_status__type_support.cpp.o[0m
[57.793s] [ 21%] [32mBuilding CXX object CMakeFiles/px4_msgs__rosidl_typesupport_cpp.dir/rosidl_typesupport_cpp/px4_msgs/msg/obstacle_distance__type_support.cpp.o[0m
[57.793s] [ 21%] [32mBuilding CXX object CMakeFiles/px4_msgs__rosidl_typesupport_c.dir/rosidl_typesupport_c/px4_msgs/msg/actuator_motors__type_support.cpp.o[0m
[57.797s] [ 21%] [32mBuilding CXX object CMakeFiles/px4_msgs__rosidl_typesupport_cpp.dir/rosidl_typesupport_cpp/px4_msgs/msg/offboard_control_mode__type_support.cpp.o[0m
[57.813s] [ 22%] [32mBuilding CXX object CMakeFiles/px4_msgs__rosidl_typesupport_cpp.dir/rosidl_typesupport_cpp/px4_msgs/msg/onboard_computer_status__type_support.cpp.o[0m
[57.832s] [ 22%] [32mBuilding CXX object CMakeFiles/px4_msgs__rosidl_typesupport_c.dir/rosidl_typesupport_c/px4_msgs/msg/actuator_outputs__type_support.cpp.o[0m
[57.843s] [ 22%] [32mBuilding CXX object CMakeFiles/px4_msgs__rosidl_typesupport_cpp.dir/rosidl_typesupport_cpp/px4_msgs/msg/orb_test__type_support.cpp.o[0m
[57.860s] [ 22%] [32mBuilding CXX object CMakeFiles/px4_msgs__rosidl_typesupport_c.dir/rosidl_typesupport_c/px4_msgs/msg/actuator_servos__type_support.cpp.o[0m
[57.879s] [ 22%] [32mBuilding CXX object CMakeFiles/px4_msgs__rosidl_typesupport_c.dir/rosidl_typesupport_c/px4_msgs/msg/actuator_servos_trim__type_support.cpp.o[0m
[57.894s] [ 22%] [32mBuilding CXX object CMakeFiles/px4_msgs__rosidl_typesupport_cpp.dir/rosidl_typesupport_cpp/px4_msgs/msg/orb_test_large__type_support.cpp.o[0m
[57.914s] [ 22%] [32mBuilding CXX object CMakeFiles/px4_msgs__rosidl_typesupport_cpp.dir/rosidl_typesupport_cpp/px4_msgs/msg/orb_test_medium__type_support.cpp.o[0m
[57.915s] [ 22%] [32mBuilding CXX object CMakeFiles/px4_msgs__rosidl_typesupport_c.dir/rosidl_typesupport_c/px4_msgs/msg/actuator_test__type_support.cpp.o[0m
[57.950s] [ 22%] [32mBuilding CXX object CMakeFiles/px4_msgs__rosidl_typesupport_c.dir/rosidl_typesupport_c/px4_msgs/msg/adc_report__type_support.cpp.o[0m
[57.992s] [ 22%] [32mBuilding CXX object CMakeFiles/px4_msgs__rosidl_typesupport_c.dir/rosidl_typesupport_c/px4_msgs/msg/airspeed__type_support.cpp.o[0m
[58.026s] [ 22%] [32mBuilding CXX object CMakeFiles/px4_msgs__rosidl_typesupport_c.dir/rosidl_typesupport_c/px4_msgs/msg/airspeed_validated__type_support.cpp.o[0m
[58.067s] [ 22%] [32mBuilding CXX object CMakeFiles/px4_msgs__rosidl_typesupport_cpp.dir/rosidl_typesupport_cpp/px4_msgs/msg/orbit_status__type_support.cpp.o[0m
[58.067s] [ 22%] [32mBuilding CXX object CMakeFiles/px4_msgs__rosidl_typesupport_c.dir/rosidl_typesupport_c/px4_msgs/msg/airspeed_wind__type_support.cpp.o[0m
[58.104s] [ 22%] [32mBuilding CXX object CMakeFiles/px4_msgs__rosidl_typesupport_c.dir/rosidl_typesupport_c/px4_msgs/msg/autotune_attitude_control_status__type_support.cpp.o[0m
[58.113s] [ 22%] [32mBuilding CXX object CMakeFiles/px4_msgs__rosidl_typesupport_c.dir/rosidl_typesupport_c/px4_msgs/msg/battery_status__type_support.cpp.o[0m
[58.128s] [ 23%] [32mBuilding CXX object CMakeFiles/px4_msgs__rosidl_typesupport_c.dir/rosidl_typesupport_c/px4_msgs/msg/button_event__type_support.cpp.o[0m
[58.149s] [ 23%] [32mBuilding CXX object CMakeFiles/px4_msgs__rosidl_typesupport_cpp.dir/rosidl_typesupport_cpp/px4_msgs/msg/parameter_update__type_support.cpp.o[0m
[58.153s] [ 23%] [32mBuilding CXX object CMakeFiles/px4_msgs__rosidl_typesupport_c.dir/rosidl_typesupport_c/px4_msgs/msg/camera_capture__type_support.cpp.o[0m
[58.155s] [ 23%] [32mBuilding CXX object CMakeFiles/px4_msgs__rosidl_typesupport_c.dir/rosidl_typesupport_c/px4_msgs/msg/camera_status__type_support.cpp.o[0m
[58.167s] [ 23%] [32mBuilding CXX object CMakeFiles/px4_msgs__rosidl_typesupport_cpp.dir/rosidl_typesupport_cpp/px4_msgs/msg/ping__type_support.cpp.o[0m
[58.167s] [ 23%] [32mBuilding CXX object CMakeFiles/px4_msgs__rosidl_typesupport_cpp.dir/rosidl_typesupport_cpp/px4_msgs/msg/position_controller_landing_status__type_support.cpp.o[0m
[58.190s] [ 23%] [32mBuilding CXX object CMakeFiles/px4_msgs__rosidl_typesupport_c.dir/rosidl_typesupport_c/px4_msgs/msg/camera_trigger__type_support.cpp.o[0m
[58.191s] [ 23%] [32mBuilding CXX object CMakeFiles/px4_msgs__rosidl_typesupport_c.dir/rosidl_typesupport_c/px4_msgs/msg/cellular_status__type_support.cpp.o[0m
[58.207s] [ 23%] [32mBuilding CXX object CMakeFiles/px4_msgs__rosidl_typesupport_c.dir/rosidl_typesupport_c/px4_msgs/msg/collision_constraints__type_support.cpp.o[0m
[58.208s] [ 23%] [32mBuilding CXX object CMakeFiles/px4_msgs__rosidl_typesupport_c.dir/rosidl_typesupport_c/px4_msgs/msg/collision_report__type_support.cpp.o[0m
[58.227s] [ 23%] [32mBuilding CXX object CMakeFiles/px4_msgs__rosidl_typesupport_cpp.dir/rosidl_typesupport_cpp/px4_msgs/msg/position_controller_status__type_support.cpp.o[0m
[58.227s] [ 23%] [32mBuilding CXX object CMakeFiles/px4_msgs__rosidl_typesupport_c.dir/rosidl_typesupport_c/px4_msgs/msg/control_allocator_status__type_support.cpp.o[0m
[58.232s] [ 23%] [32mBuilding CXX object CMakeFiles/px4_msgs__rosidl_typesupport_cpp.dir/rosidl_typesupport_cpp/px4_msgs/msg/position_setpoint__type_support.cpp.o[0m
[58.244s] [ 23%] [32mBuilding CXX object CMakeFiles/px4_msgs__rosidl_typesupport_c.dir/rosidl_typesupport_c/px4_msgs/msg/cpuload__type_support.cpp.o[0m
[58.248s] [ 23%] [32mBuilding CXX object CMakeFiles/px4_msgs__rosidl_typesupport_c.dir/rosidl_typesupport_c/px4_msgs/msg/debug_array__type_support.cpp.o[0m
[58.254s] [ 23%] [32mBuilding CXX object CMakeFiles/px4_msgs__rosidl_typesupport_cpp.dir/rosidl_typesupport_cpp/px4_msgs/msg/position_setpoint_triplet__type_support.cpp.o[0m
[58.265s] [ 23%] [32mBuilding CXX object CMakeFiles/px4_msgs__rosidl_typesupport_cpp.dir/rosidl_typesupport_cpp/px4_msgs/msg/power_button_state__type_support.cpp.o[0m
[58.286s] [ 23%] [32mBuilding CXX object CMakeFiles/px4_msgs__rosidl_typesupport_c.dir/rosidl_typesupport_c/px4_msgs/msg/debug_key_value__type_support.cpp.o[0m
[58.288s] [ 23%] [32mBuilding CXX object CMakeFiles/px4_msgs__rosidl_typesupport_cpp.dir/rosidl_typesupport_cpp/px4_msgs/msg/power_monitor__type_support.cpp.o[0m
[58.294s] [ 23%] [32mBuilding CXX object CMakeFiles/px4_msgs__rosidl_typesupport_c.dir/rosidl_typesupport_c/px4_msgs/msg/debug_value__type_support.cpp.o[0m
[58.296s] [ 23%] [32mBuilding CXX object CMakeFiles/px4_msgs__rosidl_typesupport_c.dir/rosidl_typesupport_c/px4_msgs/msg/debug_vect__type_support.cpp.o[0m
[58.325s] [ 23%] [32mBuilding CXX object CMakeFiles/px4_msgs__rosidl_typesupport_c.dir/rosidl_typesupport_c/px4_msgs/msg/differential_pressure__type_support.cpp.o[0m
[58.337s] [ 23%] [32mBuilding CXX object CMakeFiles/px4_msgs__rosidl_typesupport_cpp.dir/rosidl_typesupport_cpp/px4_msgs/msg/pps_capture__type_support.cpp.o[0m
[58.338s] [ 23%] [32mBuilding CXX object CMakeFiles/px4_msgs__rosidl_typesupport_cpp.dir/rosidl_typesupport_cpp/px4_msgs/msg/pwm_input__type_support.cpp.o[0m
[58.364s] [ 23%] [32mBuilding CXX object CMakeFiles/px4_msgs__rosidl_typesupport_c.dir/rosidl_typesupport_c/px4_msgs/msg/distance_sensor__type_support.cpp.o[0m
[58.402s] [ 24%] [32mBuilding CXX object CMakeFiles/px4_msgs__rosidl_typesupport_c.dir/rosidl_typesupport_c/px4_msgs/msg/ekf2_timestamps__type_support.cpp.o[0m
[58.440s] [ 24%] [32mBuilding CXX object CMakeFiles/px4_msgs__rosidl_typesupport_c.dir/rosidl_typesupport_c/px4_msgs/msg/esc_report__type_support.cpp.o[0m
[58.459s] [ 25%] [32mBuilding CXX object CMakeFiles/px4_msgs__rosidl_typesupport_cpp.dir/rosidl_typesupport_cpp/px4_msgs/msg/px4io_status__type_support.cpp.o[0m
[58.478s] [ 25%] [32mBuilding CXX object CMakeFiles/px4_msgs__rosidl_typesupport_c.dir/rosidl_typesupport_c/px4_msgs/msg/esc_status__type_support.cpp.o[0m
[58.516s] [ 25%] [32mBuilding CXX object CMakeFiles/px4_msgs__rosidl_typesupport_c.dir/rosidl_typesupport_c/px4_msgs/msg/estimator_aid_source1d__type_support.cpp.o[0m
[58.534s] [ 25%] [32mBuilding CXX object CMakeFiles/px4_msgs__rosidl_typesupport_c.dir/rosidl_typesupport_c/px4_msgs/msg/estimator_aid_source2d__type_support.cpp.o[0m
[58.535s] [ 25%] [32mBuilding CXX object CMakeFiles/px4_msgs__rosidl_typesupport_c.dir/rosidl_typesupport_c/px4_msgs/msg/estimator_aid_source3d__type_support.cpp.o[0m
[58.541s] [ 25%] [32mBuilding CXX object CMakeFiles/px4_msgs__rosidl_typesupport_c.dir/rosidl_typesupport_c/px4_msgs/msg/estimator_bias__type_support.cpp.o[0m
[58.555s] [ 25%] [32mBuilding CXX object CMakeFiles/px4_msgs__rosidl_typesupport_c.dir/rosidl_typesupport_c/px4_msgs/msg/estimator_bias3d__type_support.cpp.o[0m
[58.573s] [ 25%] [32mBuilding CXX object CMakeFiles/px4_msgs__rosidl_typesupport_cpp.dir/rosidl_typesupport_cpp/px4_msgs/msg/qshell_req__type_support.cpp.o[0m
[58.573s] [ 25%] [32mBuilding CXX object CMakeFiles/px4_msgs__rosidl_typesupport_c.dir/rosidl_typesupport_c/px4_msgs/msg/estimator_event_flags__type_support.cpp.o[0m
[58.579s] [ 25%] [32mBuilding CXX object CMakeFiles/px4_msgs__rosidl_typesupport_cpp.dir/rosidl_typesupport_cpp/px4_msgs/msg/qshell_retval__type_support.cpp.o[0m
[58.596s] [ 25%] [32mBuilding CXX object CMakeFiles/px4_msgs__rosidl_typesupport_c.dir/rosidl_typesupport_c/px4_msgs/msg/estimator_gps_status__type_support.cpp.o[0m
[58.609s] [ 25%] [32mBuilding CXX object CMakeFiles/px4_msgs__rosidl_typesupport_cpp.dir/rosidl_typesupport_cpp/px4_msgs/msg/radio_status__type_support.cpp.o[0m
[58.622s] [ 25%] [32mBuilding CXX object CMakeFiles/px4_msgs__rosidl_typesupport_c.dir/rosidl_typesupport_c/px4_msgs/msg/estimator_innovations__type_support.cpp.o[0m
[58.631s] [ 25%] [32mBuilding CXX object CMakeFiles/px4_msgs__rosidl_typesupport_cpp.dir/rosidl_typesupport_cpp/px4_msgs/msg/rate_ctrl_status__type_support.cpp.o[0m
[58.633s] [ 25%] [32mBuilding CXX object CMakeFiles/px4_msgs__rosidl_typesupport_c.dir/rosidl_typesupport_c/px4_msgs/msg/estimator_selector_status__type_support.cpp.o[0m
[58.655s] [ 25%] [32mBuilding CXX object CMakeFiles/px4_msgs__rosidl_typesupport_cpp.dir/rosidl_typesupport_cpp/px4_msgs/msg/rc_channels__type_support.cpp.o[0m
[58.665s] [ 25%] [32mBuilding CXX object CMakeFiles/px4_msgs__rosidl_typesupport_cpp.dir/rosidl_typesupport_cpp/px4_msgs/msg/rc_parameter_map__type_support.cpp.o[0m
[58.665s] [ 25%] [32mBuilding CXX object CMakeFiles/px4_msgs__rosidl_typesupport_c.dir/rosidl_typesupport_c/px4_msgs/msg/estimator_sensor_bias__type_support.cpp.o[0m
[58.671s] [ 25%] [32mBuilding CXX object CMakeFiles/px4_msgs__rosidl_typesupport_c.dir/rosidl_typesupport_c/px4_msgs/msg/estimator_states__type_support.cpp.o[0m
[58.682s] [ 25%] [32mBuilding CXX object CMakeFiles/px4_msgs__rosidl_typesupport_c.dir/rosidl_typesupport_c/px4_msgs/msg/estimator_status__type_support.cpp.o[0m
[58.703s] [ 26%] [32mBuilding CXX object CMakeFiles/px4_msgs__rosidl_typesupport_c.dir/rosidl_typesupport_c/px4_msgs/msg/estimator_status_flags__type_support.cpp.o[0m
[58.711s] [ 26%] [32mBuilding CXX object CMakeFiles/px4_msgs__rosidl_typesupport_c.dir/rosidl_typesupport_c/px4_msgs/msg/event__type_support.cpp.o[0m
[58.715s] [ 26%] [32mBuilding CXX object CMakeFiles/px4_msgs__rosidl_typesupport_cpp.dir/rosidl_typesupport_cpp/px4_msgs/msg/rpm__type_support.cpp.o[0m
[58.719s] [ 26%] [32mBuilding CXX object CMakeFiles/px4_msgs__rosidl_typesupport_cpp.dir/rosidl_typesupport_cpp/px4_msgs/msg/rtl_time_estimate__type_support.cpp.o[0m
[58.732s] [ 26%] [32mBuilding CXX object CMakeFiles/px4_msgs__rosidl_typesupport_c.dir/rosidl_typesupport_c/px4_msgs/msg/failsafe_flags__type_support.cpp.o[0m
[58.743s] [ 26%] [32mBuilding CXX object CMakeFiles/px4_msgs__rosidl_typesupport_c.dir/rosidl_typesupport_c/px4_msgs/msg/failure_detector_status__type_support.cpp.o[0m
[58.760s] [ 26%] [32mBuilding CXX object CMakeFiles/px4_msgs__rosidl_typesupport_cpp.dir/rosidl_typesupport_cpp/px4_msgs/msg/satellite_info__type_support.cpp.o[0m
[58.775s] [ 26%] [32mBuilding CXX object CMakeFiles/px4_msgs__rosidl_typesupport_cpp.dir/rosidl_typesupport_cpp/px4_msgs/msg/sensor_accel__type_support.cpp.o[0m
[58.783s] [ 26%] [32mBuilding CXX object CMakeFiles/px4_msgs__rosidl_typesupport_c.dir/rosidl_typesupport_c/px4_msgs/msg/follow_target__type_support.cpp.o[0m
[58.817s] [ 26%] [32mBuilding CXX object CMakeFiles/px4_msgs__rosidl_typesupport_c.dir/rosidl_typesupport_c/px4_msgs/msg/follow_target_estimator__type_support.cpp.o[0m
[58.843s] [ 26%] [32mBuilding CXX object CMakeFiles/px4_msgs__rosidl_typesupport_cpp.dir/rosidl_typesupport_cpp/px4_msgs/msg/sensor_accel_fifo__type_support.cpp.o[0m
[58.859s] [ 26%] [32mBuilding CXX object CMakeFiles/px4_msgs__rosidl_typesupport_c.dir/rosidl_typesupport_c/px4_msgs/msg/follow_target_status__type_support.cpp.o[0m
[58.894s] [ 26%] [32mBuilding CXX object CMakeFiles/px4_msgs__rosidl_typesupport_c.dir/rosidl_typesupport_c/px4_msgs/msg/generator_status__type_support.cpp.o[0m
[58.931s] [ 26%] [32mBuilding CXX object CMakeFiles/px4_msgs__rosidl_typesupport_c.dir/rosidl_typesupport_c/px4_msgs/msg/geofence_result__type_support.cpp.o[0m
[58.956s] [ 26%] [32mBuilding CXX object CMakeFiles/px4_msgs__rosidl_typesupport_c.dir/rosidl_typesupport_c/px4_msgs/msg/gimbal_controls__type_support.cpp.o[0m
[58.966s] [ 26%] [32mBuilding CXX object CMakeFiles/px4_msgs__rosidl_typesupport_cpp.dir/rosidl_typesupport_cpp/px4_msgs/msg/sensor_baro__type_support.cpp.o[0m
[58.978s] [ 26%] [32mBuilding CXX object CMakeFiles/px4_msgs__rosidl_typesupport_c.dir/rosidl_typesupport_c/px4_msgs/msg/gimbal_device_attitude_status__type_support.cpp.o[0m
[58.987s] [ 26%] [32mBuilding CXX object CMakeFiles/px4_msgs__rosidl_typesupport_cpp.dir/rosidl_typesupport_cpp/px4_msgs/msg/sensor_combined__type_support.cpp.o[0m
[59.000s] [ 26%] [32mBuilding CXX object CMakeFiles/px4_msgs__rosidl_typesupport_c.dir/rosidl_typesupport_c/px4_msgs/msg/gimbal_device_information__type_support.cpp.o[0m
[59.017s] [ 26%] [32mBuilding CXX object CMakeFiles/px4_msgs__rosidl_typesupport_cpp.dir/rosidl_typesupport_cpp/px4_msgs/msg/sensor_correction__type_support.cpp.o[0m
[59.031s] [ 27%] [32mBuilding CXX object CMakeFiles/px4_msgs__rosidl_typesupport_cpp.dir/rosidl_typesupport_cpp/px4_msgs/msg/sensor_gnss_relative__type_support.cpp.o[0m
[59.033s] [ 27%] [32mBuilding CXX object CMakeFiles/px4_msgs__rosidl_typesupport_c.dir/rosidl_typesupport_c/px4_msgs/msg/gimbal_device_set_attitude__type_support.cpp.o[0m
[59.056s] [ 27%] [32mBuilding CXX object CMakeFiles/px4_msgs__rosidl_typesupport_c.dir/rosidl_typesupport_c/px4_msgs/msg/gimbal_manager_information__type_support.cpp.o[0m
[59.066s] [ 27%] [32mBuilding CXX object CMakeFiles/px4_msgs__rosidl_typesupport_c.dir/rosidl_typesupport_c/px4_msgs/msg/gimbal_manager_set_attitude__type_support.cpp.o[0m
[59.072s] [ 27%] [32mBuilding CXX object CMakeFiles/px4_msgs__rosidl_typesupport_cpp.dir/rosidl_typesupport_cpp/px4_msgs/msg/sensor_gps__type_support.cpp.o[0m
[59.096s] [ 28%] [32mBuilding CXX object CMakeFiles/px4_msgs__rosidl_typesupport_c.dir/rosidl_typesupport_c/px4_msgs/msg/gimbal_manager_set_manual_control__type_support.cpp.o[0m
[59.102s] [ 28%] [32mBuilding CXX object CMakeFiles/px4_msgs__rosidl_typesupport_c.dir/rosidl_typesupport_c/px4_msgs/msg/gimbal_manager_status__type_support.cpp.o[0m
[59.107s] [ 28%] [32mBuilding CXX object CMakeFiles/px4_msgs__rosidl_typesupport_cpp.dir/rosidl_typesupport_cpp/px4_msgs/msg/sensor_gyro__type_support.cpp.o[0m
[59.135s] [ 28%] [32mBuilding CXX object CMakeFiles/px4_msgs__rosidl_typesupport_c.dir/rosidl_typesupport_c/px4_msgs/msg/gps_dump__type_support.cpp.o[0m
[59.136s] [ 28%] [32mBuilding CXX object CMakeFiles/px4_msgs__rosidl_typesupport_c.dir/rosidl_typesupport_c/px4_msgs/msg/gps_inject_data__type_support.cpp.o[0m
[59.139s] [ 28%] [32mBuilding CXX object CMakeFiles/px4_msgs__rosidl_typesupport_cpp.dir/rosidl_typesupport_cpp/px4_msgs/msg/sensor_gyro_fft__type_support.cpp.o[0m
[59.145s] [ 28%] [32mBuilding CXX object CMakeFiles/px4_msgs__rosidl_typesupport_cpp.dir/rosidl_typesupport_cpp/px4_msgs/msg/sensor_gyro_fifo__type_support.cpp.o[0m
[59.177s] [ 28%] [32mBuilding CXX object CMakeFiles/px4_msgs__rosidl_typesupport_c.dir/rosidl_typesupport_c/px4_msgs/msg/gripper__type_support.cpp.o[0m
[59.178s] [ 28%] [32mBuilding CXX object CMakeFiles/px4_msgs__rosidl_typesupport_c.dir/rosidl_typesupport_c/px4_msgs/msg/health_report__type_support.cpp.o[0m
[59.206s] [ 28%] [32mBuilding CXX object CMakeFiles/px4_msgs__rosidl_typesupport_cpp.dir/rosidl_typesupport_cpp/px4_msgs/msg/sensor_hygrometer__type_support.cpp.o[0m
[59.215s] [ 28%] [32mBuilding CXX object CMakeFiles/px4_msgs__rosidl_typesupport_cpp.dir/rosidl_typesupport_cpp/px4_msgs/msg/sensor_mag__type_support.cpp.o[0m
[59.215s] [ 28%] [32mBuilding CXX object CMakeFiles/px4_msgs__rosidl_typesupport_c.dir/rosidl_typesupport_c/px4_msgs/msg/heater_status__type_support.cpp.o[0m
[59.254s] [ 28%] [32mBuilding CXX object CMakeFiles/px4_msgs__rosidl_typesupport_cpp.dir/rosidl_typesupport_cpp/px4_msgs/msg/sensor_optical_flow__type_support.cpp.o[0m
[59.255s] [ 28%] [32mBuilding CXX object CMakeFiles/px4_msgs__rosidl_typesupport_c.dir/rosidl_typesupport_c/px4_msgs/msg/home_position__type_support.cpp.o[0m
[59.294s] [ 28%] [32mBuilding CXX object CMakeFiles/px4_msgs__rosidl_typesupport_c.dir/rosidl_typesupport_c/px4_msgs/msg/hover_thrust_estimate__type_support.cpp.o[0m
[59.331s] [ 28%] [32mBuilding CXX object CMakeFiles/px4_msgs__rosidl_typesupport_c.dir/rosidl_typesupport_c/px4_msgs/msg/input_rc__type_support.cpp.o[0m
[59.369s] [ 28%] [32mBuilding CXX object CMakeFiles/px4_msgs__rosidl_typesupport_c.dir/rosidl_typesupport_c/px4_msgs/msg/internal_combustion_engine_status__type_support.cpp.o[0m
[59.388s] [ 28%] [32mBuilding CXX object CMakeFiles/px4_msgs__rosidl_typesupport_c.dir/rosidl_typesupport_c/px4_msgs/msg/iridiumsbd_status__type_support.cpp.o[0m
[59.388s] [ 28%] [32mBuilding CXX object CMakeFiles/px4_msgs__rosidl_typesupport_cpp.dir/rosidl_typesupport_cpp/px4_msgs/msg/sensor_preflight_mag__type_support.cpp.o[0m
[59.407s] [ 28%] [32mBuilding CXX object CMakeFiles/px4_msgs__rosidl_typesupport_cpp.dir/rosidl_typesupport_cpp/px4_msgs/msg/sensor_selection__type_support.cpp.o[0m
[59.414s] [ 28%] [32mBuilding CXX object CMakeFiles/px4_msgs__rosidl_typesupport_c.dir/rosidl_typesupport_c/px4_msgs/msg/irlock_report__type_support.cpp.o[0m
[59.433s] [ 28%] [32mBuilding CXX object CMakeFiles/px4_msgs__rosidl_typesupport_cpp.dir/rosidl_typesupport_cpp/px4_msgs/msg/sensor_uwb__type_support.cpp.o[0m
[59.433s] [ 28%] [32mBuilding CXX object CMakeFiles/px4_msgs__rosidl_typesupport_c.dir/rosidl_typesupport_c/px4_msgs/msg/landing_gear__type_support.cpp.o[0m
[59.453s] [ 28%] [32mBuilding CXX object CMakeFiles/px4_msgs__rosidl_typesupport_cpp.dir/rosidl_typesupport_cpp/px4_msgs/msg/sensors_status__type_support.cpp.o[0m
[59.470s] [ 28%] [32mBuilding CXX object CMakeFiles/px4_msgs__rosidl_typesupport_c.dir/rosidl_typesupport_c/px4_msgs/msg/landing_gear_wheel__type_support.cpp.o[0m
[59.481s] [ 28%] [32mBuilding CXX object CMakeFiles/px4_msgs__rosidl_typesupport_cpp.dir/rosidl_typesupport_cpp/px4_msgs/msg/sensors_status_imu__type_support.cpp.o[0m
[59.502s] [ 29%] [32mBuilding CXX object CMakeFiles/px4_msgs__rosidl_typesupport_c.dir/rosidl_typesupport_c/px4_msgs/msg/landing_target_innovations__type_support.cpp.o[0m
[59.510s] [ 29%] [32mBuilding CXX object CMakeFiles/px4_msgs__rosidl_typesupport_c.dir/rosidl_typesupport_c/px4_msgs/msg/landing_target_pose__type_support.cpp.o[0m
[59.532s] [ 29%] [32mBuilding CXX object CMakeFiles/px4_msgs__rosidl_typesupport_c.dir/rosidl_typesupport_c/px4_msgs/msg/launch_detection_status__type_support.cpp.o[0m
[59.535s] [ 29%] [32mBuilding CXX object CMakeFiles/px4_msgs__rosidl_typesupport_c.dir/rosidl_typesupport_c/px4_msgs/msg/led_control__type_support.cpp.o[0m
[59.541s] [ 29%] [32mBuilding CXX object CMakeFiles/px4_msgs__rosidl_typesupport_c.dir/rosidl_typesupport_c/px4_msgs/msg/log_message__type_support.cpp.o[0m
[59.546s] [ 29%] [32mBuilding CXX object CMakeFiles/px4_msgs__rosidl_typesupport_cpp.dir/rosidl_typesupport_cpp/px4_msgs/msg/system_power__type_support.cpp.o[0m
[59.568s] [ 29%] [32mBuilding CXX object CMakeFiles/px4_msgs__rosidl_typesupport_cpp.dir/rosidl_typesupport_cpp/px4_msgs/msg/takeoff_status__type_support.cpp.o[0m
[59.576s] [ 29%] [32mBuilding CXX object CMakeFiles/px4_msgs__rosidl_typesupport_c.dir/rosidl_typesupport_c/px4_msgs/msg/logger_status__type_support.cpp.o[0m
[59.582s] [ 29%] [32mBuilding CXX object CMakeFiles/px4_msgs__rosidl_typesupport_c.dir/rosidl_typesupport_c/px4_msgs/msg/mag_worker_data__type_support.cpp.o[0m
[59.587s] [ 30%] [32mBuilding CXX object CMakeFiles/px4_msgs__rosidl_typesupport_cpp.dir/rosidl_typesupport_cpp/px4_msgs/msg/task_stack_info__type_support.cpp.o[0m
[59.610s] [ 30%] [32mBuilding CXX object CMakeFiles/px4_msgs__rosidl_typesupport_c.dir/rosidl_typesupport_c/px4_msgs/msg/magnetometer_bias_estimate__type_support.cpp.o[0m
[59.619s] [ 30%] [32mBuilding CXX object CMakeFiles/px4_msgs__rosidl_typesupport_cpp.dir/rosidl_typesupport_cpp/px4_msgs/msg/telemetry_status__type_support.cpp.o[0m
[59.619s] [ 30%] [32mBuilding CXX object CMakeFiles/px4_msgs__rosidl_typesupport_cpp.dir/rosidl_typesupport_cpp/px4_msgs/msg/tecs_status__type_support.cpp.o[0m
[59.646s] [ 30%] [32mBuilding CXX object CMakeFiles/px4_msgs__rosidl_typesupport_c.dir/rosidl_typesupport_c/px4_msgs/msg/manual_control_setpoint__type_support.cpp.o[0m
[59.659s] [ 30%] [32mBuilding CXX object CMakeFiles/px4_msgs__rosidl_typesupport_c.dir/rosidl_typesupport_c/px4_msgs/msg/manual_control_switches__type_support.cpp.o[0m
[59.699s] [ 30%] [32mBuilding CXX object CMakeFiles/px4_msgs__rosidl_typesupport_c.dir/rosidl_typesupport_c/px4_msgs/msg/mavlink_log__type_support.cpp.o[0m
[59.708s] [ 30%] [32mBuilding CXX object CMakeFiles/px4_msgs__rosidl_typesupport_c.dir/rosidl_typesupport_c/px4_msgs/msg/mavlink_tunnel__type_support.cpp.o[0m
[59.739s] [ 30%] [32mBuilding CXX object CMakeFiles/px4_msgs__rosidl_typesupport_cpp.dir/rosidl_typesupport_cpp/px4_msgs/msg/tiltrotor_extra_controls__type_support.cpp.o[0m
[59.744s] [ 30%] [32mBuilding CXX object CMakeFiles/px4_msgs__rosidl_typesupport_c.dir/rosidl_typesupport_c/px4_msgs/msg/mission__type_support.cpp.o[0m
[59.772s] [ 30%] [32mBuilding CXX object CMakeFiles/px4_msgs__rosidl_typesupport_c.dir/rosidl_typesupport_c/px4_msgs/msg/mission_result__type_support.cpp.o[0m
[59.785s] [ 30%] [32mBuilding CXX object CMakeFiles/px4_msgs__rosidl_typesupport_c.dir/rosidl_typesupport_c/px4_msgs/msg/mode_completed__type_support.cpp.o[0m
[59.786s] [ 30%] [32mBuilding CXX object CMakeFiles/px4_msgs__rosidl_typesupport_cpp.dir/rosidl_typesupport_cpp/px4_msgs/msg/timesync_status__type_support.cpp.o[0m
[59.809s] [ 30%] [32mBuilding CXX object CMakeFiles/px4_msgs__rosidl_typesupport_cpp.dir/rosidl_typesupport_cpp/px4_msgs/msg/trajectory_bezier__type_support.cpp.o[0m
[59.822s] [ 31%] [32mBuilding CXX object CMakeFiles/px4_msgs__rosidl_typesupport_c.dir/rosidl_typesupport_c/px4_msgs/msg/mount_orientation__type_support.cpp.o[0m
[59.844s] [ 31%] [32mBuilding CXX object CMakeFiles/px4_msgs__rosidl_typesupport_c.dir/rosidl_typesupport_c/px4_msgs/msg/navigator_mission_item__type_support.cpp.o[0m
[59.853s] [ 31%] [32mBuilding CXX object CMakeFiles/px4_msgs__rosidl_typesupport_c.dir/rosidl_typesupport_c/px4_msgs/msg/normalized_unsigned_setpoint__type_support.cpp.o[0m
[59.875s] [ 31%] [32mBuilding CXX object CMakeFiles/px4_msgs__rosidl_typesupport_cpp.dir/rosidl_typesupport_cpp/px4_msgs/msg/trajectory_setpoint__type_support.cpp.o[0m
[59.878s] [ 31%] [32mBuilding CXX object CMakeFiles/px4_msgs__rosidl_typesupport_c.dir/rosidl_typesupport_c/px4_msgs/msg/npfg_status__type_support.cpp.o[0m
[59.893s] [ 31%] [32mBuilding CXX object CMakeFiles/px4_msgs__rosidl_typesupport_cpp.dir/rosidl_typesupport_cpp/px4_msgs/msg/trajectory_waypoint__type_support.cpp.o[0m
[59.902s] [ 31%] [32mBuilding CXX object CMakeFiles/px4_msgs__rosidl_typesupport_c.dir/rosidl_typesupport_c/px4_msgs/msg/obstacle_distance__type_support.cpp.o[0m
[59.916s] [ 31%] [32mBuilding CXX object CMakeFiles/px4_msgs__rosidl_typesupport_cpp.dir/rosidl_typesupport_cpp/px4_msgs/msg/transponder_report__type_support.cpp.o[0m
[59.946s] [ 31%] [32mBuilding CXX object CMakeFiles/px4_msgs__rosidl_typesupport_c.dir/rosidl_typesupport_c/px4_msgs/msg/offboard_control_mode__type_support.cpp.o[0m
[59.953s] [ 31%] [32mBuilding CXX object CMakeFiles/px4_msgs__rosidl_typesupport_c.dir/rosidl_typesupport_c/px4_msgs/msg/onboard_computer_status__type_support.cpp.o[0m
[59.957s] [ 31%] [32mBuilding CXX object CMakeFiles/px4_msgs__rosidl_typesupport_c.dir/rosidl_typesupport_c/px4_msgs/msg/orb_test__type_support.cpp.o[0m
[59.990s] [ 31%] [32mBuilding CXX object CMakeFiles/px4_msgs__rosidl_typesupport_c.dir/rosidl_typesupport_c/px4_msgs/msg/orb_test_large__type_support.cpp.o[0m
[59.995s] [ 31%] [32mBuilding CXX object CMakeFiles/px4_msgs__rosidl_typesupport_cpp.dir/rosidl_typesupport_cpp/px4_msgs/msg/tune_control__type_support.cpp.o[0m
[60.006s] [ 31%] [32mBuilding CXX object CMakeFiles/px4_msgs__rosidl_typesupport_cpp.dir/rosidl_typesupport_cpp/px4_msgs/msg/uavcan_parameter_request__type_support.cpp.o[0m
[60.007s] [ 31%] [32mBuilding CXX object CMakeFiles/px4_msgs__rosidl_typesupport_c.dir/rosidl_typesupport_c/px4_msgs/msg/orb_test_medium__type_support.cpp.o[0m
[60.025s] [ 31%] [32mBuilding CXX object CMakeFiles/px4_msgs__rosidl_typesupport_cpp.dir/rosidl_typesupport_cpp/px4_msgs/msg/uavcan_parameter_value__type_support.cpp.o[0m
[60.025s] [ 31%] [32mBuilding CXX object CMakeFiles/px4_msgs__rosidl_typesupport_c.dir/rosidl_typesupport_c/px4_msgs/msg/orbit_status__type_support.cpp.o[0m
[60.026s] [ 31%] [32mBuilding CXX object CMakeFiles/px4_msgs__rosidl_typesupport_c.dir/rosidl_typesupport_c/px4_msgs/msg/parameter_update__type_support.cpp.o[0m
[60.044s] [ 31%] [32mBuilding CXX object CMakeFiles/px4_msgs__rosidl_typesupport_c.dir/rosidl_typesupport_c/px4_msgs/msg/ping__type_support.cpp.o[0m
[60.070s] [ 31%] [32mBuilding CXX object CMakeFiles/px4_msgs__rosidl_typesupport_c.dir/rosidl_typesupport_c/px4_msgs/msg/position_controller_landing_status__type_support.cpp.o[0m
[60.078s] [ 31%] [32mBuilding CXX object CMakeFiles/px4_msgs__rosidl_typesupport_c.dir/rosidl_typesupport_c/px4_msgs/msg/position_controller_status__type_support.cpp.o[0m
[60.091s] [ 32%] [32mBuilding CXX object CMakeFiles/px4_msgs__rosidl_typesupport_c.dir/rosidl_typesupport_c/px4_msgs/msg/position_setpoint__type_support.cpp.o[0m
[60.111s] [ 32%] [32mBuilding CXX object CMakeFiles/px4_msgs__rosidl_typesupport_cpp.dir/rosidl_typesupport_cpp/px4_msgs/msg/ulog_stream__type_support.cpp.o[0m
[60.122s] [ 32%] [32mBuilding CXX object CMakeFiles/px4_msgs__rosidl_typesupport_cpp.dir/rosidl_typesupport_cpp/px4_msgs/msg/ulog_stream_ack__type_support.cpp.o[0m
[60.132s] [ 32%] [32mBuilding CXX object CMakeFiles/px4_msgs__rosidl_typesupport_c.dir/rosidl_typesupport_c/px4_msgs/msg/position_setpoint_triplet__type_support.cpp.o[0m
[60.140s] [ 32%] [32mBuilding CXX object CMakeFiles/px4_msgs__rosidl_typesupport_c.dir/rosidl_typesupport_c/px4_msgs/msg/power_button_state__type_support.cpp.o[0m
[60.178s] [ 32%] [32mBuilding CXX object CMakeFiles/px4_msgs__rosidl_typesupport_c.dir/rosidl_typesupport_c/px4_msgs/msg/power_monitor__type_support.cpp.o[0m
[60.179s] [ 32%] [32mBuilding CXX object CMakeFiles/px4_msgs__rosidl_typesupport_cpp.dir/rosidl_typesupport_cpp/px4_msgs/msg/vehicle_acceleration__type_support.cpp.o[0m
[60.179s] [ 33%] [32mBuilding CXX object CMakeFiles/px4_msgs__rosidl_typesupport_cpp.dir/rosidl_typesupport_cpp/px4_msgs/msg/vehicle_air_data__type_support.cpp.o[0m
[60.200s] [ 33%] [32mBuilding CXX object CMakeFiles/px4_msgs__rosidl_typesupport_c.dir/rosidl_typesupport_c/px4_msgs/msg/pps_capture__type_support.cpp.o[0m
[60.219s] [ 33%] [32mBuilding CXX object CMakeFiles/px4_msgs__rosidl_typesupport_cpp.dir/rosidl_typesupport_cpp/px4_msgs/msg/vehicle_angular_acceleration_setpoint__type_support.cpp.o[0m
[60.234s] [ 33%] [32mBuilding CXX object CMakeFiles/px4_msgs__rosidl_typesupport_c.dir/rosidl_typesupport_c/px4_msgs/msg/pwm_input__type_support.cpp.o[0m
[60.270s] [ 33%] [32mBuilding CXX object CMakeFiles/px4_msgs__rosidl_typesupport_c.dir/rosidl_typesupport_c/px4_msgs/msg/px4io_status__type_support.cpp.o[0m
[60.275s] [ 33%] [32mBuilding CXX object CMakeFiles/px4_msgs__rosidl_typesupport_c.dir/rosidl_typesupport_c/px4_msgs/msg/qshell_req__type_support.cpp.o[0m
[60.299s] [ 33%] [32mBuilding CXX object CMakeFiles/px4_msgs__rosidl_typesupport_c.dir/rosidl_typesupport_c/px4_msgs/msg/qshell_retval__type_support.cpp.o[0m
[60.302s] [ 33%] [32mBuilding CXX object CMakeFiles/px4_msgs__rosidl_typesupport_c.dir/rosidl_typesupport_c/px4_msgs/msg/radio_status__type_support.cpp.o[0m
[60.314s] [ 33%] [32mBuilding CXX object CMakeFiles/px4_msgs__rosidl_typesupport_cpp.dir/rosidl_typesupport_cpp/px4_msgs/msg/vehicle_angular_velocity__type_support.cpp.o[0m
[60.339s] [ 33%] [32mBuilding CXX object CMakeFiles/px4_msgs__rosidl_typesupport_c.dir/rosidl_typesupport_c/px4_msgs/msg/rate_ctrl_status__type_support.cpp.o[0m
[60.340s] [ 33%] [32mBuilding CXX object CMakeFiles/px4_msgs__rosidl_typesupport_c.dir/rosidl_typesupport_c/px4_msgs/msg/rc_channels__type_support.cpp.o[0m
[60.368s] [ 33%] [32mBuilding CXX object CMakeFiles/px4_msgs__rosidl_typesupport_c.dir/rosidl_typesupport_c/px4_msgs/msg/rc_parameter_map__type_support.cpp.o[0m
[60.382s] [ 33%] [32mBuilding CXX object CMakeFiles/px4_msgs__rosidl_typesupport_c.dir/rosidl_typesupport_c/px4_msgs/msg/rpm__type_support.cpp.o[0m
[60.388s] [ 33%] [32mBuilding CXX object CMakeFiles/px4_msgs__rosidl_typesupport_cpp.dir/rosidl_typesupport_cpp/px4_msgs/msg/vehicle_attitude__type_support.cpp.o[0m
[60.391s] [ 33%] [32mBuilding CXX object CMakeFiles/px4_msgs__rosidl_typesupport_cpp.dir/rosidl_typesupport_cpp/px4_msgs/msg/vehicle_attitude_setpoint__type_support.cpp.o[0m
[60.392s] [ 33%] [32mBuilding CXX object CMakeFiles/px4_msgs__rosidl_typesupport_c.dir/rosidl_typesupport_c/px4_msgs/msg/rtl_time_estimate__type_support.cpp.o[0m
[60.405s] [ 34%] [32mBuilding CXX object CMakeFiles/px4_msgs__rosidl_typesupport_c.dir/rosidl_typesupport_c/px4_msgs/msg/satellite_info__type_support.cpp.o[0m
[60.415s] [ 34%] [32mBuilding CXX object CMakeFiles/px4_msgs__rosidl_typesupport_c.dir/rosidl_typesupport_c/px4_msgs/msg/sensor_accel__type_support.cpp.o[0m
[60.425s] [ 34%] [32mBuilding CXX object CMakeFiles/px4_msgs__rosidl_typesupport_c.dir/rosidl_typesupport_c/px4_msgs/msg/sensor_accel_fifo__type_support.cpp.o[0m
[60.450s] [ 34%] [32mBuilding CXX object CMakeFiles/px4_msgs__rosidl_typesupport_cpp.dir/rosidl_typesupport_cpp/px4_msgs/msg/vehicle_command__type_support.cpp.o[0m
[60.453s] [ 34%] [32mBuilding CXX object CMakeFiles/px4_msgs__rosidl_typesupport_c.dir/rosidl_typesupport_c/px4_msgs/msg/sensor_baro__type_support.cpp.o[0m
[60.463s] [ 34%] [32mBuilding CXX object CMakeFiles/px4_msgs__rosidl_typesupport_c.dir/rosidl_typesupport_c/px4_msgs/msg/sensor_combined__type_support.cpp.o[0m
[60.472s] [ 34%] [32mBuilding CXX object CMakeFiles/px4_msgs__rosidl_typesupport_c.dir/rosidl_typesupport_c/px4_msgs/msg/sensor_correction__type_support.cpp.o[0m
[60.493s] [ 34%] [32mBuilding CXX object CMakeFiles/px4_msgs__rosidl_typesupport_c.dir/rosidl_typesupport_c/px4_msgs/msg/sensor_gnss_relative__type_support.cpp.o[0m
[60.502s] [ 34%] [32mBuilding CXX object CMakeFiles/px4_msgs__rosidl_typesupport_cpp.dir/rosidl_typesupport_cpp/px4_msgs/msg/vehicle_command_ack__type_support.cpp.o[0m
[60.509s] [ 34%] [32mBuilding CXX object CMakeFiles/px4_msgs__rosidl_typesupport_cpp.dir/rosidl_typesupport_cpp/px4_msgs/msg/vehicle_constraints__type_support.cpp.o[0m
[60.515s] [ 34%] [32mBuilding CXX object CMakeFiles/px4_msgs__rosidl_typesupport_c.dir/rosidl_typesupport_c/px4_msgs/msg/sensor_gps__type_support.cpp.o[0m
[60.538s] [ 34%] [32mBuilding CXX object CMakeFiles/px4_msgs__rosidl_typesupport_cpp.dir/rosidl_typesupport_cpp/px4_msgs/msg/vehicle_control_mode__type_support.cpp.o[0m
[60.546s] [ 34%] [32mBuilding CXX object CMakeFiles/px4_msgs__rosidl_typesupport_cpp.dir/rosidl_typesupport_cpp/px4_msgs/msg/vehicle_global_position__type_support.cpp.o[0m
[60.551s] [ 34%] [32mBuilding CXX object CMakeFiles/px4_msgs__rosidl_typesupport_c.dir/rosidl_typesupport_c/px4_msgs/msg/sensor_gyro__type_support.cpp.o[0m
[60.557s] [ 34%] [32mBuilding CXX object CMakeFiles/px4_msgs__rosidl_typesupport_cpp.dir/rosidl_typesupport_cpp/px4_msgs/msg/vehicle_imu__type_support.cpp.o[0m
[60.578s] [ 34%] [32mBuilding CXX object CMakeFiles/px4_msgs__rosidl_typesupport_c.dir/rosidl_typesupport_c/px4_msgs/msg/sensor_gyro_fft__type_support.cpp.o[0m
[60.591s] [ 34%] [32mBuilding CXX object CMakeFiles/px4_msgs__rosidl_typesupport_c.dir/rosidl_typesupport_c/px4_msgs/msg/sensor_gyro_fifo__type_support.cpp.o[0m
[60.598s] [ 34%] [32mBuilding CXX object CMakeFiles/px4_msgs__rosidl_typesupport_c.dir/rosidl_typesupport_c/px4_msgs/msg/sensor_hygrometer__type_support.cpp.o[0m
[60.599s] [ 34%] [32mBuilding CXX object CMakeFiles/px4_msgs__rosidl_typesupport_introspection_cpp.dir/rosidl_typesupport_introspection_cpp/px4_msgs/msg/detail/action_request__type_support.cpp.o[0m
[60.619s] [ 34%] [32mBuilding CXX object CMakeFiles/px4_msgs__rosidl_typesupport_introspection_cpp.dir/rosidl_typesupport_introspection_cpp/px4_msgs/msg/detail/actuator_armed__type_support.cpp.o[0m
[60.625s] [ 34%] [32mBuilding CXX object CMakeFiles/px4_msgs__rosidl_typesupport_introspection_cpp.dir/rosidl_typesupport_introspection_cpp/px4_msgs/msg/detail/actuator_controls_status__type_support.cpp.o[0m
[60.637s] [ 34%] [32mBuilding CXX object CMakeFiles/px4_msgs__rosidl_typesupport_c.dir/rosidl_typesupport_c/px4_msgs/msg/sensor_mag__type_support.cpp.o[0m
[60.687s] [ 34%] [32mBuilding CXX object CMakeFiles/px4_msgs__rosidl_typesupport_c.dir/rosidl_typesupport_c/px4_msgs/msg/sensor_optical_flow__type_support.cpp.o[0m
[60.701s] [ 34%] [32mBuilding CXX object CMakeFiles/px4_msgs__rosidl_typesupport_c.dir/rosidl_typesupport_c/px4_msgs/msg/sensor_preflight_mag__type_support.cpp.o[0m
[60.728s] [ 34%] [32mBuilding CXX object CMakeFiles/px4_msgs__rosidl_typesupport_introspection_cpp.dir/rosidl_typesupport_introspection_cpp/px4_msgs/msg/detail/actuator_motors__type_support.cpp.o[0m
[60.764s] [ 35%] [32mBuilding CXX object CMakeFiles/px4_msgs__rosidl_typesupport_c.dir/rosidl_typesupport_c/px4_msgs/msg/sensor_selection__type_support.cpp.o[0m
[60.807s] [ 35%] [32mBuilding CXX object CMakeFiles/px4_msgs__rosidl_typesupport_c.dir/rosidl_typesupport_c/px4_msgs/msg/sensor_uwb__type_support.cpp.o[0m
[60.820s] [ 35%] [32mBuilding CXX object CMakeFiles/px4_msgs__rosidl_typesupport_introspection_cpp.dir/rosidl_typesupport_introspection_cpp/px4_msgs/msg/detail/actuator_outputs__type_support.cpp.o[0m
[60.832s] [ 36%] [32mBuilding CXX object CMakeFiles/px4_msgs__rosidl_typesupport_introspection_cpp.dir/rosidl_typesupport_introspection_cpp/px4_msgs/msg/detail/actuator_servos__type_support.cpp.o[0m
[60.878s] [ 36%] [32mBuilding CXX object CMakeFiles/px4_msgs__rosidl_typesupport_c.dir/rosidl_typesupport_c/px4_msgs/msg/sensors_status__type_support.cpp.o[0m
[60.896s] [ 36%] [32mBuilding CXX object CMakeFiles/px4_msgs__rosidl_typesupport_introspection_cpp.dir/rosidl_typesupport_introspection_cpp/px4_msgs/msg/detail/actuator_servos_trim__type_support.cpp.o[0m
[60.908s] [ 36%] [32mBuilding CXX object CMakeFiles/px4_msgs__rosidl_typesupport_c.dir/rosidl_typesupport_c/px4_msgs/msg/sensors_status_imu__type_support.cpp.o[0m
[60.918s] [ 36%] [32mBuilding CXX object CMakeFiles/px4_msgs__rosidl_typesupport_introspection_cpp.dir/rosidl_typesupport_introspection_cpp/px4_msgs/msg/detail/adc_report__type_support.cpp.o[0m
[60.921s] [ 36%] [32mBuilding CXX object CMakeFiles/px4_msgs__rosidl_typesupport_introspection_cpp.dir/rosidl_typesupport_introspection_cpp/px4_msgs/msg/detail/actuator_test__type_support.cpp.o[0m
[60.970s] [ 36%] [32mBuilding CXX object CMakeFiles/px4_msgs__rosidl_typesupport_c.dir/rosidl_typesupport_c/px4_msgs/msg/system_power__type_support.cpp.o[0m
[60.970s] [ 36%] [32mBuilding CXX object CMakeFiles/px4_msgs__rosidl_typesupport_introspection_cpp.dir/rosidl_typesupport_introspection_cpp/px4_msgs/msg/detail/airspeed__type_support.cpp.o[0m
[60.972s] [ 36%] [32mBuilding CXX object CMakeFiles/px4_msgs__rosidl_typesupport_cpp.dir/rosidl_typesupport_cpp/px4_msgs/msg/vehicle_imu_status__type_support.cpp.o[0m
[61.009s] [ 36%] [32mBuilding CXX object CMakeFiles/px4_msgs__rosidl_typesupport_c.dir/rosidl_typesupport_c/px4_msgs/msg/takeoff_status__type_support.cpp.o[0m
[61.025s] [ 36%] [32mBuilding CXX object CMakeFiles/px4_msgs__rosidl_typesupport_introspection_cpp.dir/rosidl_typesupport_introspection_cpp/px4_msgs/msg/detail/airspeed_validated__type_support.cpp.o[0m
[61.047s] [ 36%] [32mBuilding CXX object CMakeFiles/px4_msgs__rosidl_typesupport_c.dir/rosidl_typesupport_c/px4_msgs/msg/task_stack_info__type_support.cpp.o[0m
[61.085s] [ 36%] [32mBuilding CXX object CMakeFiles/px4_msgs__rosidl_typesupport_c.dir/rosidl_typesupport_c/px4_msgs/msg/tecs_status__type_support.cpp.o[0m
[61.123s] [ 36%] [32mBuilding CXX object CMakeFiles/px4_msgs__rosidl_typesupport_c.dir/rosidl_typesupport_c/px4_msgs/msg/telemetry_status__type_support.cpp.o[0m
[61.164s] [ 36%] [32mBuilding CXX object CMakeFiles/px4_msgs__rosidl_typesupport_c.dir/rosidl_typesupport_c/px4_msgs/msg/tiltrotor_extra_controls__type_support.cpp.o[0m
[61.175s] [ 36%] [32mBuilding CXX object CMakeFiles/px4_msgs__rosidl_typesupport_cpp.dir/rosidl_typesupport_cpp/px4_msgs/msg/vehicle_land_detected__type_support.cpp.o[0m
[61.189s] [ 36%] [32mBuilding CXX object CMakeFiles/px4_msgs__rosidl_typesupport_c.dir/rosidl_typesupport_c/px4_msgs/msg/timesync_status__type_support.cpp.o[0m
[61.205s] [ 36%] [32mBuilding CXX object CMakeFiles/px4_msgs__rosidl_typesupport_cpp.dir/rosidl_typesupport_cpp/px4_msgs/msg/vehicle_local_position__type_support.cpp.o[0m
[61.206s] [ 36%] [32mBuilding CXX object CMakeFiles/px4_msgs__rosidl_typesupport_introspection_cpp.dir/rosidl_typesupport_introspection_cpp/px4_msgs/msg/detail/airspeed_wind__type_support.cpp.o[0m
[61.226s] [ 36%] [32mBuilding CXX object CMakeFiles/px4_msgs__rosidl_typesupport_c.dir/rosidl_typesupport_c/px4_msgs/msg/trajectory_bezier__type_support.cpp.o[0m
[61.264s] [ 36%] [32mBuilding CXX object CMakeFiles/px4_msgs__rosidl_typesupport_c.dir/rosidl_typesupport_c/px4_msgs/msg/trajectory_setpoint__type_support.cpp.o[0m
[61.303s] [ 36%] [32mBuilding CXX object CMakeFiles/px4_msgs__rosidl_typesupport_c.dir/rosidl_typesupport_c/px4_msgs/msg/trajectory_waypoint__type_support.cpp.o[0m
[61.303s] [ 36%] [32mBuilding CXX object CMakeFiles/px4_msgs__rosidl_typesupport_cpp.dir/rosidl_typesupport_cpp/px4_msgs/msg/vehicle_local_position_setpoint__type_support.cpp.o[0m
[61.341s] [ 36%] [32mBuilding CXX object CMakeFiles/px4_msgs__rosidl_typesupport_c.dir/rosidl_typesupport_c/px4_msgs/msg/transponder_report__type_support.cpp.o[0m
[61.359s] [ 37%] [32mBuilding CXX object CMakeFiles/px4_msgs__rosidl_typesupport_c.dir/rosidl_typesupport_c/px4_msgs/msg/tune_control__type_support.cpp.o[0m
[61.381s] [ 37%] [32mBuilding CXX object CMakeFiles/px4_msgs__rosidl_typesupport_c.dir/rosidl_typesupport_c/px4_msgs/msg/uavcan_parameter_request__type_support.cpp.o[0m
[61.392s] [ 38%] [32mBuilding CXX object CMakeFiles/px4_msgs__rosidl_typesupport_cpp.dir/rosidl_typesupport_cpp/px4_msgs/msg/vehicle_magnetometer__type_support.cpp.o[0m
[61.399s] [ 38%] [32mBuilding CXX object CMakeFiles/px4_msgs__rosidl_typesupport_cpp.dir/rosidl_typesupport_cpp/px4_msgs/msg/vehicle_odometry__type_support.cpp.o[0m
[61.419s] [ 38%] [32mBuilding CXX object CMakeFiles/px4_msgs__rosidl_typesupport_cpp.dir/rosidl_typesupport_cpp/px4_msgs/msg/vehicle_optical_flow__type_support.cpp.o[0m
[61.419s] [ 38%] [32mBuilding CXX object CMakeFiles/px4_msgs__rosidl_typesupport_c.dir/rosidl_typesupport_c/px4_msgs/msg/uavcan_parameter_value__type_support.cpp.o[0m
[61.458s] [ 38%] [32mBuilding CXX object CMakeFiles/px4_msgs__rosidl_typesupport_c.dir/rosidl_typesupport_c/px4_msgs/msg/ulog_stream__type_support.cpp.o[0m
[61.475s] [ 38%] [32mBuilding CXX object CMakeFiles/px4_msgs__rosidl_typesupport_c.dir/rosidl_typesupport_c/px4_msgs/msg/ulog_stream_ack__type_support.cpp.o[0m
[61.494s] [ 38%] [32mBuilding CXX object CMakeFiles/px4_msgs__rosidl_typesupport_c.dir/rosidl_typesupport_c/px4_msgs/msg/vehicle_acceleration__type_support.cpp.o[0m
[61.504s] [ 38%] [32mBuilding CXX object CMakeFiles/px4_msgs__rosidl_typesupport_c.dir/rosidl_typesupport_c/px4_msgs/msg/vehicle_air_data__type_support.cpp.o[0m
[61.511s] [ 38%] [32mBuilding CXX object CMakeFiles/px4_msgs__rosidl_typesupport_cpp.dir/rosidl_typesupport_cpp/px4_msgs/msg/vehicle_optical_flow_vel__type_support.cpp.o[0m
[61.526s] [ 38%] [32mBuilding CXX object CMakeFiles/px4_msgs__rosidl_typesupport_cpp.dir/rosidl_typesupport_cpp/px4_msgs/msg/vehicle_rates_setpoint__type_support.cpp.o[0m
[61.547s] [ 38%] [32mBuilding CXX object CMakeFiles/px4_msgs__rosidl_typesupport_c.dir/rosidl_typesupport_c/px4_msgs/msg/vehicle_angular_acceleration_setpoint__type_support.cpp.o[0m
[61.547s] [ 38%] [32mBuilding CXX object CMakeFiles/px4_msgs__rosidl_typesupport_introspection_cpp.dir/rosidl_typesupport_introspection_cpp/px4_msgs/msg/detail/autotune_attitude_control_status__type_support.cpp.o[0m
[61.554s] [ 38%] [32mBuilding CXX object CMakeFiles/px4_msgs__rosidl_typesupport_cpp.dir/rosidl_typesupport_cpp/px4_msgs/msg/vehicle_roi__type_support.cpp.o[0m
[61.576s] [ 38%] [32mBuilding CXX object CMakeFiles/px4_msgs__rosidl_typesupport_c.dir/rosidl_typesupport_c/px4_msgs/msg/vehicle_angular_velocity__type_support.cpp.o[0m
[61.584s] [ 38%] [32mBuilding CXX object CMakeFiles/px4_msgs__rosidl_typesupport_c.dir/rosidl_typesupport_c/px4_msgs/msg/vehicle_attitude__type_support.cpp.o[0m
[61.594s] [ 38%] [32mBuilding CXX object CMakeFiles/px4_msgs__rosidl_typesupport_introspection_cpp.dir/rosidl_typesupport_introspection_cpp/px4_msgs/msg/detail/battery_status__type_support.cpp.o[0m
[61.595s] [ 38%] [32mBuilding CXX object CMakeFiles/px4_msgs__rosidl_typesupport_c.dir/rosidl_typesupport_c/px4_msgs/msg/vehicle_attitude_setpoint__type_support.cpp.o[0m
[61.620s] [ 38%] [32mBuilding CXX object CMakeFiles/px4_msgs__rosidl_typesupport_introspection_cpp.dir/rosidl_typesupport_introspection_cpp/px4_msgs/msg/detail/button_event__type_support.cpp.o[0m
[61.621s] [ 38%] [32mBuilding CXX object CMakeFiles/px4_msgs__rosidl_typesupport_introspection_cpp.dir/rosidl_typesupport_introspection_cpp/px4_msgs/msg/detail/camera_capture__type_support.cpp.o[0m
[61.640s] [ 38%] [32mBuilding CXX object CMakeFiles/px4_msgs__rosidl_typesupport_c.dir/rosidl_typesupport_c/px4_msgs/msg/vehicle_command__type_support.cpp.o[0m
[61.680s] [ 38%] [32mBuilding CXX object CMakeFiles/px4_msgs__rosidl_typesupport_c.dir/rosidl_typesupport_c/px4_msgs/msg/vehicle_command_ack__type_support.cpp.o[0m
[61.698s] [ 38%] [32mBuilding CXX object CMakeFiles/px4_msgs__rosidl_typesupport_c.dir/rosidl_typesupport_c/px4_msgs/msg/vehicle_constraints__type_support.cpp.o[0m
[61.725s] [ 38%] [32mBuilding CXX object CMakeFiles/px4_msgs__rosidl_typesupport_cpp.dir/rosidl_typesupport_cpp/px4_msgs/msg/vehicle_status__type_support.cpp.o[0m
[61.768s] [ 38%] [32mBuilding CXX object CMakeFiles/px4_msgs__rosidl_typesupport_c.dir/rosidl_typesupport_c/px4_msgs/msg/vehicle_control_mode__type_support.cpp.o[0m
[61.780s] [ 39%] [32mBuilding CXX object CMakeFiles/px4_msgs__rosidl_typesupport_c.dir/rosidl_typesupport_c/px4_msgs/msg/vehicle_global_position__type_support.cpp.o[0m
[61.791s] [ 39%] [32mBuilding CXX object CMakeFiles/px4_msgs__rosidl_typesupport_c.dir/rosidl_typesupport_c/px4_msgs/msg/vehicle_imu__type_support.cpp.o[0m
[61.792s] [ 39%] [32mBuilding CXX object CMakeFiles/px4_msgs__rosidl_typesupport_c.dir/rosidl_typesupport_c/px4_msgs/msg/vehicle_imu_status__type_support.cpp.o[0m
[61.805s] [ 39%] [32mBuilding CXX object CMakeFiles/px4_msgs__rosidl_typesupport_introspection_cpp.dir/rosidl_typesupport_introspection_cpp/px4_msgs/msg/detail/camera_status__type_support.cpp.o[0m
[61.812s] [ 39%] [32mBuilding CXX object CMakeFiles/px4_msgs__rosidl_typesupport_cpp.dir/rosidl_typesupport_cpp/px4_msgs/msg/vehicle_thrust_setpoint__type_support.cpp.o[0m
[61.815s] [ 39%] [32mBuilding CXX object CMakeFiles/px4_msgs__rosidl_typesupport_c.dir/rosidl_typesupport_c/px4_msgs/msg/vehicle_land_detected__type_support.cpp.o[0m
[61.836s] [ 39%] [32mBuilding CXX object CMakeFiles/px4_msgs__rosidl_typesupport_introspection_cpp.dir/rosidl_typesupport_introspection_cpp/px4_msgs/msg/detail/camera_trigger__type_support.cpp.o[0m
[61.836s] [ 39%] [32mBuilding CXX object CMakeFiles/px4_msgs__rosidl_typesupport_c.dir/rosidl_typesupport_c/px4_msgs/msg/vehicle_local_position__type_support.cpp.o[0m
[61.856s] [ 39%] [32mBuilding CXX object CMakeFiles/px4_msgs__rosidl_typesupport_introspection_cpp.dir/rosidl_typesupport_introspection_cpp/px4_msgs/msg/detail/cellular_status__type_support.cpp.o[0m
[61.876s] [ 39%] [32mBuilding CXX object CMakeFiles/px4_msgs__rosidl_typesupport_c.dir/rosidl_typesupport_c/px4_msgs/msg/vehicle_local_position_setpoint__type_support.cpp.o[0m
[61.888s] [ 39%] [32mBuilding CXX object CMakeFiles/px4_msgs__rosidl_typesupport_introspection_cpp.dir/rosidl_typesupport_introspection_cpp/px4_msgs/msg/detail/collision_constraints__type_support.cpp.o[0m
[61.917s] [ 39%] [32mBuilding CXX object CMakeFiles/px4_msgs__rosidl_typesupport_c.dir/rosidl_typesupport_c/px4_msgs/msg/vehicle_magnetometer__type_support.cpp.o[0m
[61.923s] [ 40%] [32mBuilding CXX object CMakeFiles/px4_msgs__rosidl_typesupport_introspection_cpp.dir/rosidl_typesupport_introspection_cpp/px4_msgs/msg/detail/collision_report__type_support.cpp.o[0m
[61.952s] [ 40%] [32mBuilding CXX object CMakeFiles/px4_msgs__rosidl_typesupport_c.dir/rosidl_typesupport_c/px4_msgs/msg/vehicle_odometry__type_support.cpp.o[0m
[61.962s] [ 40%] [32mBuilding CXX object CMakeFiles/px4_msgs__rosidl_typesupport_introspection_cpp.dir/rosidl_typesupport_introspection_cpp/px4_msgs/msg/detail/control_allocator_status__type_support.cpp.o[0m
[61.990s] [ 40%] [32mBuilding CXX object CMakeFiles/px4_msgs__rosidl_typesupport_c.dir/rosidl_typesupport_c/px4_msgs/msg/vehicle_optical_flow__type_support.cpp.o[0m
[62.028s] [ 40%] [32mBuilding CXX object CMakeFiles/px4_msgs__rosidl_typesupport_c.dir/rosidl_typesupport_c/px4_msgs/msg/vehicle_optical_flow_vel__type_support.cpp.o[0m
[62.069s] [ 40%] [32mBuilding CXX object CMakeFiles/px4_msgs__rosidl_typesupport_c.dir/rosidl_typesupport_c/px4_msgs/msg/vehicle_rates_setpoint__type_support.cpp.o[0m
[62.100s] [ 40%] [32mBuilding CXX object CMakeFiles/px4_msgs__rosidl_typesupport_cpp.dir/rosidl_typesupport_cpp/px4_msgs/msg/vehicle_torque_setpoint__type_support.cpp.o[0m
[62.104s] [ 40%] [32mBuilding CXX object CMakeFiles/px4_msgs__rosidl_typesupport_c.dir/rosidl_typesupport_c/px4_msgs/msg/vehicle_roi__type_support.cpp.o[0m
[62.110s] [ 40%] [32mBuilding CXX object CMakeFiles/px4_msgs__rosidl_typesupport_c.dir/rosidl_typesupport_c/px4_msgs/msg/vehicle_status__type_support.cpp.o[0m
[62.148s] [ 40%] [32mBuilding CXX object CMakeFiles/px4_msgs__rosidl_typesupport_introspection_cpp.dir/rosidl_typesupport_introspection_cpp/px4_msgs/msg/detail/cpuload__type_support.cpp.o[0m
[62.150s] [ 40%] [32mBuilding CXX object CMakeFiles/px4_msgs__rosidl_typesupport_c.dir/rosidl_typesupport_c/px4_msgs/msg/vehicle_thrust_setpoint__type_support.cpp.o[0m
[62.180s] [ 40%] [32mBuilding CXX object CMakeFiles/px4_msgs__rosidl_typesupport_cpp.dir/rosidl_typesupport_cpp/px4_msgs/msg/vehicle_trajectory_bezier__type_support.cpp.o[0m
[62.186s] [ 40%] [32mBuilding CXX object CMakeFiles/px4_msgs__rosidl_typesupport_c.dir/rosidl_typesupport_c/px4_msgs/msg/vehicle_torque_setpoint__type_support.cpp.o[0m
[62.186s] [ 40%] [32mBuilding CXX object CMakeFiles/px4_msgs__rosidl_typesupport_cpp.dir/rosidl_typesupport_cpp/px4_msgs/msg/vehicle_trajectory_waypoint__type_support.cpp.o[0m
[62.200s] [ 41%] [32mBuilding CXX object CMakeFiles/px4_msgs__rosidl_typesupport_c.dir/rosidl_typesupport_c/px4_msgs/msg/vehicle_trajectory_bezier__type_support.cpp.o[0m
[62.206s] [ 41%] [32mBuilding CXX object CMakeFiles/px4_msgs__rosidl_typesupport_cpp.dir/rosidl_typesupport_cpp/px4_msgs/msg/vtol_vehicle_status__type_support.cpp.o[0m
[62.229s] [ 41%] [32mBuilding CXX object CMakeFiles/px4_msgs__rosidl_typesupport_cpp.dir/rosidl_typesupport_cpp/px4_msgs/msg/wind__type_support.cpp.o[0m
[62.232s] [ 41%] [32mBuilding CXX object CMakeFiles/px4_msgs__rosidl_typesupport_c.dir/rosidl_typesupport_c/px4_msgs/msg/vehicle_trajectory_waypoint__type_support.cpp.o[0m
[62.278s] [ 41%] [32mBuilding CXX object CMakeFiles/px4_msgs__rosidl_typesupport_c.dir/rosidl_typesupport_c/px4_msgs/msg/vtol_vehicle_status__type_support.cpp.o[0m
[62.317s] [ 41%] [32mBuilding CXX object CMakeFiles/px4_msgs__rosidl_typesupport_c.dir/rosidl_typesupport_c/px4_msgs/msg/wind__type_support.cpp.o[0m
[62.349s] [ 41%] [32mBuilding CXX object CMakeFiles/px4_msgs__rosidl_typesupport_cpp.dir/rosidl_typesupport_cpp/px4_msgs/msg/yaw_estimator_status__type_support.cpp.o[0m
[62.356s] [ 41%] [32mBuilding CXX object CMakeFiles/px4_msgs__rosidl_typesupport_c.dir/rosidl_typesupport_c/px4_msgs/msg/yaw_estimator_status__type_support.cpp.o[0m
[62.393s] [ 41%] [32m[1mLinking CXX shared library libpx4_msgs__rosidl_typesupport_c.so[0m
[62.400s] [ 41%] [32mBuilding CXX object CMakeFiles/px4_msgs__rosidl_typesupport_introspection_cpp.dir/rosidl_typesupport_introspection_cpp/px4_msgs/msg/detail/debug_array__type_support.cpp.o[0m
[62.458s] [ 41%] [32mBuilding CXX object CMakeFiles/px4_msgs__rosidl_typesupport_introspection_cpp.dir/rosidl_typesupport_introspection_cpp/px4_msgs/msg/detail/debug_key_value__type_support.cpp.o[0m
[62.475s] [ 41%] [32mBuilding CXX object CMakeFiles/px4_msgs__rosidl_typesupport_introspection_cpp.dir/rosidl_typesupport_introspection_cpp/px4_msgs/msg/detail/debug_value__type_support.cpp.o[0m
[62.495s] [ 41%] [32mBuilding CXX object CMakeFiles/px4_msgs__rosidl_typesupport_introspection_cpp.dir/rosidl_typesupport_introspection_cpp/px4_msgs/msg/detail/debug_vect__type_support.cpp.o[0m
[62.515s] [ 41%] Built target px4_msgs__rosidl_typesupport_c
[62.528s] [ 41%] [32mBuilding CXX object CMakeFiles/px4_msgs__rosidl_typesupport_introspection_cpp.dir/rosidl_typesupport_introspection_cpp/px4_msgs/msg/detail/differential_pressure__type_support.cpp.o[0m
[62.531s] [ 41%] [32mBuilding CXX object CMakeFiles/px4_msgs__rosidl_typesupport_introspection_cpp.dir/rosidl_typesupport_introspection_cpp/px4_msgs/msg/detail/distance_sensor__type_support.cpp.o[0m
[62.543s] [ 41%] [32mBuilding CXX object CMakeFiles/px4_msgs__rosidl_typesupport_introspection_cpp.dir/rosidl_typesupport_introspection_cpp/px4_msgs/msg/detail/ekf2_timestamps__type_support.cpp.o[0m
[62.573s] [ 41%] [32mBuilding CXX object CMakeFiles/px4_msgs__rosidl_typesupport_introspection_cpp.dir/rosidl_typesupport_introspection_cpp/px4_msgs/msg/detail/esc_report__type_support.cpp.o[0m
[62.576s] [ 41%] [32mBuilding CXX object CMakeFiles/px4_msgs__rosidl_typesupport_introspection_cpp.dir/rosidl_typesupport_introspection_cpp/px4_msgs/msg/detail/esc_status__type_support.cpp.o[0m
[62.598s] [ 41%] [32mBuilding CXX object CMakeFiles/px4_msgs__rosidl_typesupport_introspection_cpp.dir/rosidl_typesupport_introspection_cpp/px4_msgs/msg/detail/estimator_aid_source1d__type_support.cpp.o[0m
[62.626s] [ 41%] [32mBuilding CXX object CMakeFiles/px4_msgs__rosidl_typesupport_introspection_cpp.dir/rosidl_typesupport_introspection_cpp/px4_msgs/msg/detail/estimator_aid_source2d__type_support.cpp.o[0m
[62.709s] [ 41%] [32mBuilding CXX object CMakeFiles/px4_msgs__rosidl_typesupport_introspection_cpp.dir/rosidl_typesupport_introspection_cpp/px4_msgs/msg/detail/estimator_aid_source3d__type_support.cpp.o[0m
[62.730s] [ 41%] [32m[1mLinking CXX shared library libpx4_msgs__rosidl_typesupport_cpp.so[0m
[62.847s] [ 41%] Built target px4_msgs__rosidl_typesupport_cpp
[62.876s] [ 42%] [32mBuilding CXX object CMakeFiles/px4_msgs__rosidl_typesupport_introspection_cpp.dir/rosidl_typesupport_introspection_cpp/px4_msgs/msg/detail/estimator_bias__type_support.cpp.o[0m
[62.970s] [ 42%] [32mBuilding CXX object CMakeFiles/px4_msgs__rosidl_typesupport_introspection_cpp.dir/rosidl_typesupport_introspection_cpp/px4_msgs/msg/detail/estimator_bias3d__type_support.cpp.o[0m
[63.033s] [ 42%] [32mBuilding CXX object CMakeFiles/px4_msgs__rosidl_typesupport_introspection_cpp.dir/rosidl_typesupport_introspection_cpp/px4_msgs/msg/detail/estimator_event_flags__type_support.cpp.o[0m
[63.043s] [ 42%] [32mBuilding C object CMakeFiles/px4_msgs__rosidl_typesupport_introspection_c.dir/rosidl_typesupport_introspection_c/px4_msgs/msg/detail/action_request__type_support.c.o[0m
[63.047s] [ 42%] [32mBuilding C object CMakeFiles/px4_msgs__rosidl_typesupport_introspection_c.dir/rosidl_typesupport_introspection_c/px4_msgs/msg/detail/actuator_armed__type_support.c.o[0m
[63.082s] [ 42%] [32mBuilding C object CMakeFiles/px4_msgs__rosidl_typesupport_introspection_c.dir/rosidl_typesupport_introspection_c/px4_msgs/msg/detail/actuator_controls_status__type_support.c.o[0m
[63.087s] [ 42%] [32mBuilding C object CMakeFiles/px4_msgs__rosidl_typesupport_introspection_c.dir/rosidl_typesupport_introspection_c/px4_msgs/msg/detail/actuator_motors__type_support.c.o[0m
[63.095s] [ 42%] [32mBuilding CXX object CMakeFiles/px4_msgs__rosidl_typesupport_introspection_cpp.dir/rosidl_typesupport_introspection_cpp/px4_msgs/msg/detail/estimator_gps_status__type_support.cpp.o[0m
[63.108s] [ 42%] [32mBuilding CXX object CMakeFiles/px4_msgs__rosidl_typesupport_introspection_cpp.dir/rosidl_typesupport_introspection_cpp/px4_msgs/msg/detail/estimator_selector_status__type_support.cpp.o[0m
[63.111s] [ 42%] [32mBuilding CXX object CMakeFiles/px4_msgs__rosidl_typesupport_introspection_cpp.dir/rosidl_typesupport_introspection_cpp/px4_msgs/msg/detail/estimator_innovations__type_support.cpp.o[0m
[63.121s] [ 42%] [32mBuilding C object CMakeFiles/px4_msgs__rosidl_typesupport_introspection_c.dir/rosidl_typesupport_introspection_c/px4_msgs/msg/detail/actuator_outputs__type_support.c.o[0m
[63.133s] [ 42%] [32mBuilding C object CMakeFiles/px4_msgs__rosidl_typesupport_introspection_c.dir/rosidl_typesupport_introspection_c/px4_msgs/msg/detail/actuator_servos__type_support.c.o[0m
[63.145s] [ 42%] [32mBuilding C object CMakeFiles/px4_msgs__rosidl_typesupport_introspection_c.dir/rosidl_typesupport_introspection_c/px4_msgs/msg/detail/actuator_servos_trim__type_support.c.o[0m
[63.153s] [ 42%] [32mBuilding CXX object CMakeFiles/px4_msgs__rosidl_typesupport_introspection_cpp.dir/rosidl_typesupport_introspection_cpp/px4_msgs/msg/detail/estimator_sensor_bias__type_support.cpp.o[0m
[63.164s] [ 42%] [32mBuilding C object CMakeFiles/px4_msgs__rosidl_typesupport_introspection_c.dir/rosidl_typesupport_introspection_c/px4_msgs/msg/detail/actuator_test__type_support.c.o[0m
[63.174s] [ 42%] [32mBuilding C object CMakeFiles/px4_msgs__rosidl_typesupport_introspection_c.dir/rosidl_typesupport_introspection_c/px4_msgs/msg/detail/adc_report__type_support.c.o[0m
[63.177s] [ 42%] [32mBuilding CXX object CMakeFiles/px4_msgs__rosidl_typesupport_introspection_cpp.dir/rosidl_typesupport_introspection_cpp/px4_msgs/msg/detail/estimator_states__type_support.cpp.o[0m
[63.188s] [ 42%] [32mBuilding CXX object CMakeFiles/px4_msgs__rosidl_typesupport_introspection_cpp.dir/rosidl_typesupport_introspection_cpp/px4_msgs/msg/detail/estimator_status__type_support.cpp.o[0m
[63.188s] [ 42%] [32mBuilding C object CMakeFiles/px4_msgs__rosidl_typesupport_introspection_c.dir/rosidl_typesupport_introspection_c/px4_msgs/msg/detail/airspeed__type_support.c.o[0m
[63.205s] [ 42%] [32mBuilding C object CMakeFiles/px4_msgs__rosidl_typesupport_introspection_c.dir/rosidl_typesupport_introspection_c/px4_msgs/msg/detail/airspeed_wind__type_support.c.o[0m
[63.205s] [ 42%] [32mBuilding C object CMakeFiles/px4_msgs__rosidl_typesupport_introspection_c.dir/rosidl_typesupport_introspection_c/px4_msgs/msg/detail/airspeed_validated__type_support.c.o[0m
[63.221s] [ 42%] [32mBuilding C object CMakeFiles/px4_msgs__rosidl_typesupport_introspection_c.dir/rosidl_typesupport_introspection_c/px4_msgs/msg/detail/autotune_attitude_control_status__type_support.c.o[0m
[63.238s] [ 42%] [32mBuilding C object CMakeFiles/px4_msgs__rosidl_typesupport_introspection_c.dir/rosidl_typesupport_introspection_c/px4_msgs/msg/detail/battery_status__type_support.c.o[0m
[63.252s] [ 43%] [32mBuilding C object CMakeFiles/px4_msgs__rosidl_typesupport_introspection_c.dir/rosidl_typesupport_introspection_c/px4_msgs/msg/detail/button_event__type_support.c.o[0m
[63.273s] [ 43%] [32mBuilding CXX object CMakeFiles/px4_msgs__rosidl_typesupport_introspection_cpp.dir/rosidl_typesupport_introspection_cpp/px4_msgs/msg/detail/estimator_status_flags__type_support.cpp.o[0m
[63.273s] [ 43%] [32mBuilding C object CMakeFiles/px4_msgs__rosidl_typesupport_introspection_c.dir/rosidl_typesupport_introspection_c/px4_msgs/msg/detail/camera_capture__type_support.c.o[0m
[63.286s] [ 43%] [32mBuilding CXX object CMakeFiles/px4_msgs__rosidl_typesupport_introspection_cpp.dir/rosidl_typesupport_introspection_cpp/px4_msgs/msg/detail/event__type_support.cpp.o[0m
[63.288s] [ 43%] [32mBuilding CXX object CMakeFiles/px4_msgs__rosidl_typesupport_introspection_cpp.dir/rosidl_typesupport_introspection_cpp/px4_msgs/msg/detail/failsafe_flags__type_support.cpp.o[0m
[63.289s] [ 43%] [32mBuilding CXX object CMakeFiles/px4_msgs__rosidl_typesupport_introspection_cpp.dir/rosidl_typesupport_introspection_cpp/px4_msgs/msg/detail/failure_detector_status__type_support.cpp.o[0m
[63.318s] [ 43%] [32mBuilding C object CMakeFiles/px4_msgs__rosidl_typesupport_introspection_c.dir/rosidl_typesupport_introspection_c/px4_msgs/msg/detail/camera_status__type_support.c.o[0m
[63.361s] [ 43%] [32mBuilding C object CMakeFiles/px4_msgs__rosidl_typesupport_introspection_c.dir/rosidl_typesupport_introspection_c/px4_msgs/msg/detail/camera_trigger__type_support.c.o[0m
[63.403s] [ 43%] [32mBuilding C object CMakeFiles/px4_msgs__rosidl_typesupport_introspection_c.dir/rosidl_typesupport_introspection_c/px4_msgs/msg/detail/cellular_status__type_support.c.o[0m
[63.422s] [ 43%] [32mBuilding C object CMakeFiles/px4_msgs__rosidl_typesupport_introspection_c.dir/rosidl_typesupport_introspection_c/px4_msgs/msg/detail/collision_constraints__type_support.c.o[0m
[63.443s] [ 43%] [32mBuilding CXX object CMakeFiles/px4_msgs__rosidl_typesupport_introspection_cpp.dir/rosidl_typesupport_introspection_cpp/px4_msgs/msg/detail/follow_target__type_support.cpp.o[0m
[63.470s] [ 43%] [32mBuilding C object CMakeFiles/px4_msgs__rosidl_typesupport_introspection_c.dir/rosidl_typesupport_introspection_c/px4_msgs/msg/detail/collision_report__type_support.c.o[0m
[63.518s] [ 43%] [32mBuilding C object CMakeFiles/px4_msgs__rosidl_typesupport_introspection_c.dir/rosidl_typesupport_introspection_c/px4_msgs/msg/detail/control_allocator_status__type_support.c.o[0m
[63.573s] [ 43%] [32mBuilding C object CMakeFiles/px4_msgs__rosidl_typesupport_introspection_c.dir/rosidl_typesupport_introspection_c/px4_msgs/msg/detail/cpuload__type_support.c.o[0m
[63.574s] [ 43%] [32mBuilding C object CMakeFiles/px4_msgs__rosidl_typesupport_introspection_c.dir/rosidl_typesupport_introspection_c/px4_msgs/msg/detail/debug_array__type_support.c.o[0m
[63.600s] [ 43%] [32mBuilding C object CMakeFiles/px4_msgs__rosidl_typesupport_introspection_c.dir/rosidl_typesupport_introspection_c/px4_msgs/msg/detail/debug_key_value__type_support.c.o[0m
[63.613s] [ 43%] [32mBuilding CXX object CMakeFiles/px4_msgs__rosidl_typesupport_introspection_cpp.dir/rosidl_typesupport_introspection_cpp/px4_msgs/msg/detail/follow_target_estimator__type_support.cpp.o[0m
[63.624s] [ 44%] [32mBuilding CXX object CMakeFiles/px4_msgs__rosidl_typesupport_introspection_cpp.dir/rosidl_typesupport_introspection_cpp/px4_msgs/msg/detail/follow_target_status__type_support.cpp.o[0m
[63.644s] [ 44%] [32mBuilding C object CMakeFiles/px4_msgs__rosidl_typesupport_introspection_c.dir/rosidl_typesupport_introspection_c/px4_msgs/msg/detail/debug_value__type_support.c.o[0m
[63.662s] [ 44%] [32mBuilding C object CMakeFiles/px4_msgs__rosidl_typesupport_introspection_c.dir/rosidl_typesupport_introspection_c/px4_msgs/msg/detail/debug_vect__type_support.c.o[0m
[63.698s] [ 44%] [32mBuilding C object CMakeFiles/px4_msgs__rosidl_typesupport_introspection_c.dir/rosidl_typesupport_introspection_c/px4_msgs/msg/detail/differential_pressure__type_support.c.o[0m
[63.717s] [ 44%] [32mBuilding C object CMakeFiles/px4_msgs__rosidl_typesupport_introspection_c.dir/rosidl_typesupport_introspection_c/px4_msgs/msg/detail/distance_sensor__type_support.c.o[0m
[63.730s] [ 45%] [32mBuilding C object CMakeFiles/px4_msgs__rosidl_typesupport_introspection_c.dir/rosidl_typesupport_introspection_c/px4_msgs/msg/detail/ekf2_timestamps__type_support.c.o[0m
[63.731s] [ 45%] [32mBuilding C object CMakeFiles/px4_msgs__rosidl_typesupport_introspection_c.dir/rosidl_typesupport_introspection_c/px4_msgs/msg/detail/esc_report__type_support.c.o[0m
[63.754s] [ 45%] [32mBuilding CXX object CMakeFiles/px4_msgs__rosidl_typesupport_introspection_cpp.dir/rosidl_typesupport_introspection_cpp/px4_msgs/msg/detail/generator_status__type_support.cpp.o[0m
[63.758s] [ 45%] [32mBuilding CXX object CMakeFiles/px4_msgs__rosidl_typesupport_introspection_cpp.dir/rosidl_typesupport_introspection_cpp/px4_msgs/msg/detail/geofence_result__type_support.cpp.o[0m
[63.762s] [ 45%] [32mBuilding C object CMakeFiles/px4_msgs__rosidl_typesupport_introspection_c.dir/rosidl_typesupport_introspection_c/px4_msgs/msg/detail/estimator_aid_source1d__type_support.c.o[0m
[63.763s] [ 45%] [32mBuilding C object CMakeFiles/px4_msgs__rosidl_typesupport_introspection_c.dir/rosidl_typesupport_introspection_c/px4_msgs/msg/detail/esc_status__type_support.c.o[0m
[63.771s] [ 45%] [32mBuilding CXX object CMakeFiles/px4_msgs__rosidl_typesupport_introspection_cpp.dir/rosidl_typesupport_introspection_cpp/px4_msgs/msg/detail/gimbal_controls__type_support.cpp.o[0m
[63.772s] [ 45%] [32mBuilding C object CMakeFiles/px4_msgs__rosidl_typesupport_introspection_c.dir/rosidl_typesupport_introspection_c/px4_msgs/msg/detail/estimator_aid_source2d__type_support.c.o[0m
[63.772s] [ 45%] [32mBuilding CXX object CMakeFiles/px4_msgs__rosidl_typesupport_introspection_cpp.dir/rosidl_typesupport_introspection_cpp/px4_msgs/msg/detail/gimbal_device_attitude_status__type_support.cpp.o[0m
[63.806s] [ 45%] [32mBuilding CXX object CMakeFiles/px4_msgs__rosidl_typesupport_introspection_cpp.dir/rosidl_typesupport_introspection_cpp/px4_msgs/msg/detail/gimbal_device_information__type_support.cpp.o[0m
[63.810s] [ 45%] [32mBuilding CXX object CMakeFiles/px4_msgs__rosidl_typesupport_introspection_cpp.dir/rosidl_typesupport_introspection_cpp/px4_msgs/msg/detail/gimbal_device_set_attitude__type_support.cpp.o[0m
[63.830s] [ 45%] [32mBuilding C object CMakeFiles/px4_msgs__rosidl_typesupport_introspection_c.dir/rosidl_typesupport_introspection_c/px4_msgs/msg/detail/estimator_aid_source3d__type_support.c.o[0m
[63.850s] [ 45%] [32mBuilding CXX object CMakeFiles/px4_msgs__rosidl_typesupport_introspection_cpp.dir/rosidl_typesupport_introspection_cpp/px4_msgs/msg/detail/gimbal_manager_information__type_support.cpp.o[0m
[63.850s] [ 45%] [32mBuilding CXX object CMakeFiles/px4_msgs__rosidl_typesupport_introspection_cpp.dir/rosidl_typesupport_introspection_cpp/px4_msgs/msg/detail/gimbal_manager_set_attitude__type_support.cpp.o[0m
[63.855s] [ 45%] [32mBuilding C object CMakeFiles/px4_msgs__rosidl_typesupport_introspection_c.dir/rosidl_typesupport_introspection_c/px4_msgs/msg/detail/estimator_bias__type_support.c.o[0m
[63.856s] [ 45%] [32mBuilding C object CMakeFiles/px4_msgs__rosidl_typesupport_introspection_c.dir/rosidl_typesupport_introspection_c/px4_msgs/msg/detail/estimator_bias3d__type_support.c.o[0m
[63.900s] [ 45%] [32mBuilding C object CMakeFiles/px4_msgs__rosidl_typesupport_introspection_c.dir/rosidl_typesupport_introspection_c/px4_msgs/msg/detail/estimator_event_flags__type_support.c.o[0m
[63.918s] [ 45%] [32mBuilding C object CMakeFiles/px4_msgs__rosidl_typesupport_introspection_c.dir/rosidl_typesupport_introspection_c/px4_msgs/msg/detail/estimator_gps_status__type_support.c.o[0m
[63.944s] [ 45%] [32mBuilding CXX object CMakeFiles/px4_msgs__rosidl_typesupport_introspection_cpp.dir/rosidl_typesupport_introspection_cpp/px4_msgs/msg/detail/gimbal_manager_set_manual_control__type_support.cpp.o[0m
[63.955s] [ 45%] [32mBuilding CXX object CMakeFiles/px4_msgs__rosidl_typesupport_introspection_cpp.dir/rosidl_typesupport_introspection_cpp/px4_msgs/msg/detail/gimbal_manager_status__type_support.cpp.o[0m
[63.962s] [ 45%] [32mBuilding C object CMakeFiles/px4_msgs__rosidl_typesupport_introspection_c.dir/rosidl_typesupport_introspection_c/px4_msgs/msg/detail/estimator_innovations__type_support.c.o[0m
[64.034s] [ 45%] [32mBuilding CXX object CMakeFiles/px4_msgs__rosidl_typesupport_introspection_cpp.dir/rosidl_typesupport_introspection_cpp/px4_msgs/msg/detail/gps_dump__type_support.cpp.o[0m
[64.040s] [ 45%] [32mBuilding C object CMakeFiles/px4_msgs__rosidl_typesupport_introspection_c.dir/rosidl_typesupport_introspection_c/px4_msgs/msg/detail/estimator_selector_status__type_support.c.o[0m
[64.119s] [ 45%] [32mBuilding C object CMakeFiles/px4_msgs__rosidl_typesupport_introspection_c.dir/rosidl_typesupport_introspection_c/px4_msgs/msg/detail/estimator_sensor_bias__type_support.c.o[0m
[64.197s] [ 45%] [32mBuilding C object CMakeFiles/px4_msgs__rosidl_typesupport_introspection_c.dir/rosidl_typesupport_introspection_c/px4_msgs/msg/detail/estimator_states__type_support.c.o[0m
[64.207s] [ 45%] [32mBuilding CXX object CMakeFiles/px4_msgs__rosidl_typesupport_introspection_cpp.dir/rosidl_typesupport_introspection_cpp/px4_msgs/msg/detail/gps_inject_data__type_support.cpp.o[0m
[64.220s] [ 45%] [32mBuilding CXX object CMakeFiles/px4_msgs__rosidl_typesupport_introspection_cpp.dir/rosidl_typesupport_introspection_cpp/px4_msgs/msg/detail/gripper__type_support.cpp.o[0m
[64.264s] [ 45%] [32mBuilding C object CMakeFiles/px4_msgs__rosidl_typesupport_introspection_c.dir/rosidl_typesupport_introspection_c/px4_msgs/msg/detail/estimator_status__type_support.c.o[0m
[64.313s] [ 46%] [32mBuilding C object CMakeFiles/px4_msgs__rosidl_typesupport_introspection_c.dir/rosidl_typesupport_introspection_c/px4_msgs/msg/detail/estimator_status_flags__type_support.c.o[0m
[64.323s] [ 46%] [32mBuilding CXX object CMakeFiles/px4_msgs__rosidl_typesupport_introspection_cpp.dir/rosidl_typesupport_introspection_cpp/px4_msgs/msg/detail/health_report__type_support.cpp.o[0m
[64.334s] [ 47%] [32mBuilding CXX object CMakeFiles/px4_msgs__rosidl_typesupport_introspection_cpp.dir/rosidl_typesupport_introspection_cpp/px4_msgs/msg/detail/heater_status__type_support.cpp.o[0m
[64.360s] [ 47%] [32mBuilding C object CMakeFiles/px4_msgs__rosidl_typesupport_introspection_c.dir/rosidl_typesupport_introspection_c/px4_msgs/msg/detail/event__type_support.c.o[0m
[64.365s] [ 47%] [32mBuilding C object CMakeFiles/px4_msgs__rosidl_typesupport_introspection_c.dir/rosidl_typesupport_introspection_c/px4_msgs/msg/detail/failsafe_flags__type_support.c.o[0m
[64.389s] [ 47%] [32mBuilding C object CMakeFiles/px4_msgs__rosidl_typesupport_introspection_c.dir/rosidl_typesupport_introspection_c/px4_msgs/msg/detail/failure_detector_status__type_support.c.o[0m
[64.397s] [ 47%] [32mBuilding C object CMakeFiles/px4_msgs__rosidl_typesupport_introspection_c.dir/rosidl_typesupport_introspection_c/px4_msgs/msg/detail/follow_target__type_support.c.o[0m
[64.421s] [ 47%] [32mBuilding CXX object CMakeFiles/px4_msgs__rosidl_typesupport_introspection_cpp.dir/rosidl_typesupport_introspection_cpp/px4_msgs/msg/detail/home_position__type_support.cpp.o[0m
[64.422s] [ 47%] [32mBuilding CXX object CMakeFiles/px4_msgs__rosidl_typesupport_introspection_cpp.dir/rosidl_typesupport_introspection_cpp/px4_msgs/msg/detail/hover_thrust_estimate__type_support.cpp.o[0m
[64.426s] [ 47%] [32mBuilding CXX object CMakeFiles/px4_msgs__rosidl_typesupport_introspection_cpp.dir/rosidl_typesupport_introspection_cpp/px4_msgs/msg/detail/input_rc__type_support.cpp.o[0m
[64.440s] [ 47%] [32mBuilding CXX object CMakeFiles/px4_msgs__rosidl_typesupport_introspection_cpp.dir/rosidl_typesupport_introspection_cpp/px4_msgs/msg/detail/internal_combustion_engine_status__type_support.cpp.o[0m
[64.440s] [ 47%] [32mBuilding C object CMakeFiles/px4_msgs__rosidl_typesupport_introspection_c.dir/rosidl_typesupport_introspection_c/px4_msgs/msg/detail/follow_target_estimator__type_support.c.o[0m
[64.441s] [ 47%] [32mBuilding C object CMakeFiles/px4_msgs__rosidl_typesupport_introspection_c.dir/rosidl_typesupport_introspection_c/px4_msgs/msg/detail/follow_target_status__type_support.c.o[0m
[64.479s] [ 47%] [32mBuilding CXX object CMakeFiles/px4_msgs__rosidl_typesupport_fastrtps_cpp.dir/rosidl_typesupport_fastrtps_cpp/px4_msgs/msg/detail/dds_fastrtps/action_request__type_support.cpp.o[0m
[64.490s] [ 47%] [32mBuilding CXX object CMakeFiles/px4_msgs__rosidl_typesupport_introspection_cpp.dir/rosidl_typesupport_introspection_cpp/px4_msgs/msg/detail/iridiumsbd_status__type_support.cpp.o[0m
[64.491s] [ 47%] [32mBuilding C object CMakeFiles/px4_msgs__rosidl_typesupport_introspection_c.dir/rosidl_typesupport_introspection_c/px4_msgs/msg/detail/generator_status__type_support.c.o[0m
[64.506s] [ 47%] [32mBuilding CXX object CMakeFiles/px4_msgs__rosidl_typesupport_fastrtps_cpp.dir/rosidl_typesupport_fastrtps_cpp/px4_msgs/msg/detail/dds_fastrtps/actuator_armed__type_support.cpp.o[0m
[64.509s] [ 47%] [32mBuilding CXX object CMakeFiles/px4_msgs__rosidl_typesupport_fastrtps_cpp.dir/rosidl_typesupport_fastrtps_cpp/px4_msgs/msg/detail/dds_fastrtps/actuator_controls_status__type_support.cpp.o[0m
[64.538s] [ 47%] [32mBuilding C object CMakeFiles/px4_msgs__rosidl_typesupport_introspection_c.dir/rosidl_typesupport_introspection_c/px4_msgs/msg/detail/geofence_result__type_support.c.o[0m
[64.549s] [ 47%] [32mBuilding CXX object CMakeFiles/px4_msgs__rosidl_typesupport_introspection_cpp.dir/rosidl_typesupport_introspection_cpp/px4_msgs/msg/detail/irlock_report__type_support.cpp.o[0m
[64.584s] [ 47%] [32mBuilding C object CMakeFiles/px4_msgs__rosidl_typesupport_introspection_c.dir/rosidl_typesupport_introspection_c/px4_msgs/msg/detail/gimbal_controls__type_support.c.o[0m
[64.605s] [ 47%] [32mBuilding C object CMakeFiles/px4_msgs__rosidl_typesupport_introspection_c.dir/rosidl_typesupport_introspection_c/px4_msgs/msg/detail/gimbal_device_attitude_status__type_support.c.o[0m
[64.639s] [ 47%] [32mBuilding CXX object CMakeFiles/px4_msgs__rosidl_typesupport_fastrtps_cpp.dir/rosidl_typesupport_fastrtps_cpp/px4_msgs/msg/detail/dds_fastrtps/actuator_motors__type_support.cpp.o[0m
[64.653s] [ 47%] [32mBuilding C object CMakeFiles/px4_msgs__rosidl_typesupport_introspection_c.dir/rosidl_typesupport_introspection_c/px4_msgs/msg/detail/gimbal_device_information__type_support.c.o[0m
[64.705s] [ 47%] [32mBuilding C object CMakeFiles/px4_msgs__rosidl_typesupport_introspection_c.dir/rosidl_typesupport_introspection_c/px4_msgs/msg/detail/gimbal_device_set_attitude__type_support.c.o[0m
[64.751s] [ 47%] [32mBuilding C object CMakeFiles/px4_msgs__rosidl_typesupport_introspection_c.dir/rosidl_typesupport_introspection_c/px4_msgs/msg/detail/gimbal_manager_information__type_support.c.o[0m
[64.784s] [ 47%] [32mBuilding CXX object CMakeFiles/px4_msgs__rosidl_typesupport_fastrtps_cpp.dir/rosidl_typesupport_fastrtps_cpp/px4_msgs/msg/detail/dds_fastrtps/actuator_outputs__type_support.cpp.o[0m
[64.788s] [ 47%] [32mBuilding C object CMakeFiles/px4_msgs__rosidl_typesupport_introspection_c.dir/rosidl_typesupport_introspection_c/px4_msgs/msg/detail/gimbal_manager_set_attitude__type_support.c.o[0m
[64.804s] [ 48%] [32mBuilding CXX object CMakeFiles/px4_msgs__rosidl_typesupport_fastrtps_cpp.dir/rosidl_typesupport_fastrtps_cpp/px4_msgs/msg/detail/dds_fastrtps/actuator_servos__type_support.cpp.o[0m
[64.836s] [ 49%] [32mBuilding C object CMakeFiles/px4_msgs__rosidl_typesupport_introspection_c.dir/rosidl_typesupport_introspection_c/px4_msgs/msg/detail/gimbal_manager_set_manual_control__type_support.c.o[0m
[64.880s] [ 49%] [32mBuilding C object CMakeFiles/px4_msgs__rosidl_typesupport_introspection_c.dir/rosidl_typesupport_introspection_c/px4_msgs/msg/detail/gimbal_manager_status__type_support.c.o[0m
[64.880s] [ 49%] [32mBuilding CXX object CMakeFiles/px4_msgs__rosidl_typesupport_fastrtps_cpp.dir/rosidl_typesupport_fastrtps_cpp/px4_msgs/msg/detail/dds_fastrtps/actuator_servos_trim__type_support.cpp.o[0m
[64.888s] [ 49%] [32mBuilding CXX object CMakeFiles/px4_msgs__rosidl_typesupport_fastrtps_cpp.dir/rosidl_typesupport_fastrtps_cpp/px4_msgs/msg/detail/dds_fastrtps/actuator_test__type_support.cpp.o[0m
[64.926s] [ 49%] [32mBuilding C object CMakeFiles/px4_msgs__rosidl_typesupport_introspection_c.dir/rosidl_typesupport_introspection_c/px4_msgs/msg/detail/gps_dump__type_support.c.o[0m
[64.975s] [ 49%] [32mBuilding C object CMakeFiles/px4_msgs__rosidl_typesupport_introspection_c.dir/rosidl_typesupport_introspection_c/px4_msgs/msg/detail/gps_inject_data__type_support.c.o[0m
[64.983s] [ 49%] [32mBuilding CXX object CMakeFiles/px4_msgs__rosidl_typesupport_introspection_cpp.dir/rosidl_typesupport_introspection_cpp/px4_msgs/msg/detail/landing_gear__type_support.cpp.o[0m
[64.993s] [ 49%] [32mBuilding C object CMakeFiles/px4_msgs__rosidl_typesupport_introspection_c.dir/rosidl_typesupport_introspection_c/px4_msgs/msg/detail/gripper__type_support.c.o[0m
[65.011s] [ 49%] [32mBuilding CXX object CMakeFiles/px4_msgs__rosidl_typesupport_fastrtps_cpp.dir/rosidl_typesupport_fastrtps_cpp/px4_msgs/msg/detail/dds_fastrtps/adc_report__type_support.cpp.o[0m
[65.024s] [ 49%] [32mBuilding C object CMakeFiles/px4_msgs__rosidl_typesupport_introspection_c.dir/rosidl_typesupport_introspection_c/px4_msgs/msg/detail/health_report__type_support.c.o[0m
[65.035s] [ 49%] [32mBuilding CXX object CMakeFiles/px4_msgs__rosidl_typesupport_fastrtps_cpp.dir/rosidl_typesupport_fastrtps_cpp/px4_msgs/msg/detail/dds_fastrtps/airspeed__type_support.cpp.o[0m
[65.038s] [ 49%] [32mBuilding C object CMakeFiles/px4_msgs__rosidl_typesupport_introspection_c.dir/rosidl_typesupport_introspection_c/px4_msgs/msg/detail/heater_status__type_support.c.o[0m
[65.047s] [ 49%] [32mBuilding C object CMakeFiles/px4_msgs__rosidl_typesupport_introspection_c.dir/rosidl_typesupport_introspection_c/px4_msgs/msg/detail/home_position__type_support.c.o[0m
[65.060s] [ 49%] [32mBuilding CXX object CMakeFiles/px4_msgs__rosidl_typesupport_fastrtps_cpp.dir/rosidl_typesupport_fastrtps_cpp/px4_msgs/msg/detail/dds_fastrtps/airspeed_validated__type_support.cpp.o[0m
[65.065s] [ 49%] [32mBuilding C object CMakeFiles/px4_msgs__rosidl_typesupport_introspection_c.dir/rosidl_typesupport_introspection_c/px4_msgs/msg/detail/hover_thrust_estimate__type_support.c.o[0m
[65.096s] [ 49%] [32mBuilding C object CMakeFiles/px4_msgs__rosidl_typesupport_introspection_c.dir/rosidl_typesupport_introspection_c/px4_msgs/msg/detail/input_rc__type_support.c.o[0m
[65.097s] [ 49%] [32mBuilding CXX object CMakeFiles/px4_msgs__rosidl_typesupport_fastrtps_cpp.dir/rosidl_typesupport_fastrtps_cpp/px4_msgs/msg/detail/dds_fastrtps/airspeed_wind__type_support.cpp.o[0m
[65.103s] [ 49%] [32mBuilding C object CMakeFiles/px4_msgs__rosidl_typesupport_introspection_c.dir/rosidl_typesupport_introspection_c/px4_msgs/msg/detail/internal_combustion_engine_status__type_support.c.o[0m
[65.103s] [ 49%] [32mBuilding CXX object CMakeFiles/px4_msgs__rosidl_typesupport_introspection_cpp.dir/rosidl_typesupport_introspection_cpp/px4_msgs/msg/detail/landing_gear_wheel__type_support.cpp.o[0m
[65.120s] [ 49%] [32mBuilding C object CMakeFiles/px4_msgs__rosidl_typesupport_introspection_c.dir/rosidl_typesupport_introspection_c/px4_msgs/msg/detail/iridiumsbd_status__type_support.c.o[0m
[65.126s] [ 49%] [32mBuilding C object CMakeFiles/px4_msgs__rosidl_typesupport_introspection_c.dir/rosidl_typesupport_introspection_c/px4_msgs/msg/detail/irlock_report__type_support.c.o[0m
[65.141s] [ 49%] [32mBuilding CXX object CMakeFiles/px4_msgs__rosidl_typesupport_introspection_cpp.dir/rosidl_typesupport_introspection_cpp/px4_msgs/msg/detail/landing_target_innovations__type_support.cpp.o[0m
[65.152s] [ 49%] [32mBuilding CXX object CMakeFiles/px4_msgs__rosidl_typesupport_introspection_cpp.dir/rosidl_typesupport_introspection_cpp/px4_msgs/msg/detail/landing_target_pose__type_support.cpp.o[0m
[65.168s] [ 49%] [32mBuilding CXX object CMakeFiles/px4_msgs__rosidl_typesupport_introspection_cpp.dir/rosidl_typesupport_introspection_cpp/px4_msgs/msg/detail/launch_detection_status__type_support.cpp.o[0m
[65.168s] [ 49%] [32mBuilding C object CMakeFiles/px4_msgs__rosidl_typesupport_introspection_c.dir/rosidl_typesupport_introspection_c/px4_msgs/msg/detail/landing_gear__type_support.c.o[0m
[65.214s] [ 50%] [32mBuilding C object CMakeFiles/px4_msgs__rosidl_typesupport_introspection_c.dir/rosidl_typesupport_introspection_c/px4_msgs/msg/detail/landing_gear_wheel__type_support.c.o[0m
[65.227s] [ 50%] [32mBuilding CXX object CMakeFiles/px4_msgs__rosidl_typesupport_introspection_cpp.dir/rosidl_typesupport_introspection_cpp/px4_msgs/msg/detail/led_control__type_support.cpp.o[0m
[65.255s] [ 50%] [32mBuilding C object CMakeFiles/px4_msgs__rosidl_typesupport_introspection_c.dir/rosidl_typesupport_introspection_c/px4_msgs/msg/detail/landing_target_innovations__type_support.c.o[0m
[65.298s] [ 50%] [32mBuilding C object CMakeFiles/px4_msgs__rosidl_typesupport_introspection_c.dir/rosidl_typesupport_introspection_c/px4_msgs/msg/detail/landing_target_pose__type_support.c.o[0m
[65.341s] [ 50%] [32mBuilding C object CMakeFiles/px4_msgs__rosidl_typesupport_introspection_c.dir/rosidl_typesupport_introspection_c/px4_msgs/msg/detail/launch_detection_status__type_support.c.o[0m
[65.365s] [ 50%] [32mBuilding C object CMakeFiles/px4_msgs__rosidl_typesupport_introspection_c.dir/rosidl_typesupport_introspection_c/px4_msgs/msg/detail/led_control__type_support.c.o[0m
[65.385s] [ 50%] [32mBuilding CXX object CMakeFiles/px4_msgs__rosidl_typesupport_fastrtps_cpp.dir/rosidl_typesupport_fastrtps_cpp/px4_msgs/msg/detail/dds_fastrtps/autotune_attitude_control_status__type_support.cpp.o[0m
[65.408s] [ 50%] [32mBuilding C object CMakeFiles/px4_msgs__rosidl_typesupport_introspection_c.dir/rosidl_typesupport_introspection_c/px4_msgs/msg/detail/logger_status__type_support.c.o[0m
[65.408s] [ 50%] [32mBuilding C object CMakeFiles/px4_msgs__rosidl_typesupport_introspection_c.dir/rosidl_typesupport_introspection_c/px4_msgs/msg/detail/log_message__type_support.c.o[0m
[65.453s] [ 50%] [32mBuilding C object CMakeFiles/px4_msgs__rosidl_typesupport_introspection_c.dir/rosidl_typesupport_introspection_c/px4_msgs/msg/detail/mag_worker_data__type_support.c.o[0m
[65.453s] [ 50%] [32mBuilding CXX object CMakeFiles/px4_msgs__rosidl_typesupport_fastrtps_cpp.dir/rosidl_typesupport_fastrtps_cpp/px4_msgs/msg/detail/dds_fastrtps/battery_status__type_support.cpp.o[0m
[65.468s] [ 50%] [32mBuilding CXX object CMakeFiles/px4_msgs__rosidl_typesupport_fastrtps_cpp.dir/rosidl_typesupport_fastrtps_cpp/px4_msgs/msg/detail/dds_fastrtps/button_event__type_support.cpp.o[0m
[65.492s] [ 50%] [32mBuilding CXX object CMakeFiles/px4_msgs__rosidl_typesupport_introspection_cpp.dir/rosidl_typesupport_introspection_cpp/px4_msgs/msg/detail/log_message__type_support.cpp.o[0m
[65.514s] [ 50%] [32mBuilding C object CMakeFiles/px4_msgs__rosidl_typesupport_introspection_c.dir/rosidl_typesupport_introspection_c/px4_msgs/msg/detail/magnetometer_bias_estimate__type_support.c.o[0m
[65.525s] [ 50%] [32mBuilding CXX object CMakeFiles/px4_msgs__rosidl_typesupport_fastrtps_cpp.dir/rosidl_typesupport_fastrtps_cpp/px4_msgs/msg/detail/dds_fastrtps/camera_capture__type_support.cpp.o[0m
[65.570s] [ 50%] [32mBuilding CXX object CMakeFiles/px4_msgs__rosidl_typesupport_fastrtps_c.dir/rosidl_typesupport_fastrtps_c/px4_msgs/msg/detail/action_request__type_support_c.cpp.o[0m
[65.573s] [ 50%] [32mBuilding C object CMakeFiles/px4_msgs__rosidl_typesupport_introspection_c.dir/rosidl_typesupport_introspection_c/px4_msgs/msg/detail/manual_control_setpoint__type_support.c.o[0m
[65.597s] [ 50%] [32mBuilding C object CMakeFiles/px4_msgs__rosidl_typesupport_introspection_c.dir/rosidl_typesupport_introspection_c/px4_msgs/msg/detail/manual_control_switches__type_support.c.o[0m
[65.609s] [ 50%] [32mBuilding CXX object CMakeFiles/px4_msgs__rosidl_typesupport_fastrtps_cpp.dir/rosidl_typesupport_fastrtps_cpp/px4_msgs/msg/detail/dds_fastrtps/camera_status__type_support.cpp.o[0m
[65.618s] [ 50%] [32mBuilding CXX object CMakeFiles/px4_msgs__rosidl_typesupport_fastrtps_cpp.dir/rosidl_typesupport_fastrtps_cpp/px4_msgs/msg/detail/dds_fastrtps/camera_trigger__type_support.cpp.o[0m
[65.640s] [ 50%] [32mBuilding C object CMakeFiles/px4_msgs__rosidl_typesupport_introspection_c.dir/rosidl_typesupport_introspection_c/px4_msgs/msg/detail/mavlink_log__type_support.c.o[0m
[65.645s] [ 50%] [32mBuilding CXX object CMakeFiles/px4_msgs__rosidl_typesupport_fastrtps_c.dir/rosidl_typesupport_fastrtps_c/px4_msgs/msg/detail/actuator_armed__type_support_c.cpp.o[0m
[65.685s] [ 50%] [32mBuilding C object CMakeFiles/px4_msgs__rosidl_typesupport_introspection_c.dir/rosidl_typesupport_introspection_c/px4_msgs/msg/detail/mavlink_tunnel__type_support.c.o[0m
[65.685s] [ 50%] [32mBuilding C object CMakeFiles/px4_msgs__rosidl_typesupport_introspection_c.dir/rosidl_typesupport_introspection_c/px4_msgs/msg/detail/mission__type_support.c.o[0m
[65.700s] [ 50%] [32mBuilding CXX object CMakeFiles/px4_msgs__rosidl_typesupport_fastrtps_cpp.dir/rosidl_typesupport_fastrtps_cpp/px4_msgs/msg/detail/dds_fastrtps/cellular_status__type_support.cpp.o[0m
[65.701s] [ 50%] [32mBuilding CXX object CMakeFiles/px4_msgs__rosidl_typesupport_fastrtps_c.dir/rosidl_typesupport_fastrtps_c/px4_msgs/msg/detail/actuator_controls_status__type_support_c.cpp.o[0m
[65.708s] [ 50%] [32mBuilding C object CMakeFiles/px4_msgs__rosidl_typesupport_introspection_c.dir/rosidl_typesupport_introspection_c/px4_msgs/msg/detail/mission_result__type_support.c.o[0m
[65.724s] [ 50%] [32mBuilding CXX object CMakeFiles/px4_msgs__rosidl_typesupport_fastrtps_cpp.dir/rosidl_typesupport_fastrtps_cpp/px4_msgs/msg/detail/dds_fastrtps/collision_constraints__type_support.cpp.o[0m
[65.738s] [ 50%] [32mBuilding CXX object CMakeFiles/px4_msgs__rosidl_typesupport_introspection_cpp.dir/rosidl_typesupport_introspection_cpp/px4_msgs/msg/detail/logger_status__type_support.cpp.o[0m
[65.740s] [ 51%] [32mBuilding CXX object CMakeFiles/px4_msgs__rosidl_typesupport_fastrtps_cpp.dir/rosidl_typesupport_fastrtps_cpp/px4_msgs/msg/detail/dds_fastrtps/collision_report__type_support.cpp.o[0m
[65.752s] [ 52%] [32mBuilding C object CMakeFiles/px4_msgs__rosidl_typesupport_introspection_c.dir/rosidl_typesupport_introspection_c/px4_msgs/msg/detail/mode_completed__type_support.c.o[0m
[65.759s] [ 52%] [32mBuilding CXX object CMakeFiles/px4_msgs__rosidl_typesupport_fastrtps_cpp.dir/rosidl_typesupport_fastrtps_cpp/px4_msgs/msg/detail/dds_fastrtps/control_allocator_status__type_support.cpp.o[0m
[65.795s] [ 52%] [32mBuilding C object CMakeFiles/px4_msgs__rosidl_typesupport_introspection_c.dir/rosidl_typesupport_introspection_c/px4_msgs/msg/detail/mount_orientation__type_support.c.o[0m
[65.840s] [ 52%] [32mBuilding C object CMakeFiles/px4_msgs__rosidl_typesupport_introspection_c.dir/rosidl_typesupport_introspection_c/px4_msgs/msg/detail/navigator_mission_item__type_support.c.o[0m
[65.885s] [ 52%] [32mBuilding C object CMakeFiles/px4_msgs__rosidl_typesupport_introspection_c.dir/rosidl_typesupport_introspection_c/px4_msgs/msg/detail/normalized_unsigned_setpoint__type_support.c.o[0m
[65.932s] [ 52%] [32mBuilding C object CMakeFiles/px4_msgs__rosidl_typesupport_introspection_c.dir/rosidl_typesupport_introspection_c/px4_msgs/msg/detail/npfg_status__type_support.c.o[0m
[65.990s] [ 52%] [32mBuilding C object CMakeFiles/px4_msgs__rosidl_typesupport_introspection_c.dir/rosidl_typesupport_introspection_c/px4_msgs/msg/detail/obstacle_distance__type_support.c.o[0m
[65.995s] [ 52%] [32mBuilding C object CMakeFiles/px4_msgs__rosidl_typesupport_introspection_c.dir/rosidl_typesupport_introspection_c/px4_msgs/msg/detail/offboard_control_mode__type_support.c.o[0m
[66.037s] [ 52%] [32mBuilding C object CMakeFiles/px4_msgs__rosidl_typesupport_introspection_c.dir/rosidl_typesupport_introspection_c/px4_msgs/msg/detail/onboard_computer_status__type_support.c.o[0m
[66.041s] [ 52%] [32mBuilding C object CMakeFiles/px4_msgs__rosidl_typesupport_introspection_c.dir/rosidl_typesupport_introspection_c/px4_msgs/msg/detail/orb_test__type_support.c.o[0m
[66.045s] [ 52%] [32mBuilding CXX object CMakeFiles/px4_msgs__rosidl_typesupport_fastrtps_c.dir/rosidl_typesupport_fastrtps_c/px4_msgs/msg/detail/actuator_motors__type_support_c.cpp.o[0m
[66.051s] [ 52%] [32mBuilding C object CMakeFiles/px4_msgs__rosidl_typesupport_introspection_c.dir/rosidl_typesupport_introspection_c/px4_msgs/msg/detail/orb_test_large__type_support.c.o[0m
[66.059s] [ 53%] [32mBuilding CXX object CMakeFiles/px4_msgs__rosidl_typesupport_introspection_cpp.dir/rosidl_typesupport_introspection_cpp/px4_msgs/msg/detail/mag_worker_data__type_support.cpp.o[0m
[66.073s] [ 53%] [32mBuilding C object CMakeFiles/px4_msgs__rosidl_typesupport_introspection_c.dir/rosidl_typesupport_introspection_c/px4_msgs/msg/detail/orb_test_medium__type_support.c.o[0m
[66.086s] [ 53%] [32mBuilding CXX object CMakeFiles/px4_msgs__rosidl_typesupport_fastrtps_cpp.dir/rosidl_typesupport_fastrtps_cpp/px4_msgs/msg/detail/dds_fastrtps/cpuload__type_support.cpp.o[0m
[66.097s] [ 53%] [32mBuilding C object CMakeFiles/px4_msgs__rosidl_typesupport_introspection_c.dir/rosidl_typesupport_introspection_c/px4_msgs/msg/detail/orbit_status__type_support.c.o[0m
[66.103s] [ 53%] [32mBuilding CXX object CMakeFiles/px4_msgs__rosidl_typesupport_fastrtps_c.dir/rosidl_typesupport_fastrtps_c/px4_msgs/msg/detail/actuator_outputs__type_support_c.cpp.o[0m
[66.118s] [ 53%] [32mBuilding C object CMakeFiles/px4_msgs__rosidl_typesupport_introspection_c.dir/rosidl_typesupport_introspection_c/px4_msgs/msg/detail/parameter_update__type_support.c.o[0m
[66.124s] [ 53%] [32mBuilding CXX object CMakeFiles/px4_msgs__rosidl_typesupport_fastrtps_cpp.dir/rosidl_typesupport_fastrtps_cpp/px4_msgs/msg/detail/dds_fastrtps/debug_array__type_support.cpp.o[0m
[66.142s] [ 53%] [32mBuilding CXX object CMakeFiles/px4_msgs__rosidl_typesupport_fastrtps_cpp.dir/rosidl_typesupport_fastrtps_cpp/px4_msgs/msg/detail/dds_fastrtps/debug_key_value__type_support.cpp.o[0m
[66.143s] [ 53%] [32mBuilding CXX object CMakeFiles/px4_msgs__rosidl_typesupport_introspection_cpp.dir/rosidl_typesupport_introspection_cpp/px4_msgs/msg/detail/magnetometer_bias_estimate__type_support.cpp.o[0m
[66.165s] [ 53%] [32mBuilding C object CMakeFiles/px4_msgs__rosidl_typesupport_introspection_c.dir/rosidl_typesupport_introspection_c/px4_msgs/msg/detail/ping__type_support.c.o[0m
[66.184s] [ 53%] [32mBuilding CXX object CMakeFiles/px4_msgs__rosidl_typesupport_fastrtps_c.dir/rosidl_typesupport_fastrtps_c/px4_msgs/msg/detail/actuator_servos__type_support_c.cpp.o[0m
[66.195s] [ 53%] [32mBuilding CXX object CMakeFiles/px4_msgs__rosidl_typesupport_introspection_cpp.dir/rosidl_typesupport_introspection_cpp/px4_msgs/msg/detail/manual_control_setpoint__type_support.cpp.o[0m
[66.209s] [ 53%] [32mBuilding C object CMakeFiles/px4_msgs__rosidl_typesupport_introspection_c.dir/rosidl_typesupport_introspection_c/px4_msgs/msg/detail/position_controller_landing_status__type_support.c.o[0m
[66.243s] [ 53%] [32mBuilding CXX object CMakeFiles/px4_msgs__rosidl_typesupport_fastrtps_c.dir/rosidl_typesupport_fastrtps_c/px4_msgs/msg/detail/actuator_servos_trim__type_support_c.cpp.o[0m
[66.251s] [ 54%] [32mBuilding C object CMakeFiles/px4_msgs__rosidl_typesupport_introspection_c.dir/rosidl_typesupport_introspection_c/px4_msgs/msg/detail/position_controller_status__type_support.c.o[0m
[66.278s] [ 54%] [32mBuilding CXX object CMakeFiles/px4_msgs__rosidl_typesupport_introspection_cpp.dir/rosidl_typesupport_introspection_cpp/px4_msgs/msg/detail/manual_control_switches__type_support.cpp.o[0m
[66.282s] [ 54%] [32mBuilding CXX object CMakeFiles/px4_msgs__rosidl_typesupport_introspection_cpp.dir/rosidl_typesupport_introspection_cpp/px4_msgs/msg/detail/mavlink_log__type_support.cpp.o[0m
[66.293s] [ 54%] [32mBuilding C object CMakeFiles/px4_msgs__rosidl_typesupport_introspection_c.dir/rosidl_typesupport_introspection_c/px4_msgs/msg/detail/position_setpoint__type_support.c.o[0m
[66.317s] [ 54%] [32mBuilding CXX object CMakeFiles/px4_msgs__rosidl_typesupport_fastrtps_c.dir/rosidl_typesupport_fastrtps_c/px4_msgs/msg/detail/actuator_test__type_support_c.cpp.o[0m
[66.327s] [ 54%] [32mBuilding CXX object CMakeFiles/px4_msgs__rosidl_typesupport_introspection_cpp.dir/rosidl_typesupport_introspection_cpp/px4_msgs/msg/detail/mavlink_tunnel__type_support.cpp.o[0m
[66.340s] [ 54%] [32mBuilding C object CMakeFiles/px4_msgs__rosidl_typesupport_introspection_c.dir/rosidl_typesupport_introspection_c/px4_msgs/msg/detail/position_setpoint_triplet__type_support.c.o[0m
[66.353s] [ 54%] [32mBuilding C object CMakeFiles/px4_msgs__rosidl_typesupport_introspection_c.dir/rosidl_typesupport_introspection_c/px4_msgs/msg/detail/power_button_state__type_support.c.o[0m
[66.383s] [ 54%] [32mBuilding C object CMakeFiles/px4_msgs__rosidl_typesupport_introspection_c.dir/rosidl_typesupport_introspection_c/px4_msgs/msg/detail/power_monitor__type_support.c.o[0m
[66.398s] [ 54%] [32mBuilding CXX object CMakeFiles/px4_msgs__rosidl_typesupport_introspection_cpp.dir/rosidl_typesupport_introspection_cpp/px4_msgs/msg/detail/mission__type_support.cpp.o[0m
[66.427s] [ 54%] [32mBuilding C object CMakeFiles/px4_msgs__rosidl_typesupport_introspection_c.dir/rosidl_typesupport_introspection_c/px4_msgs/msg/detail/pps_capture__type_support.c.o[0m
[66.469s] [ 54%] [32mBuilding C object CMakeFiles/px4_msgs__rosidl_typesupport_introspection_c.dir/rosidl_typesupport_introspection_c/px4_msgs/msg/detail/pwm_input__type_support.c.o[0m
[66.513s] [ 54%] [32mBuilding C object CMakeFiles/px4_msgs__rosidl_typesupport_introspection_c.dir/rosidl_typesupport_introspection_c/px4_msgs/msg/detail/px4io_status__type_support.c.o[0m
[66.527s] [ 54%] [32mBuilding C object CMakeFiles/px4_msgs__rosidl_typesupport_introspection_c.dir/rosidl_typesupport_introspection_c/px4_msgs/msg/detail/qshell_req__type_support.c.o[0m
[66.574s] [ 54%] [32mBuilding C object CMakeFiles/px4_msgs__rosidl_typesupport_introspection_c.dir/rosidl_typesupport_introspection_c/px4_msgs/msg/detail/qshell_retval__type_support.c.o[0m
[66.577s] [ 54%] [32mBuilding CXX object CMakeFiles/px4_msgs__rosidl_typesupport_fastrtps_cpp.dir/rosidl_typesupport_fastrtps_cpp/px4_msgs/msg/detail/dds_fastrtps/debug_value__type_support.cpp.o[0m
[66.588s] [ 54%] [32mBuilding CXX object CMakeFiles/px4_msgs__rosidl_typesupport_introspection_cpp.dir/rosidl_typesupport_introspection_cpp/px4_msgs/msg/detail/mission_result__type_support.cpp.o[0m
[66.617s] [ 54%] [32mBuilding C object CMakeFiles/px4_msgs__rosidl_typesupport_introspection_c.dir/rosidl_typesupport_introspection_c/px4_msgs/msg/detail/radio_status__type_support.c.o[0m
[66.647s] [ 54%] [32mBuilding CXX object CMakeFiles/px4_msgs__rosidl_typesupport_fastrtps_c.dir/rosidl_typesupport_fastrtps_c/px4_msgs/msg/detail/adc_report__type_support_c.cpp.o[0m
[66.651s] [ 54%] [32mBuilding CXX object CMakeFiles/px4_msgs__rosidl_typesupport_fastrtps_c.dir/rosidl_typesupport_fastrtps_c/px4_msgs/msg/detail/airspeed__type_support_c.cpp.o[0m
[66.659s] [ 54%] [32mBuilding C object CMakeFiles/px4_msgs__rosidl_typesupport_introspection_c.dir/rosidl_typesupport_introspection_c/px4_msgs/msg/detail/rate_ctrl_status__type_support.c.o[0m
[66.671s] [ 54%] [32mBuilding CXX object CMakeFiles/px4_msgs__rosidl_typesupport_fastrtps_cpp.dir/rosidl_typesupport_fastrtps_cpp/px4_msgs/msg/detail/dds_fastrtps/debug_vect__type_support.cpp.o[0m
[66.701s] [ 54%] [32mBuilding C object CMakeFiles/px4_msgs__rosidl_typesupport_introspection_c.dir/rosidl_typesupport_introspection_c/px4_msgs/msg/detail/rc_channels__type_support.c.o[0m
[66.725s] [ 54%] [32mBuilding CXX object CMakeFiles/px4_msgs__rosidl_typesupport_fastrtps_c.dir/rosidl_typesupport_fastrtps_c/px4_msgs/msg/detail/airspeed_validated__type_support_c.cpp.o[0m
[66.736s] [ 54%] [32mBuilding CXX object CMakeFiles/px4_msgs__rosidl_typesupport_introspection_cpp.dir/rosidl_typesupport_introspection_cpp/px4_msgs/msg/detail/mode_completed__type_support.cpp.o[0m
[66.744s] [ 54%] [32mBuilding C object CMakeFiles/px4_msgs__rosidl_typesupport_introspection_c.dir/rosidl_typesupport_introspection_c/px4_msgs/msg/detail/rc_parameter_map__type_support.c.o[0m
[66.748s] [ 54%] [32mBuilding C object CMakeFiles/px4_msgs__rosidl_typesupport_introspection_c.dir/rosidl_typesupport_introspection_c/px4_msgs/msg/detail/rpm__type_support.c.o[0m
[66.754s] [ 55%] [32mBuilding C object CMakeFiles/px4_msgs__rosidl_typesupport_introspection_c.dir/rosidl_typesupport_introspection_c/px4_msgs/msg/detail/rtl_time_estimate__type_support.c.o[0m
[66.757s] [ 55%] [32mBuilding CXX object CMakeFiles/px4_msgs__rosidl_typesupport_fastrtps_cpp.dir/rosidl_typesupport_fastrtps_cpp/px4_msgs/msg/detail/dds_fastrtps/differential_pressure__type_support.cpp.o[0m
[66.791s] [ 55%] [32mBuilding C object CMakeFiles/px4_msgs__rosidl_typesupport_introspection_c.dir/rosidl_typesupport_introspection_c/px4_msgs/msg/detail/satellite_info__type_support.c.o[0m
[66.798s] [ 55%] [32mBuilding CXX object CMakeFiles/px4_msgs__rosidl_typesupport_fastrtps_c.dir/rosidl_typesupport_fastrtps_c/px4_msgs/msg/detail/airspeed_wind__type_support_c.cpp.o[0m
[66.813s] [ 55%] [32mBuilding C object CMakeFiles/px4_msgs__rosidl_typesupport_introspection_c.dir/rosidl_typesupport_introspection_c/px4_msgs/msg/detail/sensor_accel__type_support.c.o[0m
[66.828s] [ 55%] [32mBuilding CXX object CMakeFiles/px4_msgs__rosidl_typesupport_fastrtps_cpp.dir/rosidl_typesupport_fastrtps_cpp/px4_msgs/msg/detail/dds_fastrtps/distance_sensor__type_support.cpp.o[0m
[66.837s] [ 55%] [32mBuilding C object CMakeFiles/px4_msgs__rosidl_typesupport_introspection_c.dir/rosidl_typesupport_introspection_c/px4_msgs/msg/detail/sensor_accel_fifo__type_support.c.o[0m
[66.853s] [ 55%] [32mBuilding CXX object CMakeFiles/px4_msgs__rosidl_typesupport_fastrtps_c.dir/rosidl_typesupport_fastrtps_c/px4_msgs/msg/detail/autotune_attitude_control_status__type_support_c.cpp.o[0m
[66.854s] [ 55%] [32mBuilding CXX object CMakeFiles/px4_msgs__rosidl_typesupport_fastrtps_cpp.dir/rosidl_typesupport_fastrtps_cpp/px4_msgs/msg/detail/dds_fastrtps/ekf2_timestamps__type_support.cpp.o[0m
[66.861s] [ 55%] [32mBuilding CXX object CMakeFiles/px4_msgs__rosidl_typesupport_fastrtps_cpp.dir/rosidl_typesupport_fastrtps_cpp/px4_msgs/msg/detail/dds_fastrtps/esc_report__type_support.cpp.o[0m
[66.888s] [ 55%] [32mBuilding C object CMakeFiles/px4_msgs__rosidl_typesupport_introspection_c.dir/rosidl_typesupport_introspection_c/px4_msgs/msg/detail/sensor_baro__type_support.c.o[0m
[66.897s] [ 55%] [32mBuilding CXX object CMakeFiles/px4_msgs__rosidl_typesupport_fastrtps_cpp.dir/rosidl_typesupport_fastrtps_cpp/px4_msgs/msg/detail/dds_fastrtps/esc_status__type_support.cpp.o[0m
[66.930s] [ 55%] [32mBuilding C object CMakeFiles/px4_msgs__rosidl_typesupport_introspection_c.dir/rosidl_typesupport_introspection_c/px4_msgs/msg/detail/sensor_combined__type_support.c.o[0m
[66.978s] [ 55%] [32mBuilding C object CMakeFiles/px4_msgs__rosidl_typesupport_introspection_c.dir/rosidl_typesupport_introspection_c/px4_msgs/msg/detail/sensor_correction__type_support.c.o[0m
[66.982s] [ 55%] [32mBuilding C object CMakeFiles/px4_msgs__rosidl_typesupport_introspection_c.dir/rosidl_typesupport_introspection_c/px4_msgs/msg/detail/sensor_gnss_relative__type_support.c.o[0m
[67.035s] [ 55%] [32mBuilding CXX object CMakeFiles/px4_msgs__rosidl_typesupport_fastrtps_cpp.dir/rosidl_typesupport_fastrtps_cpp/px4_msgs/msg/detail/dds_fastrtps/estimator_aid_source1d__type_support.cpp.o[0m
[67.054s] [ 55%] [32mBuilding C object CMakeFiles/px4_msgs__rosidl_typesupport_introspection_c.dir/rosidl_typesupport_introspection_c/px4_msgs/msg/detail/sensor_gps__type_support.c.o[0m
[67.099s] [ 55%] [32mBuilding C object CMakeFiles/px4_msgs__rosidl_typesupport_introspection_c.dir/rosidl_typesupport_introspection_c/px4_msgs/msg/detail/sensor_gyro__type_support.c.o[0m
[67.138s] [ 55%] [32mBuilding CXX object CMakeFiles/px4_msgs__rosidl_typesupport_fastrtps_cpp.dir/rosidl_typesupport_fastrtps_cpp/px4_msgs/msg/detail/dds_fastrtps/estimator_aid_source2d__type_support.cpp.o[0m
[67.143s] [ 55%] [32mBuilding CXX object CMakeFiles/px4_msgs__rosidl_typesupport_fastrtps_cpp.dir/rosidl_typesupport_fastrtps_cpp/px4_msgs/msg/detail/dds_fastrtps/estimator_aid_source3d__type_support.cpp.o[0m
[67.146s] [ 55%] [32mBuilding C object CMakeFiles/px4_msgs__rosidl_typesupport_introspection_c.dir/rosidl_typesupport_introspection_c/px4_msgs/msg/detail/sensor_gyro_fft__type_support.c.o[0m
[67.149s] [ 55%] [32mBuilding CXX object CMakeFiles/px4_msgs__rosidl_typesupport_fastrtps_c.dir/rosidl_typesupport_fastrtps_c/px4_msgs/msg/detail/battery_status__type_support_c.cpp.o[0m
[67.151s] [ 55%] [32mBuilding C object CMakeFiles/px4_msgs__rosidl_typesupport_introspection_c.dir/rosidl_typesupport_introspection_c/px4_msgs/msg/detail/sensor_gyro_fifo__type_support.c.o[0m
[67.200s] [ 56%] [32mBuilding CXX object CMakeFiles/px4_msgs__rosidl_typesupport_fastrtps_cpp.dir/rosidl_typesupport_fastrtps_cpp/px4_msgs/msg/detail/dds_fastrtps/estimator_bias__type_support.cpp.o[0m
[67.212s] [ 56%] [32mBuilding C object CMakeFiles/px4_msgs__rosidl_typesupport_introspection_c.dir/rosidl_typesupport_introspection_c/px4_msgs/msg/detail/sensor_hygrometer__type_support.c.o[0m
[67.242s] [ 56%] [32mBuilding CXX object CMakeFiles/px4_msgs__rosidl_typesupport_introspection_cpp.dir/rosidl_typesupport_introspection_cpp/px4_msgs/msg/detail/mount_orientation__type_support.cpp.o[0m
[67.248s] [ 56%] [32mBuilding CXX object CMakeFiles/px4_msgs__rosidl_typesupport_fastrtps_cpp.dir/rosidl_typesupport_fastrtps_cpp/px4_msgs/msg/detail/dds_fastrtps/estimator_bias3d__type_support.cpp.o[0m
[67.254s] [ 56%] [32mBuilding C object CMakeFiles/px4_msgs__rosidl_typesupport_introspection_c.dir/rosidl_typesupport_introspection_c/px4_msgs/msg/detail/sensor_mag__type_support.c.o[0m
[67.288s] [ 56%] [32mBuilding CXX object CMakeFiles/px4_msgs__rosidl_typesupport_fastrtps_cpp.dir/rosidl_typesupport_fastrtps_cpp/px4_msgs/msg/detail/dds_fastrtps/estimator_event_flags__type_support.cpp.o[0m
[67.312s] [ 56%] [32mBuilding C object CMakeFiles/px4_msgs__rosidl_typesupport_introspection_c.dir/rosidl_typesupport_introspection_c/px4_msgs/msg/detail/sensor_optical_flow__type_support.c.o[0m
[67.356s] [ 56%] [32mBuilding CXX object CMakeFiles/px4_msgs__rosidl_typesupport_fastrtps_cpp.dir/rosidl_typesupport_fastrtps_cpp/px4_msgs/msg/detail/dds_fastrtps/estimator_gps_status__type_support.cpp.o[0m
[67.367s] [ 56%] [32mBuilding CXX object CMakeFiles/px4_msgs__rosidl_typesupport_introspection_cpp.dir/rosidl_typesupport_introspection_cpp/px4_msgs/msg/detail/navigator_mission_item__type_support.cpp.o[0m
[67.370s] [ 56%] [32mBuilding CXX object CMakeFiles/px4_msgs__rosidl_typesupport_fastrtps_cpp.dir/rosidl_typesupport_fastrtps_cpp/px4_msgs/msg/detail/dds_fastrtps/estimator_innovations__type_support.cpp.o[0m
[67.388s] [ 57%] [32mBuilding C object CMakeFiles/px4_msgs__rosidl_typesupport_introspection_c.dir/rosidl_typesupport_introspection_c/px4_msgs/msg/detail/sensor_preflight_mag__type_support.c.o[0m
[67.440s] [ 57%] [32mBuilding C object CMakeFiles/px4_msgs__rosidl_typesupport_introspection_c.dir/rosidl_typesupport_introspection_c/px4_msgs/msg/detail/sensor_selection__type_support.c.o[0m
[67.450s] [ 58%] [32mBuilding CXX object CMakeFiles/px4_msgs__rosidl_typesupport_fastrtps_c.dir/rosidl_typesupport_fastrtps_c/px4_msgs/msg/detail/button_event__type_support_c.cpp.o[0m
[67.464s] [ 58%] [32mBuilding CXX object CMakeFiles/px4_msgs__rosidl_typesupport_fastrtps_c.dir/rosidl_typesupport_fastrtps_c/px4_msgs/msg/detail/camera_capture__type_support_c.cpp.o[0m
[67.493s] [ 58%] [32mBuilding C object CMakeFiles/px4_msgs__rosidl_typesupport_introspection_c.dir/rosidl_typesupport_introspection_c/px4_msgs/msg/detail/sensor_uwb__type_support.c.o[0m
[67.498s] [ 58%] [32mBuilding C object CMakeFiles/px4_msgs__rosidl_typesupport_introspection_c.dir/rosidl_typesupport_introspection_c/px4_msgs/msg/detail/sensors_status__type_support.c.o[0m
[67.510s] [ 58%] [32mBuilding C object CMakeFiles/px4_msgs__rosidl_typesupport_introspection_c.dir/rosidl_typesupport_introspection_c/px4_msgs/msg/detail/sensors_status_imu__type_support.c.o[0m
[67.573s] [ 58%] [32mBuilding CXX object CMakeFiles/px4_msgs__rosidl_typesupport_fastrtps_cpp.dir/rosidl_typesupport_fastrtps_cpp/px4_msgs/msg/detail/dds_fastrtps/estimator_sensor_bias__type_support.cpp.o[0m
[67.578s] [ 58%] [32mBuilding CXX object CMakeFiles/px4_msgs__rosidl_typesupport_fastrtps_cpp.dir/rosidl_typesupport_fastrtps_cpp/px4_msgs/msg/detail/dds_fastrtps/estimator_selector_status__type_support.cpp.o[0m
[67.612s] [ 58%] [32mBuilding C object CMakeFiles/px4_msgs__rosidl_typesupport_introspection_c.dir/rosidl_typesupport_introspection_c/px4_msgs/msg/detail/system_power__type_support.c.o[0m
[67.656s] [ 58%] [32mBuilding C object CMakeFiles/px4_msgs__rosidl_typesupport_introspection_c.dir/rosidl_typesupport_introspection_c/px4_msgs/msg/detail/takeoff_status__type_support.c.o[0m
[67.676s] [ 58%] [32mBuilding CXX object CMakeFiles/px4_msgs__rosidl_typesupport_introspection_cpp.dir/rosidl_typesupport_introspection_cpp/px4_msgs/msg/detail/normalized_unsigned_setpoint__type_support.cpp.o[0m
[67.687s] [ 58%] [32mBuilding CXX object CMakeFiles/px4_msgs__rosidl_typesupport_fastrtps_cpp.dir/rosidl_typesupport_fastrtps_cpp/px4_msgs/msg/detail/dds_fastrtps/estimator_states__type_support.cpp.o[0m
[67.699s] [ 58%] [32mBuilding C object CMakeFiles/px4_msgs__rosidl_typesupport_introspection_c.dir/rosidl_typesupport_introspection_c/px4_msgs/msg/detail/task_stack_info__type_support.c.o[0m
[67.746s] [ 58%] [32mBuilding C object CMakeFiles/px4_msgs__rosidl_typesupport_introspection_c.dir/rosidl_typesupport_introspection_c/px4_msgs/msg/detail/tecs_status__type_support.c.o[0m
[67.752s] [ 58%] [32mBuilding CXX object CMakeFiles/px4_msgs__rosidl_typesupport_introspection_cpp.dir/rosidl_typesupport_introspection_cpp/px4_msgs/msg/detail/npfg_status__type_support.cpp.o[0m
[67.756s] [ 58%] [32mBuilding CXX object CMakeFiles/px4_msgs__rosidl_typesupport_fastrtps_c.dir/rosidl_typesupport_fastrtps_c/px4_msgs/msg/detail/camera_status__type_support_c.cpp.o[0m
[67.795s] [ 58%] [32mBuilding C object CMakeFiles/px4_msgs__rosidl_typesupport_introspection_c.dir/rosidl_typesupport_introspection_c/px4_msgs/msg/detail/telemetry_status__type_support.c.o[0m
[67.813s] [ 58%] [32mBuilding CXX object CMakeFiles/px4_msgs__rosidl_typesupport_introspection_cpp.dir/rosidl_typesupport_introspection_cpp/px4_msgs/msg/detail/obstacle_distance__type_support.cpp.o[0m
[67.842s] [ 58%] [32mBuilding C object CMakeFiles/px4_msgs__rosidl_typesupport_introspection_c.dir/rosidl_typesupport_introspection_c/px4_msgs/msg/detail/tiltrotor_extra_controls__type_support.c.o[0m
[67.871s] [ 58%] [32mBuilding CXX object CMakeFiles/px4_msgs__rosidl_typesupport_fastrtps_c.dir/rosidl_typesupport_fastrtps_c/px4_msgs/msg/detail/camera_trigger__type_support_c.cpp.o[0m
[67.882s] [ 58%] [32mBuilding C object CMakeFiles/px4_msgs__rosidl_typesupport_introspection_c.dir/rosidl_typesupport_introspection_c/px4_msgs/msg/detail/timesync_status__type_support.c.o[0m
[67.895s] [ 58%] [32mBuilding C object CMakeFiles/px4_msgs__rosidl_typesupport_introspection_c.dir/rosidl_typesupport_introspection_c/px4_msgs/msg/detail/trajectory_bezier__type_support.c.o[0m
[67.897s] [ 58%] [32mBuilding CXX object CMakeFiles/px4_msgs__rosidl_typesupport_fastrtps_c.dir/rosidl_typesupport_fastrtps_c/px4_msgs/msg/detail/cellular_status__type_support_c.cpp.o[0m
[67.925s] [ 58%] [32mBuilding CXX object CMakeFiles/px4_msgs__rosidl_typesupport_fastrtps_cpp.dir/rosidl_typesupport_fastrtps_cpp/px4_msgs/msg/detail/dds_fastrtps/estimator_status__type_support.cpp.o[0m
[67.939s] [ 58%] [32mBuilding C object CMakeFiles/px4_msgs__rosidl_typesupport_introspection_c.dir/rosidl_typesupport_introspection_c/px4_msgs/msg/detail/trajectory_setpoint__type_support.c.o[0m
[67.947s] [ 58%] [32mBuilding CXX object CMakeFiles/px4_msgs__rosidl_typesupport_fastrtps_c.dir/rosidl_typesupport_fastrtps_c/px4_msgs/msg/detail/collision_constraints__type_support_c.cpp.o[0m
[67.965s] [ 58%] [32mBuilding C object CMakeFiles/px4_msgs__rosidl_typesupport_introspection_c.dir/rosidl_typesupport_introspection_c/px4_msgs/msg/detail/trajectory_waypoint__type_support.c.o[0m
[67.968s] [ 59%] [32mBuilding C object CMakeFiles/px4_msgs__rosidl_typesupport_introspection_c.dir/rosidl_typesupport_introspection_c/px4_msgs/msg/detail/transponder_report__type_support.c.o[0m
[67.980s] [ 59%] [32mBuilding CXX object CMakeFiles/px4_msgs__rosidl_typesupport_fastrtps_cpp.dir/rosidl_typesupport_fastrtps_cpp/px4_msgs/msg/detail/dds_fastrtps/estimator_status_flags__type_support.cpp.o[0m
[67.994s] [ 59%] [32mBuilding CXX object CMakeFiles/px4_msgs__rosidl_typesupport_introspection_cpp.dir/rosidl_typesupport_introspection_cpp/px4_msgs/msg/detail/offboard_control_mode__type_support.cpp.o[0m
[67.999s] [ 60%] [32mBuilding CXX object CMakeFiles/px4_msgs__rosidl_typesupport_introspection_cpp.dir/rosidl_typesupport_introspection_cpp/px4_msgs/msg/detail/onboard_computer_status__type_support.cpp.o[0m
[68.020s] [ 60%] [32mBuilding CXX object CMakeFiles/px4_msgs__rosidl_typesupport_fastrtps_c.dir/rosidl_typesupport_fastrtps_c/px4_msgs/msg/detail/collision_report__type_support_c.cpp.o[0m
[68.023s] [ 60%] [32mBuilding C object CMakeFiles/px4_msgs__rosidl_typesupport_introspection_c.dir/rosidl_typesupport_introspection_c/px4_msgs/msg/detail/tune_control__type_support.c.o[0m
[68.066s] [ 60%] [32mBuilding C object CMakeFiles/px4_msgs__rosidl_typesupport_introspection_c.dir/rosidl_typesupport_introspection_c/px4_msgs/msg/detail/uavcan_parameter_request__type_support.c.o[0m
[68.111s] [ 60%] [32mBuilding C object CMakeFiles/px4_msgs__rosidl_typesupport_introspection_c.dir/rosidl_typesupport_introspection_c/px4_msgs/msg/detail/uavcan_parameter_value__type_support.c.o[0m
[68.169s] [ 60%] [32mBuilding C object CMakeFiles/px4_msgs__rosidl_typesupport_introspection_c.dir/rosidl_typesupport_introspection_c/px4_msgs/msg/detail/ulog_stream__type_support.c.o[0m
[68.177s] [ 60%] [32mBuilding CXX object CMakeFiles/px4_msgs__rosidl_typesupport_fastrtps_cpp.dir/rosidl_typesupport_fastrtps_cpp/px4_msgs/msg/detail/dds_fastrtps/event__type_support.cpp.o[0m
[68.219s] [ 60%] [32mBuilding CXX object CMakeFiles/px4_msgs__rosidl_typesupport_fastrtps_cpp.dir/rosidl_typesupport_fastrtps_cpp/px4_msgs/msg/detail/dds_fastrtps/failsafe_flags__type_support.cpp.o[0m
[68.220s] [ 60%] [32mBuilding C object CMakeFiles/px4_msgs__rosidl_typesupport_introspection_c.dir/rosidl_typesupport_introspection_c/px4_msgs/msg/detail/ulog_stream_ack__type_support.c.o[0m
[68.228s] [ 60%] [32mBuilding CXX object CMakeFiles/px4_msgs__rosidl_typesupport_fastrtps_c.dir/rosidl_typesupport_fastrtps_c/px4_msgs/msg/detail/control_allocator_status__type_support_c.cpp.o[0m
[68.243s] [ 60%] [32mBuilding C object CMakeFiles/px4_msgs__rosidl_typesupport_introspection_c.dir/rosidl_typesupport_introspection_c/px4_msgs/msg/detail/vehicle_acceleration__type_support.c.o[0m
[68.263s] [ 60%] [32mBuilding CXX object CMakeFiles/px4_msgs__rosidl_typesupport_fastrtps_c.dir/rosidl_typesupport_fastrtps_c/px4_msgs/msg/detail/cpuload__type_support_c.cpp.o[0m
[68.264s] [ 60%] [32mBuilding CXX object CMakeFiles/px4_msgs__rosidl_typesupport_fastrtps_cpp.dir/rosidl_typesupport_fastrtps_cpp/px4_msgs/msg/detail/dds_fastrtps/failure_detector_status__type_support.cpp.o[0m
[68.290s] [ 60%] [32mBuilding C object CMakeFiles/px4_msgs__rosidl_typesupport_introspection_c.dir/rosidl_typesupport_introspection_c/px4_msgs/msg/detail/vehicle_air_data__type_support.c.o[0m
[68.311s] [ 60%] [32mBuilding CXX object CMakeFiles/px4_msgs__rosidl_typesupport_fastrtps_c.dir/rosidl_typesupport_fastrtps_c/px4_msgs/msg/detail/debug_array__type_support_c.cpp.o[0m
[68.335s] [ 60%] [32mBuilding C object CMakeFiles/px4_msgs__rosidl_typesupport_introspection_c.dir/rosidl_typesupport_introspection_c/px4_msgs/msg/detail/vehicle_angular_acceleration_setpoint__type_support.c.o[0m
[68.360s] [ 60%] [32mBuilding CXX object CMakeFiles/px4_msgs__rosidl_typesupport_introspection_cpp.dir/rosidl_typesupport_introspection_cpp/px4_msgs/msg/detail/orb_test__type_support.cpp.o[0m
[68.388s] [ 60%] [32mBuilding C object CMakeFiles/px4_msgs__rosidl_typesupport_introspection_c.dir/rosidl_typesupport_introspection_c/px4_msgs/msg/detail/vehicle_angular_velocity__type_support.c.o[0m
[68.396s] [ 60%] [32mBuilding CXX object CMakeFiles/px4_msgs__rosidl_typesupport_fastrtps_c.dir/rosidl_typesupport_fastrtps_c/px4_msgs/msg/detail/debug_key_value__type_support_c.cpp.o[0m
[68.409s] [ 60%] [32mBuilding C object CMakeFiles/px4_msgs__rosidl_typesupport_introspection_c.dir/rosidl_typesupport_introspection_c/px4_msgs/msg/detail/vehicle_attitude__type_support.c.o[0m
[68.428s] [ 60%] [32mBuilding CXX object CMakeFiles/px4_msgs__rosidl_typesupport_fastrtps_cpp.dir/rosidl_typesupport_fastrtps_cpp/px4_msgs/msg/detail/dds_fastrtps/follow_target__type_support.cpp.o[0m
[68.433s] [ 60%] [32mBuilding CXX object CMakeFiles/px4_msgs__rosidl_typesupport_fastrtps_c.dir/rosidl_typesupport_fastrtps_c/px4_msgs/msg/detail/debug_value__type_support_c.cpp.o[0m
[68.457s] [ 60%] [32mBuilding C object CMakeFiles/px4_msgs__rosidl_typesupport_introspection_c.dir/rosidl_typesupport_introspection_c/px4_msgs/msg/detail/vehicle_attitude_setpoint__type_support.c.o[0m
[68.508s] [ 60%] [32mBuilding C object CMakeFiles/px4_msgs__rosidl_typesupport_introspection_c.dir/rosidl_typesupport_introspection_c/px4_msgs/msg/detail/vehicle_command__type_support.c.o[0m
[68.534s] [ 60%] [32mBuilding CXX object CMakeFiles/px4_msgs__rosidl_typesupport_introspection_cpp.dir/rosidl_typesupport_introspection_cpp/px4_msgs/msg/detail/orb_test_large__type_support.cpp.o[0m
[68.538s] [ 60%] [32mBuilding CXX object CMakeFiles/px4_msgs__rosidl_typesupport_introspection_cpp.dir/rosidl_typesupport_introspection_cpp/px4_msgs/msg/detail/orb_test_medium__type_support.cpp.o[0m
[68.553s] [ 60%] [32mBuilding C object CMakeFiles/px4_msgs__rosidl_typesupport_introspection_c.dir/rosidl_typesupport_introspection_c/px4_msgs/msg/detail/vehicle_command_ack__type_support.c.o[0m
[68.574s] [ 60%] [32mBuilding C object CMakeFiles/px4_msgs__rosidl_typesupport_introspection_c.dir/rosidl_typesupport_introspection_c/px4_msgs/msg/detail/vehicle_constraints__type_support.c.o[0m
[68.602s] [ 60%] [32mBuilding CXX object CMakeFiles/px4_msgs__rosidl_typesupport_introspection_cpp.dir/rosidl_typesupport_introspection_cpp/px4_msgs/msg/detail/orbit_status__type_support.cpp.o[0m
[68.622s] [ 61%] [32mBuilding C object CMakeFiles/px4_msgs__rosidl_typesupport_introspection_c.dir/rosidl_typesupport_introspection_c/px4_msgs/msg/detail/vehicle_control_mode__type_support.c.o[0m
[68.628s] [ 61%] [32mBuilding C object CMakeFiles/px4_msgs__rosidl_typesupport_introspection_c.dir/rosidl_typesupport_introspection_c/px4_msgs/msg/detail/vehicle_global_position__type_support.c.o[0m
[68.644s] [ 61%] [32mBuilding CXX object CMakeFiles/px4_msgs__rosidl_typesupport_fastrtps_c.dir/rosidl_typesupport_fastrtps_c/px4_msgs/msg/detail/debug_vect__type_support_c.cpp.o[0m
[68.667s] [ 61%] [32mBuilding CXX object CMakeFiles/px4_msgs__rosidl_typesupport_introspection_cpp.dir/rosidl_typesupport_introspection_cpp/px4_msgs/msg/detail/parameter_update__type_support.cpp.o[0m
[68.671s] [ 61%] [32mBuilding C object CMakeFiles/px4_msgs__rosidl_typesupport_introspection_c.dir/rosidl_typesupport_introspection_c/px4_msgs/msg/detail/vehicle_imu__type_support.c.o[0m
[68.719s] [ 61%] [32mBuilding C object CMakeFiles/px4_msgs__rosidl_typesupport_introspection_c.dir/rosidl_typesupport_introspection_c/px4_msgs/msg/detail/vehicle_imu_status__type_support.c.o[0m
[68.720s] [ 61%] [32mBuilding CXX object CMakeFiles/px4_msgs__rosidl_typesupport_introspection_cpp.dir/rosidl_typesupport_introspection_cpp/px4_msgs/msg/detail/ping__type_support.cpp.o[0m
[68.752s] [ 61%] [32mBuilding CXX object CMakeFiles/px4_msgs__rosidl_typesupport_fastrtps_cpp.dir/rosidl_typesupport_fastrtps_cpp/px4_msgs/msg/detail/dds_fastrtps/follow_target_estimator__type_support.cpp.o[0m
[68.761s] [ 61%] [32mBuilding C object CMakeFiles/px4_msgs__rosidl_typesupport_introspection_c.dir/rosidl_typesupport_introspection_c/px4_msgs/msg/detail/vehicle_land_detected__type_support.c.o[0m
[68.787s] [ 61%] [32mBuilding C object CMakeFiles/px4_msgs__rosidl_typesupport_introspection_c.dir/rosidl_typesupport_introspection_c/px4_msgs/msg/detail/vehicle_local_position__type_support.c.o[0m
[68.805s] [ 62%] [32mBuilding CXX object CMakeFiles/px4_msgs__rosidl_typesupport_introspection_cpp.dir/rosidl_typesupport_introspection_cpp/px4_msgs/msg/detail/position_controller_landing_status__type_support.cpp.o[0m
[68.805s] [ 62%] [32mBuilding CXX object CMakeFiles/px4_msgs__rosidl_typesupport_fastrtps_cpp.dir/rosidl_typesupport_fastrtps_cpp/px4_msgs/msg/detail/dds_fastrtps/follow_target_status__type_support.cpp.o[0m
[68.832s] [ 62%] [32mBuilding C object CMakeFiles/px4_msgs__rosidl_typesupport_introspection_c.dir/rosidl_typesupport_introspection_c/px4_msgs/msg/detail/vehicle_local_position_setpoint__type_support.c.o[0m
[68.840s] [ 62%] [32mBuilding CXX object CMakeFiles/px4_msgs__rosidl_typesupport_introspection_cpp.dir/rosidl_typesupport_introspection_cpp/px4_msgs/msg/detail/position_controller_status__type_support.cpp.o[0m
[68.857s] [ 62%] [32mBuilding CXX object CMakeFiles/px4_msgs__rosidl_typesupport_introspection_cpp.dir/rosidl_typesupport_introspection_cpp/px4_msgs/msg/detail/position_setpoint__type_support.cpp.o[0m
[68.883s] [ 62%] [32mBuilding C object CMakeFiles/px4_msgs__rosidl_typesupport_introspection_c.dir/rosidl_typesupport_introspection_c/px4_msgs/msg/detail/vehicle_magnetometer__type_support.c.o[0m
[68.892s] [ 62%] [32mBuilding CXX object CMakeFiles/px4_msgs__rosidl_typesupport_fastrtps_cpp.dir/rosidl_typesupport_fastrtps_cpp/px4_msgs/msg/detail/dds_fastrtps/generator_status__type_support.cpp.o[0m
[68.927s] [ 62%] [32mBuilding C object CMakeFiles/px4_msgs__rosidl_typesupport_introspection_c.dir/rosidl_typesupport_introspection_c/px4_msgs/msg/detail/vehicle_odometry__type_support.c.o[0m
[68.935s] [ 62%] [32mBuilding CXX object CMakeFiles/px4_msgs__rosidl_typesupport_fastrtps_c.dir/rosidl_typesupport_fastrtps_c/px4_msgs/msg/detail/differential_pressure__type_support_c.cpp.o[0m
[68.942s] [ 62%] [32mBuilding CXX object CMakeFiles/px4_msgs__rosidl_typesupport_fastrtps_cpp.dir/rosidl_typesupport_fastrtps_cpp/px4_msgs/msg/detail/dds_fastrtps/geofence_result__type_support.cpp.o[0m
[68.990s] [ 62%] [32mBuilding C object CMakeFiles/px4_msgs__rosidl_typesupport_introspection_c.dir/rosidl_typesupport_introspection_c/px4_msgs/msg/detail/vehicle_optical_flow__type_support.c.o[0m
[69.021s] [ 62%] [32mBuilding CXX object CMakeFiles/px4_msgs__rosidl_typesupport_introspection_cpp.dir/rosidl_typesupport_introspection_cpp/px4_msgs/msg/detail/position_setpoint_triplet__type_support.cpp.o[0m
[69.039s] [ 62%] [32mBuilding C object CMakeFiles/px4_msgs__rosidl_typesupport_introspection_c.dir/rosidl_typesupport_introspection_c/px4_msgs/msg/detail/vehicle_optical_flow_vel__type_support.c.o[0m
[69.098s] [ 62%] [32mBuilding C object CMakeFiles/px4_msgs__rosidl_typesupport_introspection_c.dir/rosidl_typesupport_introspection_c/px4_msgs/msg/detail/vehicle_rates_setpoint__type_support.c.o[0m
[69.098s] [ 62%] [32mBuilding CXX object CMakeFiles/px4_msgs__rosidl_typesupport_fastrtps_cpp.dir/rosidl_typesupport_fastrtps_cpp/px4_msgs/msg/detail/dds_fastrtps/gimbal_controls__type_support.cpp.o[0m
[69.116s] [ 62%] [32mBuilding CXX object CMakeFiles/px4_msgs__rosidl_typesupport_fastrtps_cpp.dir/rosidl_typesupport_fastrtps_cpp/px4_msgs/msg/detail/dds_fastrtps/gimbal_device_attitude_status__type_support.cpp.o[0m
[69.138s] [ 62%] [32mBuilding C object CMakeFiles/px4_msgs__rosidl_typesupport_introspection_c.dir/rosidl_typesupport_introspection_c/px4_msgs/msg/detail/vehicle_roi__type_support.c.o[0m
[69.145s] [ 62%] [32mBuilding CXX object CMakeFiles/px4_msgs__rosidl_typesupport_fastrtps_c.dir/rosidl_typesupport_fastrtps_c/px4_msgs/msg/detail/distance_sensor__type_support_c.cpp.o[0m
[69.181s] [ 62%] [32mBuilding C object CMakeFiles/px4_msgs__rosidl_typesupport_introspection_c.dir/rosidl_typesupport_introspection_c/px4_msgs/msg/detail/vehicle_status__type_support.c.o[0m
[69.181s] [ 62%] [32mBuilding CXX object CMakeFiles/px4_msgs__rosidl_typesupport_introspection_cpp.dir/rosidl_typesupport_introspection_cpp/px4_msgs/msg/detail/power_button_state__type_support.cpp.o[0m
[69.228s] [ 62%] [32mBuilding C object CMakeFiles/px4_msgs__rosidl_typesupport_introspection_c.dir/rosidl_typesupport_introspection_c/px4_msgs/msg/detail/vehicle_thrust_setpoint__type_support.c.o[0m
[69.246s] [ 62%] [32mBuilding CXX object CMakeFiles/px4_msgs__rosidl_typesupport_fastrtps_cpp.dir/rosidl_typesupport_fastrtps_cpp/px4_msgs/msg/detail/dds_fastrtps/gimbal_device_information__type_support.cpp.o[0m
[69.278s] [ 63%] [32mBuilding C object CMakeFiles/px4_msgs__rosidl_typesupport_introspection_c.dir/rosidl_typesupport_introspection_c/px4_msgs/msg/detail/vehicle_torque_setpoint__type_support.c.o[0m
[69.284s] [ 63%] [32mBuilding CXX object CMakeFiles/px4_msgs__rosidl_typesupport_fastrtps_cpp.dir/rosidl_typesupport_fastrtps_cpp/px4_msgs/msg/detail/dds_fastrtps/gimbal_device_set_attitude__type_support.cpp.o[0m
[69.326s] [ 63%] [32mBuilding C object CMakeFiles/px4_msgs__rosidl_typesupport_introspection_c.dir/rosidl_typesupport_introspection_c/px4_msgs/msg/detail/vehicle_trajectory_bezier__type_support.c.o[0m
[69.355s] [ 64%] [32mBuilding CXX object CMakeFiles/px4_msgs__rosidl_typesupport_fastrtps_c.dir/rosidl_typesupport_fastrtps_c/px4_msgs/msg/detail/ekf2_timestamps__type_support_c.cpp.o[0m
[69.370s] [ 64%] [32mBuilding C object CMakeFiles/px4_msgs__rosidl_typesupport_introspection_c.dir/rosidl_typesupport_introspection_c/px4_msgs/msg/detail/vehicle_trajectory_waypoint__type_support.c.o[0m
[69.375s] [ 64%] [32mBuilding CXX object CMakeFiles/px4_msgs__rosidl_typesupport_fastrtps_cpp.dir/rosidl_typesupport_fastrtps_cpp/px4_msgs/msg/detail/dds_fastrtps/gimbal_manager_information__type_support.cpp.o[0m
[69.397s] [ 64%] [32mBuilding CXX object CMakeFiles/px4_msgs__rosidl_typesupport_fastrtps_c.dir/rosidl_typesupport_fastrtps_c/px4_msgs/msg/detail/esc_report__type_support_c.cpp.o[0m
[69.397s] [ 64%] [32mBuilding C object CMakeFiles/px4_msgs__rosidl_typesupport_introspection_c.dir/rosidl_typesupport_introspection_c/px4_msgs/msg/detail/vtol_vehicle_status__type_support.c.o[0m
[69.412s] [ 64%] [32mBuilding CXX object CMakeFiles/px4_msgs__rosidl_typesupport_fastrtps_c.dir/rosidl_typesupport_fastrtps_c/px4_msgs/msg/detail/esc_status__type_support_c.cpp.o[0m
[69.420s] [ 64%] [32mBuilding CXX object CMakeFiles/px4_msgs__rosidl_typesupport_fastrtps_cpp.dir/rosidl_typesupport_fastrtps_cpp/px4_msgs/msg/detail/dds_fastrtps/gimbal_manager_set_attitude__type_support.cpp.o[0m
[69.439s] [ 64%] [32mBuilding CXX object CMakeFiles/px4_msgs__rosidl_typesupport_fastrtps_cpp.dir/rosidl_typesupport_fastrtps_cpp/px4_msgs/msg/detail/dds_fastrtps/gimbal_manager_set_manual_control__type_support.cpp.o[0m
[69.448s] [ 64%] [32mBuilding C object CMakeFiles/px4_msgs__rosidl_typesupport_introspection_c.dir/rosidl_typesupport_introspection_c/px4_msgs/msg/detail/wind__type_support.c.o[0m
[69.485s] [ 64%] [32mBuilding C object CMakeFiles/px4_msgs__rosidl_typesupport_introspection_c.dir/rosidl_typesupport_introspection_c/px4_msgs/msg/detail/yaw_estimator_status__type_support.c.o[0m
[69.489s] [ 64%] [32mBuilding CXX object CMakeFiles/px4_msgs__rosidl_typesupport_introspection_cpp.dir/rosidl_typesupport_introspection_cpp/px4_msgs/msg/detail/power_monitor__type_support.cpp.o[0m
[69.539s] [ 64%] [32m[1mLinking C shared library libpx4_msgs__rosidl_typesupport_introspection_c.so[0m
[69.539s] [ 64%] [32mBuilding CXX object CMakeFiles/px4_msgs__rosidl_typesupport_introspection_cpp.dir/rosidl_typesupport_introspection_cpp/px4_msgs/msg/detail/pps_capture__type_support.cpp.o[0m
[69.579s] [ 64%] [32mBuilding CXX object CMakeFiles/px4_msgs__rosidl_typesupport_fastrtps_cpp.dir/rosidl_typesupport_fastrtps_cpp/px4_msgs/msg/detail/dds_fastrtps/gimbal_manager_status__type_support.cpp.o[0m
[69.641s] [ 64%] [32mBuilding CXX object CMakeFiles/px4_msgs__rosidl_typesupport_introspection_cpp.dir/rosidl_typesupport_introspection_cpp/px4_msgs/msg/detail/pwm_input__type_support.cpp.o[0m
[69.656s] [ 64%] Built target px4_msgs__rosidl_typesupport_introspection_c
[69.668s] [ 64%] [32mBuilding CXX object CMakeFiles/px4_msgs__rosidl_typesupport_fastrtps_c.dir/rosidl_typesupport_fastrtps_c/px4_msgs/msg/detail/estimator_aid_source1d__type_support_c.cpp.o[0m
[69.675s] [ 65%] [32mBuilding CXX object CMakeFiles/px4_msgs__rosidl_typesupport_introspection_cpp.dir/rosidl_typesupport_introspection_cpp/px4_msgs/msg/detail/px4io_status__type_support.cpp.o[0m
[69.710s] [ 65%] [32mBuilding CXX object CMakeFiles/px4_msgs__rosidl_typesupport_fastrtps_c.dir/rosidl_typesupport_fastrtps_c/px4_msgs/msg/detail/estimator_aid_source2d__type_support_c.cpp.o[0m
[69.748s] [ 65%] [32mBuilding CXX object CMakeFiles/px4_msgs__rosidl_typesupport_fastrtps_cpp.dir/rosidl_typesupport_fastrtps_cpp/px4_msgs/msg/detail/dds_fastrtps/gps_dump__type_support.cpp.o[0m
[69.830s] [ 65%] [32mBuilding CXX object CMakeFiles/px4_msgs__rosidl_typesupport_fastrtps_c.dir/rosidl_typesupport_fastrtps_c/px4_msgs/msg/detail/estimator_aid_source3d__type_support_c.cpp.o[0m
[69.843s] [ 65%] [32mBuilding CXX object CMakeFiles/px4_msgs__rosidl_typesupport_introspection_cpp.dir/rosidl_typesupport_introspection_cpp/px4_msgs/msg/detail/qshell_req__type_support.cpp.o[0m
[69.892s] [ 65%] [32mBuilding CXX object CMakeFiles/px4_msgs__rosidl_typesupport_introspection_cpp.dir/rosidl_typesupport_introspection_cpp/px4_msgs/msg/detail/qshell_retval__type_support.cpp.o[0m
[69.911s] [ 65%] [32mBuilding CXX object CMakeFiles/px4_msgs__rosidl_typesupport_introspection_cpp.dir/rosidl_typesupport_introspection_cpp/px4_msgs/msg/detail/radio_status__type_support.cpp.o[0m
[69.924s] [ 65%] [32mBuilding CXX object CMakeFiles/px4_msgs__rosidl_typesupport_introspection_cpp.dir/rosidl_typesupport_introspection_cpp/px4_msgs/msg/detail/rate_ctrl_status__type_support.cpp.o[0m
[69.966s] [ 65%] [32mBuilding CXX object CMakeFiles/px4_msgs__rosidl_typesupport_fastrtps_c.dir/rosidl_typesupport_fastrtps_c/px4_msgs/msg/detail/estimator_bias__type_support_c.cpp.o[0m
[70.003s] [ 65%] [32mBuilding CXX object CMakeFiles/px4_msgs__rosidl_typesupport_introspection_cpp.dir/rosidl_typesupport_introspection_cpp/px4_msgs/msg/detail/rc_channels__type_support.cpp.o[0m
[70.022s] [ 65%] [32mBuilding CXX object CMakeFiles/px4_msgs__rosidl_typesupport_fastrtps_c.dir/rosidl_typesupport_fastrtps_c/px4_msgs/msg/detail/estimator_bias3d__type_support_c.cpp.o[0m
[70.065s] [ 65%] [32mBuilding CXX object CMakeFiles/px4_msgs__rosidl_typesupport_fastrtps_cpp.dir/rosidl_typesupport_fastrtps_cpp/px4_msgs/msg/detail/dds_fastrtps/gps_inject_data__type_support.cpp.o[0m
[70.114s] [ 65%] [32mBuilding CXX object CMakeFiles/px4_msgs__rosidl_typesupport_fastrtps_cpp.dir/rosidl_typesupport_fastrtps_cpp/px4_msgs/msg/detail/dds_fastrtps/gripper__type_support.cpp.o[0m
[70.189s] [ 65%] [32mBuilding CXX object CMakeFiles/px4_msgs__rosidl_typesupport_fastrtps_c.dir/rosidl_typesupport_fastrtps_c/px4_msgs/msg/detail/estimator_event_flags__type_support_c.cpp.o[0m
[70.194s] [ 65%] [32mBuilding CXX object CMakeFiles/px4_msgs__rosidl_typesupport_fastrtps_c.dir/rosidl_typesupport_fastrtps_c/px4_msgs/msg/detail/estimator_gps_status__type_support_c.cpp.o[0m
[70.197s] [ 65%] [32mBuilding CXX object CMakeFiles/px4_msgs__rosidl_typesupport_fastrtps_cpp.dir/rosidl_typesupport_fastrtps_cpp/px4_msgs/msg/detail/dds_fastrtps/health_report__type_support.cpp.o[0m
[70.212s] [ 66%] [32mBuilding CXX object CMakeFiles/px4_msgs__rosidl_typesupport_fastrtps_cpp.dir/rosidl_typesupport_fastrtps_cpp/px4_msgs/msg/detail/dds_fastrtps/heater_status__type_support.cpp.o[0m
[70.271s] [ 66%] [32mBuilding CXX object CMakeFiles/px4_msgs__rosidl_typesupport_fastrtps_cpp.dir/rosidl_typesupport_fastrtps_cpp/px4_msgs/msg/detail/dds_fastrtps/home_position__type_support.cpp.o[0m
[70.330s] [ 66%] [32mBuilding CXX object CMakeFiles/px4_msgs__rosidl_typesupport_fastrtps_cpp.dir/rosidl_typesupport_fastrtps_cpp/px4_msgs/msg/detail/dds_fastrtps/hover_thrust_estimate__type_support.cpp.o[0m
[70.341s] [ 66%] [32mBuilding CXX object CMakeFiles/px4_msgs__rosidl_typesupport_fastrtps_c.dir/rosidl_typesupport_fastrtps_c/px4_msgs/msg/detail/estimator_innovations__type_support_c.cpp.o[0m
[70.403s] [ 66%] [32mBuilding CXX object CMakeFiles/px4_msgs__rosidl_typesupport_fastrtps_cpp.dir/rosidl_typesupport_fastrtps_cpp/px4_msgs/msg/detail/dds_fastrtps/input_rc__type_support.cpp.o[0m
[70.440s] [ 66%] [32mBuilding CXX object CMakeFiles/px4_msgs__rosidl_typesupport_fastrtps_c.dir/rosidl_typesupport_fastrtps_c/px4_msgs/msg/detail/estimator_selector_status__type_support_c.cpp.o[0m
[70.455s] [ 66%] [32mBuilding CXX object CMakeFiles/px4_msgs__rosidl_typesupport_introspection_cpp.dir/rosidl_typesupport_introspection_cpp/px4_msgs/msg/detail/rc_parameter_map__type_support.cpp.o[0m
[70.478s] [ 66%] [32mBuilding CXX object CMakeFiles/px4_msgs__rosidl_typesupport_fastrtps_c.dir/rosidl_typesupport_fastrtps_c/px4_msgs/msg/detail/estimator_sensor_bias__type_support_c.cpp.o[0m
[70.497s] [ 66%] [32mBuilding CXX object CMakeFiles/px4_msgs__rosidl_typesupport_fastrtps_cpp.dir/rosidl_typesupport_fastrtps_cpp/px4_msgs/msg/detail/dds_fastrtps/internal_combustion_engine_status__type_support.cpp.o[0m
[70.526s] [ 66%] [32mBuilding CXX object CMakeFiles/px4_msgs__rosidl_typesupport_introspection_cpp.dir/rosidl_typesupport_introspection_cpp/px4_msgs/msg/detail/rpm__type_support.cpp.o[0m
[70.578s] [ 66%] [32mBuilding CXX object CMakeFiles/px4_msgs__rosidl_typesupport_fastrtps_cpp.dir/rosidl_typesupport_fastrtps_cpp/px4_msgs/msg/detail/dds_fastrtps/iridiumsbd_status__type_support.cpp.o[0m
[70.693s] [ 66%] [32mBuilding CXX object CMakeFiles/px4_msgs__rosidl_typesupport_introspection_cpp.dir/rosidl_typesupport_introspection_cpp/px4_msgs/msg/detail/rtl_time_estimate__type_support.cpp.o[0m
[70.705s] [ 66%] [32mBuilding CXX object CMakeFiles/px4_msgs__rosidl_typesupport_introspection_cpp.dir/rosidl_typesupport_introspection_cpp/px4_msgs/msg/detail/satellite_info__type_support.cpp.o[0m
[70.741s] [ 66%] [32mBuilding CXX object CMakeFiles/px4_msgs__rosidl_typesupport_fastrtps_c.dir/rosidl_typesupport_fastrtps_c/px4_msgs/msg/detail/estimator_states__type_support_c.cpp.o[0m
[70.756s] [ 66%] [32mBuilding CXX object CMakeFiles/px4_msgs__rosidl_typesupport_fastrtps_cpp.dir/rosidl_typesupport_fastrtps_cpp/px4_msgs/msg/detail/dds_fastrtps/irlock_report__type_support.cpp.o[0m
[70.798s] [ 66%] [32mBuilding CXX object CMakeFiles/px4_msgs__rosidl_typesupport_fastrtps_c.dir/rosidl_typesupport_fastrtps_c/px4_msgs/msg/detail/estimator_status__type_support_c.cpp.o[0m
[70.802s] [ 67%] [32mBuilding CXX object CMakeFiles/px4_msgs__rosidl_typesupport_fastrtps_c.dir/rosidl_typesupport_fastrtps_c/px4_msgs/msg/detail/estimator_status_flags__type_support_c.cpp.o[0m
[70.860s] [ 67%] [32mBuilding CXX object CMakeFiles/px4_msgs__rosidl_typesupport_introspection_cpp.dir/rosidl_typesupport_introspection_cpp/px4_msgs/msg/detail/sensor_accel__type_support.cpp.o[0m
[70.880s] [ 67%] [32mBuilding CXX object CMakeFiles/px4_msgs__rosidl_typesupport_fastrtps_c.dir/rosidl_typesupport_fastrtps_c/px4_msgs/msg/detail/event__type_support_c.cpp.o[0m
[70.950s] [ 67%] [32mBuilding CXX object CMakeFiles/px4_msgs__rosidl_typesupport_fastrtps_c.dir/rosidl_typesupport_fastrtps_c/px4_msgs/msg/detail/failsafe_flags__type_support_c.cpp.o[0m
[70.981s] [ 67%] [32mBuilding CXX object CMakeFiles/px4_msgs__rosidl_typesupport_introspection_cpp.dir/rosidl_typesupport_introspection_cpp/px4_msgs/msg/detail/sensor_accel_fifo__type_support.cpp.o[0m
[70.986s] [ 67%] [32mBuilding CXX object CMakeFiles/px4_msgs__rosidl_typesupport_introspection_cpp.dir/rosidl_typesupport_introspection_cpp/px4_msgs/msg/detail/sensor_baro__type_support.cpp.o[0m
[71.020s] [ 67%] [32mBuilding CXX object CMakeFiles/px4_msgs__rosidl_typesupport_fastrtps_c.dir/rosidl_typesupport_fastrtps_c/px4_msgs/msg/detail/failure_detector_status__type_support_c.cpp.o[0m
[71.072s] [ 67%] [32mBuilding CXX object CMakeFiles/px4_msgs__rosidl_typesupport_fastrtps_cpp.dir/rosidl_typesupport_fastrtps_cpp/px4_msgs/msg/detail/dds_fastrtps/landing_gear__type_support.cpp.o[0m
[71.149s] [ 67%] [32mBuilding CXX object CMakeFiles/px4_msgs__rosidl_typesupport_fastrtps_cpp.dir/rosidl_typesupport_fastrtps_cpp/px4_msgs/msg/detail/dds_fastrtps/landing_gear_wheel__type_support.cpp.o[0m
[71.186s] [ 67%] [32mBuilding CXX object CMakeFiles/px4_msgs__rosidl_typesupport_introspection_cpp.dir/rosidl_typesupport_introspection_cpp/px4_msgs/msg/detail/sensor_combined__type_support.cpp.o[0m
[71.201s] [ 67%] [32mBuilding CXX object CMakeFiles/px4_msgs__rosidl_typesupport_fastrtps_c.dir/rosidl_typesupport_fastrtps_c/px4_msgs/msg/detail/follow_target__type_support_c.cpp.o[0m
[71.285s] [ 67%] [32mBuilding CXX object CMakeFiles/px4_msgs__rosidl_typesupport_fastrtps_c.dir/rosidl_typesupport_fastrtps_c/px4_msgs/msg/detail/follow_target_estimator__type_support_c.cpp.o[0m
[71.309s] [ 67%] [32mBuilding CXX object CMakeFiles/px4_msgs__rosidl_typesupport_fastrtps_cpp.dir/rosidl_typesupport_fastrtps_cpp/px4_msgs/msg/detail/dds_fastrtps/landing_target_innovations__type_support.cpp.o[0m
[71.317s] [ 67%] [32mBuilding CXX object CMakeFiles/px4_msgs__rosidl_typesupport_fastrtps_c.dir/rosidl_typesupport_fastrtps_c/px4_msgs/msg/detail/follow_target_status__type_support_c.cpp.o[0m
[71.343s] [ 67%] [32mBuilding CXX object CMakeFiles/px4_msgs__rosidl_typesupport_introspection_cpp.dir/rosidl_typesupport_introspection_cpp/px4_msgs/msg/detail/sensor_correction__type_support.cpp.o[0m
[71.379s] [ 68%] [32mBuilding CXX object CMakeFiles/px4_msgs__rosidl_typesupport_fastrtps_cpp.dir/rosidl_typesupport_fastrtps_cpp/px4_msgs/msg/detail/dds_fastrtps/landing_target_pose__type_support.cpp.o[0m
[71.379s] [ 68%] [32mBuilding CXX object CMakeFiles/px4_msgs__rosidl_typesupport_introspection_cpp.dir/rosidl_typesupport_introspection_cpp/px4_msgs/msg/detail/sensor_gnss_relative__type_support.cpp.o[0m
[71.390s] [ 68%] [32mBuilding CXX object CMakeFiles/px4_msgs__rosidl_typesupport_introspection_cpp.dir/rosidl_typesupport_introspection_cpp/px4_msgs/msg/detail/sensor_gps__type_support.cpp.o[0m
[71.438s] [ 68%] [32mBuilding CXX object CMakeFiles/px4_msgs__rosidl_typesupport_fastrtps_cpp.dir/rosidl_typesupport_fastrtps_cpp/px4_msgs/msg/detail/dds_fastrtps/launch_detection_status__type_support.cpp.o[0m
[71.488s] [ 68%] [32mBuilding CXX object CMakeFiles/px4_msgs__rosidl_typesupport_introspection_cpp.dir/rosidl_typesupport_introspection_cpp/px4_msgs/msg/detail/sensor_gyro__type_support.cpp.o[0m
[71.509s] [ 68%] [32mBuilding CXX object CMakeFiles/px4_msgs__rosidl_typesupport_fastrtps_cpp.dir/rosidl_typesupport_fastrtps_cpp/px4_msgs/msg/detail/dds_fastrtps/led_control__type_support.cpp.o[0m
[71.538s] [ 68%] [32mBuilding CXX object CMakeFiles/px4_msgs__rosidl_typesupport_fastrtps_c.dir/rosidl_typesupport_fastrtps_c/px4_msgs/msg/detail/generator_status__type_support_c.cpp.o[0m
[71.556s] [ 68%] [32mBuilding CXX object CMakeFiles/px4_msgs__rosidl_typesupport_fastrtps_cpp.dir/rosidl_typesupport_fastrtps_cpp/px4_msgs/msg/detail/dds_fastrtps/log_message__type_support.cpp.o[0m
[71.639s] [ 68%] [32mBuilding CXX object CMakeFiles/px4_msgs__rosidl_typesupport_fastrtps_c.dir/rosidl_typesupport_fastrtps_c/px4_msgs/msg/detail/geofence_result__type_support_c.cpp.o[0m
[71.691s] [ 68%] [32mBuilding CXX object CMakeFiles/px4_msgs__rosidl_typesupport_introspection_cpp.dir/rosidl_typesupport_introspection_cpp/px4_msgs/msg/detail/sensor_gyro_fft__type_support.cpp.o[0m
[71.728s] [ 68%] [32mBuilding CXX object CMakeFiles/px4_msgs__rosidl_typesupport_introspection_cpp.dir/rosidl_typesupport_introspection_cpp/px4_msgs/msg/detail/sensor_gyro_fifo__type_support.cpp.o[0m
[71.788s] [ 68%] [32mBuilding CXX object CMakeFiles/px4_msgs__rosidl_typesupport_introspection_cpp.dir/rosidl_typesupport_introspection_cpp/px4_msgs/msg/detail/sensor_hygrometer__type_support.cpp.o[0m
[71.788s] [ 68%] [32mBuilding CXX object CMakeFiles/px4_msgs__rosidl_typesupport_fastrtps_cpp.dir/rosidl_typesupport_fastrtps_cpp/px4_msgs/msg/detail/dds_fastrtps/logger_status__type_support.cpp.o[0m
[71.831s] [ 68%] [32mBuilding CXX object CMakeFiles/px4_msgs__rosidl_typesupport_introspection_cpp.dir/rosidl_typesupport_introspection_cpp/px4_msgs/msg/detail/sensor_mag__type_support.cpp.o[0m
[71.895s] [ 68%] [32mBuilding CXX object CMakeFiles/px4_msgs__rosidl_typesupport_introspection_cpp.dir/rosidl_typesupport_introspection_cpp/px4_msgs/msg/detail/sensor_optical_flow__type_support.cpp.o[0m
[71.957s] [ 68%] [32mBuilding CXX object CMakeFiles/px4_msgs__rosidl_typesupport_introspection_cpp.dir/rosidl_typesupport_introspection_cpp/px4_msgs/msg/detail/sensor_preflight_mag__type_support.cpp.o[0m
[71.966s] [ 68%] [32mBuilding CXX object CMakeFiles/px4_msgs__rosidl_typesupport_fastrtps_c.dir/rosidl_typesupport_fastrtps_c/px4_msgs/msg/detail/gimbal_controls__type_support_c.cpp.o[0m
[71.989s] [ 69%] [32mBuilding CXX object CMakeFiles/px4_msgs__rosidl_typesupport_fastrtps_cpp.dir/rosidl_typesupport_fastrtps_cpp/px4_msgs/msg/detail/dds_fastrtps/mag_worker_data__type_support.cpp.o[0m
[71.998s] [ 69%] [32mBuilding CXX object CMakeFiles/px4_msgs__rosidl_typesupport_introspection_cpp.dir/rosidl_typesupport_introspection_cpp/px4_msgs/msg/detail/sensor_selection__type_support.cpp.o[0m
[72.020s] [ 69%] [32mBuilding CXX object CMakeFiles/px4_msgs__rosidl_typesupport_fastrtps_c.dir/rosidl_typesupport_fastrtps_c/px4_msgs/msg/detail/gimbal_device_attitude_status__type_support_c.cpp.o[0m
[72.037s] [ 69%] [32mBuilding CXX object CMakeFiles/px4_msgs__rosidl_typesupport_fastrtps_cpp.dir/rosidl_typesupport_fastrtps_cpp/px4_msgs/msg/detail/dds_fastrtps/magnetometer_bias_estimate__type_support.cpp.o[0m
[72.065s] [ 69%] [32mBuilding CXX object CMakeFiles/px4_msgs__rosidl_typesupport_fastrtps_cpp.dir/rosidl_typesupport_fastrtps_cpp/px4_msgs/msg/detail/dds_fastrtps/manual_control_setpoint__type_support.cpp.o[0m
[72.076s] [ 69%] [32mBuilding CXX object CMakeFiles/px4_msgs__rosidl_typesupport_fastrtps_c.dir/rosidl_typesupport_fastrtps_c/px4_msgs/msg/detail/gimbal_device_information__type_support_c.cpp.o[0m
[72.137s] [ 69%] [32mBuilding CXX object CMakeFiles/px4_msgs__rosidl_typesupport_fastrtps_cpp.dir/rosidl_typesupport_fastrtps_cpp/px4_msgs/msg/detail/dds_fastrtps/manual_control_switches__type_support.cpp.o[0m
[72.142s] [ 69%] [32mBuilding CXX object CMakeFiles/px4_msgs__rosidl_typesupport_introspection_cpp.dir/rosidl_typesupport_introspection_cpp/px4_msgs/msg/detail/sensor_uwb__type_support.cpp.o[0m
[72.272s] [ 69%] [32mBuilding CXX object CMakeFiles/px4_msgs__rosidl_typesupport_fastrtps_cpp.dir/rosidl_typesupport_fastrtps_cpp/px4_msgs/msg/detail/dds_fastrtps/mavlink_log__type_support.cpp.o[0m
[72.307s] [ 69%] [32mBuilding CXX object CMakeFiles/px4_msgs__rosidl_typesupport_fastrtps_cpp.dir/rosidl_typesupport_fastrtps_cpp/px4_msgs/msg/detail/dds_fastrtps/mavlink_tunnel__type_support.cpp.o[0m
[72.352s] [ 69%] [32mBuilding CXX object CMakeFiles/px4_msgs__rosidl_typesupport_fastrtps_cpp.dir/rosidl_typesupport_fastrtps_cpp/px4_msgs/msg/detail/dds_fastrtps/mission__type_support.cpp.o[0m
[72.365s] [ 69%] [32mBuilding CXX object CMakeFiles/px4_msgs__rosidl_typesupport_fastrtps_c.dir/rosidl_typesupport_fastrtps_c/px4_msgs/msg/detail/gimbal_device_set_attitude__type_support_c.cpp.o[0m
[72.428s] [ 69%] [32mBuilding CXX object CMakeFiles/px4_msgs__rosidl_typesupport_fastrtps_c.dir/rosidl_typesupport_fastrtps_c/px4_msgs/msg/detail/gimbal_manager_information__type_support_c.cpp.o[0m
[72.464s] [ 69%] [32mBuilding CXX object CMakeFiles/px4_msgs__rosidl_typesupport_fastrtps_cpp.dir/rosidl_typesupport_fastrtps_cpp/px4_msgs/msg/detail/dds_fastrtps/mission_result__type_support.cpp.o[0m
[72.476s] [ 69%] [32mBuilding CXX object CMakeFiles/px4_msgs__rosidl_typesupport_fastrtps_cpp.dir/rosidl_typesupport_fastrtps_cpp/px4_msgs/msg/detail/dds_fastrtps/mode_completed__type_support.cpp.o[0m
[72.537s] [ 69%] [32mBuilding CXX object CMakeFiles/px4_msgs__rosidl_typesupport_fastrtps_cpp.dir/rosidl_typesupport_fastrtps_cpp/px4_msgs/msg/detail/dds_fastrtps/mount_orientation__type_support.cpp.o[0m
[72.550s] [ 69%] [32mBuilding CXX object CMakeFiles/px4_msgs__rosidl_typesupport_fastrtps_cpp.dir/rosidl_typesupport_fastrtps_cpp/px4_msgs/msg/detail/dds_fastrtps/navigator_mission_item__type_support.cpp.o[0m
[72.576s] [ 69%] [32mBuilding CXX object CMakeFiles/px4_msgs__rosidl_typesupport_introspection_cpp.dir/rosidl_typesupport_introspection_cpp/px4_msgs/msg/detail/sensors_status__type_support.cpp.o[0m
[72.591s] [ 69%] [32mBuilding CXX object CMakeFiles/px4_msgs__rosidl_typesupport_fastrtps_cpp.dir/rosidl_typesupport_fastrtps_cpp/px4_msgs/msg/detail/dds_fastrtps/normalized_unsigned_setpoint__type_support.cpp.o[0m
[72.608s] [ 69%] [32mBuilding CXX object CMakeFiles/px4_msgs__rosidl_typesupport_fastrtps_c.dir/rosidl_typesupport_fastrtps_c/px4_msgs/msg/detail/gimbal_manager_set_attitude__type_support_c.cpp.o[0m
[72.628s] [ 70%] [32mBuilding CXX object CMakeFiles/px4_msgs__rosidl_typesupport_fastrtps_c.dir/rosidl_typesupport_fastrtps_c/px4_msgs/msg/detail/gimbal_manager_set_manual_control__type_support_c.cpp.o[0m
[72.661s] [ 70%] [32mBuilding CXX object CMakeFiles/px4_msgs__rosidl_typesupport_fastrtps_c.dir/rosidl_typesupport_fastrtps_c/px4_msgs/msg/detail/gimbal_manager_status__type_support_c.cpp.o[0m
[72.714s] [ 70%] [32mBuilding CXX object CMakeFiles/px4_msgs__rosidl_typesupport_fastrtps_cpp.dir/rosidl_typesupport_fastrtps_cpp/px4_msgs/msg/detail/dds_fastrtps/npfg_status__type_support.cpp.o[0m
[72.723s] [ 70%] [32mBuilding CXX object CMakeFiles/px4_msgs__rosidl_typesupport_fastrtps_c.dir/rosidl_typesupport_fastrtps_c/px4_msgs/msg/detail/gps_dump__type_support_c.cpp.o[0m
[72.855s] [ 70%] [32mBuilding CXX object CMakeFiles/px4_msgs__rosidl_typesupport_introspection_cpp.dir/rosidl_typesupport_introspection_cpp/px4_msgs/msg/detail/sensors_status_imu__type_support.cpp.o[0m
[72.882s] [ 70%] [32mBuilding CXX object CMakeFiles/px4_msgs__rosidl_typesupport_fastrtps_cpp.dir/rosidl_typesupport_fastrtps_cpp/px4_msgs/msg/detail/dds_fastrtps/obstacle_distance__type_support.cpp.o[0m
[72.899s] [ 70%] [32mBuilding CXX object CMakeFiles/px4_msgs__rosidl_typesupport_introspection_cpp.dir/rosidl_typesupport_introspection_cpp/px4_msgs/msg/detail/system_power__type_support.cpp.o[0m
[72.916s] [ 70%] [32mBuilding CXX object CMakeFiles/px4_msgs__rosidl_typesupport_fastrtps_cpp.dir/rosidl_typesupport_fastrtps_cpp/px4_msgs/msg/detail/dds_fastrtps/offboard_control_mode__type_support.cpp.o[0m
[72.931s] [ 70%] [32mBuilding CXX object CMakeFiles/px4_msgs__rosidl_typesupport_introspection_cpp.dir/rosidl_typesupport_introspection_cpp/px4_msgs/msg/detail/takeoff_status__type_support.cpp.o[0m
[73.076s] [ 70%] [32mBuilding CXX object CMakeFiles/px4_msgs__rosidl_typesupport_fastrtps_c.dir/rosidl_typesupport_fastrtps_c/px4_msgs/msg/detail/gps_inject_data__type_support_c.cpp.o[0m
[73.086s] [ 70%] [32mBuilding CXX object CMakeFiles/px4_msgs__rosidl_typesupport_fastrtps_c.dir/rosidl_typesupport_fastrtps_c/px4_msgs/msg/detail/gripper__type_support_c.cpp.o[0m
[73.115s] [ 71%] [32mBuilding CXX object CMakeFiles/px4_msgs__rosidl_typesupport_introspection_cpp.dir/rosidl_typesupport_introspection_cpp/px4_msgs/msg/detail/task_stack_info__type_support.cpp.o[0m
[73.136s] [ 71%] [32mBuilding CXX object CMakeFiles/px4_msgs__rosidl_typesupport_introspection_cpp.dir/rosidl_typesupport_introspection_cpp/px4_msgs/msg/detail/tecs_status__type_support.cpp.o[0m
[73.149s] [ 71%] [32mBuilding CXX object CMakeFiles/px4_msgs__rosidl_typesupport_introspection_cpp.dir/rosidl_typesupport_introspection_cpp/px4_msgs/msg/detail/telemetry_status__type_support.cpp.o[0m
[73.151s] [ 71%] [32mBuilding CXX object CMakeFiles/px4_msgs__rosidl_typesupport_introspection_cpp.dir/rosidl_typesupport_introspection_cpp/px4_msgs/msg/detail/tiltrotor_extra_controls__type_support.cpp.o[0m
[73.153s] [ 71%] [32mBuilding CXX object CMakeFiles/px4_msgs__rosidl_typesupport_introspection_cpp.dir/rosidl_typesupport_introspection_cpp/px4_msgs/msg/detail/timesync_status__type_support.cpp.o[0m
[73.179s] [ 71%] [32mBuilding CXX object CMakeFiles/px4_msgs__rosidl_typesupport_fastrtps_c.dir/rosidl_typesupport_fastrtps_c/px4_msgs/msg/detail/health_report__type_support_c.cpp.o[0m
[73.188s] [ 72%] [32mBuilding CXX object CMakeFiles/px4_msgs__rosidl_typesupport_fastrtps_cpp.dir/rosidl_typesupport_fastrtps_cpp/px4_msgs/msg/detail/dds_fastrtps/onboard_computer_status__type_support.cpp.o[0m
[73.215s] [ 72%] [32mBuilding CXX object CMakeFiles/px4_msgs__rosidl_typesupport_fastrtps_cpp.dir/rosidl_typesupport_fastrtps_cpp/px4_msgs/msg/detail/dds_fastrtps/orb_test__type_support.cpp.o[0m
[73.308s] [ 72%] [32mBuilding CXX object CMakeFiles/px4_msgs__rosidl_typesupport_introspection_cpp.dir/rosidl_typesupport_introspection_cpp/px4_msgs/msg/detail/trajectory_bezier__type_support.cpp.o[0m
[73.463s] [ 72%] [32mBuilding CXX object CMakeFiles/px4_msgs__rosidl_typesupport_fastrtps_c.dir/rosidl_typesupport_fastrtps_c/px4_msgs/msg/detail/heater_status__type_support_c.cpp.o[0m
[73.467s] [ 72%] [32mBuilding CXX object CMakeFiles/px4_msgs__rosidl_typesupport_fastrtps_cpp.dir/rosidl_typesupport_fastrtps_cpp/px4_msgs/msg/detail/dds_fastrtps/orb_test_large__type_support.cpp.o[0m
[73.479s] [ 72%] [32mBuilding CXX object CMakeFiles/px4_msgs__rosidl_typesupport_introspection_cpp.dir/rosidl_typesupport_introspection_cpp/px4_msgs/msg/detail/trajectory_setpoint__type_support.cpp.o[0m
[73.492s] [ 72%] [32mBuilding CXX object CMakeFiles/px4_msgs__rosidl_typesupport_introspection_cpp.dir/rosidl_typesupport_introspection_cpp/px4_msgs/msg/detail/trajectory_waypoint__type_support.cpp.o[0m
[73.496s] [ 72%] [32mBuilding CXX object CMakeFiles/px4_msgs__rosidl_typesupport_introspection_cpp.dir/rosidl_typesupport_introspection_cpp/px4_msgs/msg/detail/transponder_report__type_support.cpp.o[0m
[73.574s] [ 72%] [32mBuilding CXX object CMakeFiles/px4_msgs__rosidl_typesupport_fastrtps_cpp.dir/rosidl_typesupport_fastrtps_cpp/px4_msgs/msg/detail/dds_fastrtps/orb_test_medium__type_support.cpp.o[0m
[73.601s] [ 72%] [32mBuilding CXX object CMakeFiles/px4_msgs__rosidl_typesupport_fastrtps_cpp.dir/rosidl_typesupport_fastrtps_cpp/px4_msgs/msg/detail/dds_fastrtps/orbit_status__type_support.cpp.o[0m
[73.679s] [ 72%] [32mBuilding CXX object CMakeFiles/px4_msgs__rosidl_typesupport_fastrtps_cpp.dir/rosidl_typesupport_fastrtps_cpp/px4_msgs/msg/detail/dds_fastrtps/parameter_update__type_support.cpp.o[0m
[73.682s] [ 72%] [32mBuilding CXX object CMakeFiles/px4_msgs__rosidl_typesupport_fastrtps_c.dir/rosidl_typesupport_fastrtps_c/px4_msgs/msg/detail/home_position__type_support_c.cpp.o[0m
[73.695s] [ 72%] [32mBuilding CXX object CMakeFiles/px4_msgs__rosidl_typesupport_fastrtps_c.dir/rosidl_typesupport_fastrtps_c/px4_msgs/msg/detail/hover_thrust_estimate__type_support_c.cpp.o[0m
[73.709s] [ 72%] [32mBuilding CXX object CMakeFiles/px4_msgs__rosidl_typesupport_fastrtps_cpp.dir/rosidl_typesupport_fastrtps_cpp/px4_msgs/msg/detail/dds_fastrtps/ping__type_support.cpp.o[0m
[73.722s] [ 72%] [32mBuilding CXX object CMakeFiles/px4_msgs__rosidl_typesupport_fastrtps_c.dir/rosidl_typesupport_fastrtps_c/px4_msgs/msg/detail/input_rc__type_support_c.cpp.o[0m
[73.723s] [ 72%] [32mBuilding CXX object CMakeFiles/px4_msgs__rosidl_typesupport_fastrtps_cpp.dir/rosidl_typesupport_fastrtps_cpp/px4_msgs/msg/detail/dds_fastrtps/position_controller_landing_status__type_support.cpp.o[0m
[73.790s] [ 72%] [32mBuilding CXX object CMakeFiles/px4_msgs__rosidl_typesupport_introspection_cpp.dir/rosidl_typesupport_introspection_cpp/px4_msgs/msg/detail/tune_control__type_support.cpp.o[0m
[73.824s] [ 72%] [32mBuilding CXX object CMakeFiles/px4_msgs__rosidl_typesupport_introspection_cpp.dir/rosidl_typesupport_introspection_cpp/px4_msgs/msg/detail/uavcan_parameter_request__type_support.cpp.o[0m
[73.876s] [ 72%] [32mBuilding CXX object CMakeFiles/px4_msgs__rosidl_typesupport_fastrtps_c.dir/rosidl_typesupport_fastrtps_c/px4_msgs/msg/detail/internal_combustion_engine_status__type_support_c.cpp.o[0m
[73.958s] [ 72%] [32mBuilding CXX object CMakeFiles/px4_msgs__rosidl_typesupport_fastrtps_cpp.dir/rosidl_typesupport_fastrtps_cpp/px4_msgs/msg/detail/dds_fastrtps/position_controller_status__type_support.cpp.o[0m
[74.065s] [ 72%] [32mBuilding CXX object CMakeFiles/px4_msgs__rosidl_typesupport_fastrtps_cpp.dir/rosidl_typesupport_fastrtps_cpp/px4_msgs/msg/detail/dds_fastrtps/position_setpoint__type_support.cpp.o[0m
[74.090s] [ 72%] [32mBuilding CXX object CMakeFiles/px4_msgs__rosidl_typesupport_introspection_cpp.dir/rosidl_typesupport_introspection_cpp/px4_msgs/msg/detail/ulog_stream__type_support.cpp.o[0m
[74.099s] [ 72%] [32mBuilding CXX object CMakeFiles/px4_msgs__rosidl_typesupport_introspection_cpp.dir/rosidl_typesupport_introspection_cpp/px4_msgs/msg/detail/uavcan_parameter_value__type_support.cpp.o[0m
[74.109s] [ 72%] [32mBuilding CXX object CMakeFiles/px4_msgs__rosidl_typesupport_introspection_cpp.dir/rosidl_typesupport_introspection_cpp/px4_msgs/msg/detail/ulog_stream_ack__type_support.cpp.o[0m
[74.194s] [ 72%] [32mBuilding CXX object CMakeFiles/px4_msgs__rosidl_typesupport_introspection_cpp.dir/rosidl_typesupport_introspection_cpp/px4_msgs/msg/detail/vehicle_acceleration__type_support.cpp.o[0m
[74.241s] [ 73%] [32mBuilding CXX object CMakeFiles/px4_msgs__rosidl_typesupport_introspection_cpp.dir/rosidl_typesupport_introspection_cpp/px4_msgs/msg/detail/vehicle_air_data__type_support.cpp.o[0m
[74.244s] [ 73%] [32mBuilding CXX object CMakeFiles/px4_msgs__rosidl_typesupport_introspection_cpp.dir/rosidl_typesupport_introspection_cpp/px4_msgs/msg/detail/vehicle_angular_acceleration_setpoint__type_support.cpp.o[0m
[74.294s] [ 73%] [32mBuilding CXX object CMakeFiles/px4_msgs__rosidl_typesupport_fastrtps_cpp.dir/rosidl_typesupport_fastrtps_cpp/px4_msgs/msg/detail/dds_fastrtps/position_setpoint_triplet__type_support.cpp.o[0m
[74.294s] [ 73%] [32mBuilding CXX object CMakeFiles/px4_msgs__rosidl_typesupport_fastrtps_c.dir/rosidl_typesupport_fastrtps_c/px4_msgs/msg/detail/iridiumsbd_status__type_support_c.cpp.o[0m
[74.312s] [ 73%] [32mBuilding CXX object CMakeFiles/px4_msgs__rosidl_typesupport_introspection_cpp.dir/rosidl_typesupport_introspection_cpp/px4_msgs/msg/detail/vehicle_angular_velocity__type_support.cpp.o[0m
[74.358s] [ 73%] [32mBuilding CXX object CMakeFiles/px4_msgs__rosidl_typesupport_introspection_cpp.dir/rosidl_typesupport_introspection_cpp/px4_msgs/msg/detail/vehicle_attitude__type_support.cpp.o[0m
[74.409s] [ 73%] [32mBuilding CXX object CMakeFiles/px4_msgs__rosidl_typesupport_fastrtps_c.dir/rosidl_typesupport_fastrtps_c/px4_msgs/msg/detail/irlock_report__type_support_c.cpp.o[0m
[74.429s] [ 73%] [32mBuilding CXX object CMakeFiles/px4_msgs__rosidl_typesupport_introspection_cpp.dir/rosidl_typesupport_introspection_cpp/px4_msgs/msg/detail/vehicle_attitude_setpoint__type_support.cpp.o[0m
[74.451s] [ 73%] [32mBuilding CXX object CMakeFiles/px4_msgs__rosidl_typesupport_fastrtps_c.dir/rosidl_typesupport_fastrtps_c/px4_msgs/msg/detail/landing_gear__type_support_c.cpp.o[0m
[74.495s] [ 73%] [32mBuilding CXX object CMakeFiles/px4_msgs__rosidl_typesupport_fastrtps_c.dir/rosidl_typesupport_fastrtps_c/px4_msgs/msg/detail/landing_gear_wheel__type_support_c.cpp.o[0m
[74.612s] [ 73%] [32mBuilding CXX object CMakeFiles/px4_msgs__rosidl_typesupport_introspection_cpp.dir/rosidl_typesupport_introspection_cpp/px4_msgs/msg/detail/vehicle_command__type_support.cpp.o[0m
[74.655s] [ 74%] [32mBuilding CXX object CMakeFiles/px4_msgs__rosidl_typesupport_fastrtps_c.dir/rosidl_typesupport_fastrtps_c/px4_msgs/msg/detail/landing_target_innovations__type_support_c.cpp.o[0m
[74.667s] [ 74%] [32mBuilding CXX object CMakeFiles/px4_msgs__rosidl_typesupport_fastrtps_c.dir/rosidl_typesupport_fastrtps_c/px4_msgs/msg/detail/landing_target_pose__type_support_c.cpp.o[0m
[74.679s] [ 74%] [32mBuilding CXX object CMakeFiles/px4_msgs__rosidl_typesupport_fastrtps_cpp.dir/rosidl_typesupport_fastrtps_cpp/px4_msgs/msg/detail/dds_fastrtps/power_button_state__type_support.cpp.o[0m
[74.749s] [ 74%] [32mBuilding CXX object CMakeFiles/px4_msgs__rosidl_typesupport_fastrtps_cpp.dir/rosidl_typesupport_fastrtps_cpp/px4_msgs/msg/detail/dds_fastrtps/power_monitor__type_support.cpp.o[0m
[74.777s] [ 74%] [32mBuilding CXX object CMakeFiles/px4_msgs__rosidl_typesupport_fastrtps_c.dir/rosidl_typesupport_fastrtps_c/px4_msgs/msg/detail/launch_detection_status__type_support_c.cpp.o[0m
[74.826s] [ 74%] [32mBuilding CXX object CMakeFiles/px4_msgs__rosidl_typesupport_fastrtps_cpp.dir/rosidl_typesupport_fastrtps_cpp/px4_msgs/msg/detail/dds_fastrtps/pps_capture__type_support.cpp.o[0m
[74.830s] [ 74%] [32mBuilding CXX object CMakeFiles/px4_msgs__rosidl_typesupport_fastrtps_c.dir/rosidl_typesupport_fastrtps_c/px4_msgs/msg/detail/led_control__type_support_c.cpp.o[0m
[74.861s] [ 74%] [32mBuilding CXX object CMakeFiles/px4_msgs__rosidl_typesupport_fastrtps_cpp.dir/rosidl_typesupport_fastrtps_cpp/px4_msgs/msg/detail/dds_fastrtps/pwm_input__type_support.cpp.o[0m
[74.879s] [ 74%] [32mBuilding CXX object CMakeFiles/px4_msgs__rosidl_typesupport_introspection_cpp.dir/rosidl_typesupport_introspection_cpp/px4_msgs/msg/detail/vehicle_command_ack__type_support.cpp.o[0m
[74.897s] [ 75%] [32mBuilding CXX object CMakeFiles/px4_msgs__rosidl_typesupport_fastrtps_cpp.dir/rosidl_typesupport_fastrtps_cpp/px4_msgs/msg/detail/dds_fastrtps/px4io_status__type_support.cpp.o[0m
[74.905s] [ 75%] [32mBuilding CXX object CMakeFiles/px4_msgs__rosidl_typesupport_fastrtps_cpp.dir/rosidl_typesupport_fastrtps_cpp/px4_msgs/msg/detail/dds_fastrtps/qshell_req__type_support.cpp.o[0m
[74.973s] [ 75%] [32mBuilding CXX object CMakeFiles/px4_msgs__rosidl_typesupport_fastrtps_cpp.dir/rosidl_typesupport_fastrtps_cpp/px4_msgs/msg/detail/dds_fastrtps/qshell_retval__type_support.cpp.o[0m
[75.000s] [ 75%] [32mBuilding CXX object CMakeFiles/px4_msgs__rosidl_typesupport_fastrtps_c.dir/rosidl_typesupport_fastrtps_c/px4_msgs/msg/detail/log_message__type_support_c.cpp.o[0m
[75.001s] [ 75%] [32mBuilding CXX object CMakeFiles/px4_msgs__rosidl_typesupport_fastrtps_cpp.dir/rosidl_typesupport_fastrtps_cpp/px4_msgs/msg/detail/dds_fastrtps/radio_status__type_support.cpp.o[0m
[75.023s] [ 75%] [32mBuilding CXX object CMakeFiles/px4_msgs__rosidl_typesupport_fastrtps_c.dir/rosidl_typesupport_fastrtps_c/px4_msgs/msg/detail/logger_status__type_support_c.cpp.o[0m
[75.146s] [ 75%] [32mBuilding CXX object CMakeFiles/px4_msgs__rosidl_typesupport_introspection_cpp.dir/rosidl_typesupport_introspection_cpp/px4_msgs/msg/detail/vehicle_constraints__type_support.cpp.o[0m
[75.157s] [ 75%] [32mBuilding CXX object CMakeFiles/px4_msgs__rosidl_typesupport_fastrtps_cpp.dir/rosidl_typesupport_fastrtps_cpp/px4_msgs/msg/detail/dds_fastrtps/rate_ctrl_status__type_support.cpp.o[0m
[75.197s] [ 75%] [32mBuilding CXX object CMakeFiles/px4_msgs__rosidl_typesupport_fastrtps_cpp.dir/rosidl_typesupport_fastrtps_cpp/px4_msgs/msg/detail/dds_fastrtps/rc_channels__type_support.cpp.o[0m
[75.253s] [ 75%] [32mBuilding CXX object CMakeFiles/px4_msgs__rosidl_typesupport_fastrtps_cpp.dir/rosidl_typesupport_fastrtps_cpp/px4_msgs/msg/detail/dds_fastrtps/rc_parameter_map__type_support.cpp.o[0m
[75.257s] [ 75%] [32mBuilding CXX object CMakeFiles/px4_msgs__rosidl_typesupport_introspection_cpp.dir/rosidl_typesupport_introspection_cpp/px4_msgs/msg/detail/vehicle_control_mode__type_support.cpp.o[0m
[75.331s] [ 75%] [32mBuilding CXX object CMakeFiles/px4_msgs__rosidl_typesupport_introspection_cpp.dir/rosidl_typesupport_introspection_cpp/px4_msgs/msg/detail/vehicle_global_position__type_support.cpp.o[0m
[75.362s] [ 75%] [32mBuilding CXX object CMakeFiles/px4_msgs__rosidl_typesupport_introspection_cpp.dir/rosidl_typesupport_introspection_cpp/px4_msgs/msg/detail/vehicle_imu__type_support.cpp.o[0m
[75.416s] [ 75%] [32mBuilding CXX object CMakeFiles/px4_msgs__rosidl_typesupport_fastrtps_c.dir/rosidl_typesupport_fastrtps_c/px4_msgs/msg/detail/mag_worker_data__type_support_c.cpp.o[0m
[75.437s] [ 75%] [32mBuilding CXX object CMakeFiles/px4_msgs__rosidl_typesupport_fastrtps_c.dir/rosidl_typesupport_fastrtps_c/px4_msgs/msg/detail/magnetometer_bias_estimate__type_support_c.cpp.o[0m
[75.450s] [ 75%] [32mBuilding CXX object CMakeFiles/px4_msgs__rosidl_typesupport_fastrtps_cpp.dir/rosidl_typesupport_fastrtps_cpp/px4_msgs/msg/detail/dds_fastrtps/rpm__type_support.cpp.o[0m
[75.489s] [ 75%] [32mBuilding CXX object CMakeFiles/px4_msgs__rosidl_typesupport_fastrtps_cpp.dir/rosidl_typesupport_fastrtps_cpp/px4_msgs/msg/detail/dds_fastrtps/rtl_time_estimate__type_support.cpp.o[0m
[75.492s] [ 75%] [32mBuilding CXX object CMakeFiles/px4_msgs__rosidl_typesupport_introspection_cpp.dir/rosidl_typesupport_introspection_cpp/px4_msgs/msg/detail/vehicle_imu_status__type_support.cpp.o[0m
[75.526s] [ 75%] [32mBuilding CXX object CMakeFiles/px4_msgs__rosidl_typesupport_introspection_cpp.dir/rosidl_typesupport_introspection_cpp/px4_msgs/msg/detail/vehicle_local_position__type_support.cpp.o[0m
[75.526s] [ 75%] [32mBuilding CXX object CMakeFiles/px4_msgs__rosidl_typesupport_introspection_cpp.dir/rosidl_typesupport_introspection_cpp/px4_msgs/msg/detail/vehicle_land_detected__type_support.cpp.o[0m
[75.552s] [ 75%] [32mBuilding CXX object CMakeFiles/px4_msgs__rosidl_typesupport_introspection_cpp.dir/rosidl_typesupport_introspection_cpp/px4_msgs/msg/detail/vehicle_local_position_setpoint__type_support.cpp.o[0m
[75.641s] [ 76%] [32mBuilding CXX object CMakeFiles/px4_msgs__rosidl_typesupport_introspection_cpp.dir/rosidl_typesupport_introspection_cpp/px4_msgs/msg/detail/vehicle_magnetometer__type_support.cpp.o[0m
[75.698s] [ 76%] [32mBuilding CXX object CMakeFiles/px4_msgs__rosidl_typesupport_fastrtps_c.dir/rosidl_typesupport_fastrtps_c/px4_msgs/msg/detail/manual_control_setpoint__type_support_c.cpp.o[0m
[75.725s] [ 76%] [32mBuilding CXX object CMakeFiles/px4_msgs__rosidl_typesupport_fastrtps_c.dir/rosidl_typesupport_fastrtps_c/px4_msgs/msg/detail/manual_control_switches__type_support_c.cpp.o[0m
[75.798s] [ 76%] [32mBuilding CXX object CMakeFiles/px4_msgs__rosidl_typesupport_fastrtps_c.dir/rosidl_typesupport_fastrtps_c/px4_msgs/msg/detail/mavlink_log__type_support_c.cpp.o[0m
[75.808s] [ 76%] [32mBuilding CXX object CMakeFiles/px4_msgs__rosidl_typesupport_fastrtps_cpp.dir/rosidl_typesupport_fastrtps_cpp/px4_msgs/msg/detail/dds_fastrtps/satellite_info__type_support.cpp.o[0m
[75.852s] [ 76%] [32mBuilding CXX object CMakeFiles/px4_msgs__rosidl_typesupport_fastrtps_c.dir/rosidl_typesupport_fastrtps_c/px4_msgs/msg/detail/mavlink_tunnel__type_support_c.cpp.o[0m
[75.894s] [ 76%] [32mBuilding CXX object CMakeFiles/px4_msgs__rosidl_typesupport_fastrtps_c.dir/rosidl_typesupport_fastrtps_c/px4_msgs/msg/detail/mission__type_support_c.cpp.o[0m
[75.926s] [ 76%] [32mBuilding CXX object CMakeFiles/px4_msgs__rosidl_typesupport_fastrtps_cpp.dir/rosidl_typesupport_fastrtps_cpp/px4_msgs/msg/detail/dds_fastrtps/sensor_accel__type_support.cpp.o[0m
[75.954s] [ 76%] [32mBuilding CXX object CMakeFiles/px4_msgs__rosidl_typesupport_fastrtps_cpp.dir/rosidl_typesupport_fastrtps_cpp/px4_msgs/msg/detail/dds_fastrtps/sensor_accel_fifo__type_support.cpp.o[0m
[75.967s] [ 76%] [32mBuilding CXX object CMakeFiles/px4_msgs__rosidl_typesupport_fastrtps_cpp.dir/rosidl_typesupport_fastrtps_cpp/px4_msgs/msg/detail/dds_fastrtps/sensor_baro__type_support.cpp.o[0m
[76.021s] [ 76%] [32mBuilding CXX object CMakeFiles/px4_msgs__rosidl_typesupport_introspection_cpp.dir/rosidl_typesupport_introspection_cpp/px4_msgs/msg/detail/vehicle_odometry__type_support.cpp.o[0m
[76.069s] [ 76%] [32mBuilding CXX object CMakeFiles/px4_msgs__rosidl_typesupport_fastrtps_c.dir/rosidl_typesupport_fastrtps_c/px4_msgs/msg/detail/mission_result__type_support_c.cpp.o[0m
[76.084s] [ 76%] [32mBuilding CXX object CMakeFiles/px4_msgs__rosidl_typesupport_fastrtps_cpp.dir/rosidl_typesupport_fastrtps_cpp/px4_msgs/msg/detail/dds_fastrtps/sensor_combined__type_support.cpp.o[0m
[76.091s] [ 76%] [32mBuilding CXX object CMakeFiles/px4_msgs__rosidl_typesupport_fastrtps_cpp.dir/rosidl_typesupport_fastrtps_cpp/px4_msgs/msg/detail/dds_fastrtps/sensor_correction__type_support.cpp.o[0m
[76.117s] [ 77%] [32mBuilding CXX object CMakeFiles/px4_msgs__rosidl_typesupport_fastrtps_cpp.dir/rosidl_typesupport_fastrtps_cpp/px4_msgs/msg/detail/dds_fastrtps/sensor_gnss_relative__type_support.cpp.o[0m
[76.119s] [ 77%] [32mBuilding CXX object CMakeFiles/px4_msgs__rosidl_typesupport_fastrtps_cpp.dir/rosidl_typesupport_fastrtps_cpp/px4_msgs/msg/detail/dds_fastrtps/sensor_gps__type_support.cpp.o[0m
[76.206s] [ 77%] [32mBuilding CXX object CMakeFiles/px4_msgs__rosidl_typesupport_introspection_cpp.dir/rosidl_typesupport_introspection_cpp/px4_msgs/msg/detail/vehicle_optical_flow__type_support.cpp.o[0m
[76.217s] [ 77%] [32mBuilding CXX object CMakeFiles/px4_msgs__rosidl_typesupport_fastrtps_cpp.dir/rosidl_typesupport_fastrtps_cpp/px4_msgs/msg/detail/dds_fastrtps/sensor_gyro__type_support.cpp.o[0m
[76.249s] [ 77%] [32mBuilding CXX object CMakeFiles/px4_msgs__rosidl_typesupport_fastrtps_c.dir/rosidl_typesupport_fastrtps_c/px4_msgs/msg/detail/mode_completed__type_support_c.cpp.o[0m
[76.286s] [ 77%] [32mBuilding CXX object CMakeFiles/px4_msgs__rosidl_typesupport_fastrtps_cpp.dir/rosidl_typesupport_fastrtps_cpp/px4_msgs/msg/detail/dds_fastrtps/sensor_gyro_fft__type_support.cpp.o[0m
[76.337s] [ 77%] [32mBuilding CXX object CMakeFiles/px4_msgs__rosidl_typesupport_fastrtps_cpp.dir/rosidl_typesupport_fastrtps_cpp/px4_msgs/msg/detail/dds_fastrtps/sensor_gyro_fifo__type_support.cpp.o[0m
[76.386s] [ 77%] [32mBuilding CXX object CMakeFiles/px4_msgs__rosidl_typesupport_introspection_cpp.dir/rosidl_typesupport_introspection_cpp/px4_msgs/msg/detail/vehicle_optical_flow_vel__type_support.cpp.o[0m
[76.412s] [ 78%] [32mBuilding CXX object CMakeFiles/px4_msgs__rosidl_typesupport_fastrtps_c.dir/rosidl_typesupport_fastrtps_c/px4_msgs/msg/detail/mount_orientation__type_support_c.cpp.o[0m
[76.521s] [ 78%] [32mBuilding CXX object CMakeFiles/px4_msgs__rosidl_typesupport_introspection_cpp.dir/rosidl_typesupport_introspection_cpp/px4_msgs/msg/detail/vehicle_rates_setpoint__type_support.cpp.o[0m
[76.569s] [ 78%] [32mBuilding CXX object CMakeFiles/px4_msgs__rosidl_typesupport_fastrtps_cpp.dir/rosidl_typesupport_fastrtps_cpp/px4_msgs/msg/detail/dds_fastrtps/sensor_hygrometer__type_support.cpp.o[0m
[76.576s] [ 78%] [32mBuilding CXX object CMakeFiles/px4_msgs__rosidl_typesupport_fastrtps_cpp.dir/rosidl_typesupport_fastrtps_cpp/px4_msgs/msg/detail/dds_fastrtps/sensor_mag__type_support.cpp.o[0m
[76.585s] [ 78%] [32mBuilding CXX object CMakeFiles/px4_msgs__rosidl_typesupport_introspection_cpp.dir/rosidl_typesupport_introspection_cpp/px4_msgs/msg/detail/vehicle_roi__type_support.cpp.o[0m
[76.613s] [ 78%] [32mBuilding CXX object CMakeFiles/px4_msgs__rosidl_typesupport_fastrtps_cpp.dir/rosidl_typesupport_fastrtps_cpp/px4_msgs/msg/detail/dds_fastrtps/sensor_optical_flow__type_support.cpp.o[0m
[76.674s] [ 78%] [32mBuilding CXX object CMakeFiles/px4_msgs__rosidl_typesupport_fastrtps_c.dir/rosidl_typesupport_fastrtps_c/px4_msgs/msg/detail/navigator_mission_item__type_support_c.cpp.o[0m
[76.710s] [ 78%] [32mBuilding CXX object CMakeFiles/px4_msgs__rosidl_typesupport_introspection_cpp.dir/rosidl_typesupport_introspection_cpp/px4_msgs/msg/detail/vehicle_status__type_support.cpp.o[0m
[76.721s] [ 78%] [32mBuilding CXX object CMakeFiles/px4_msgs__rosidl_typesupport_fastrtps_c.dir/rosidl_typesupport_fastrtps_c/px4_msgs/msg/detail/normalized_unsigned_setpoint__type_support_c.cpp.o[0m
[76.740s] [ 78%] [32mBuilding CXX object CMakeFiles/px4_msgs__rosidl_typesupport_fastrtps_cpp.dir/rosidl_typesupport_fastrtps_cpp/px4_msgs/msg/detail/dds_fastrtps/sensor_preflight_mag__type_support.cpp.o[0m
[76.756s] [ 78%] [32mBuilding CXX object CMakeFiles/px4_msgs__rosidl_typesupport_fastrtps_cpp.dir/rosidl_typesupport_fastrtps_cpp/px4_msgs/msg/detail/dds_fastrtps/sensor_selection__type_support.cpp.o[0m
[76.791s] [ 78%] [32mBuilding CXX object CMakeFiles/px4_msgs__rosidl_typesupport_fastrtps_cpp.dir/rosidl_typesupport_fastrtps_cpp/px4_msgs/msg/detail/dds_fastrtps/sensor_uwb__type_support.cpp.o[0m
[76.804s] [ 78%] [32mBuilding CXX object CMakeFiles/px4_msgs__rosidl_typesupport_fastrtps_c.dir/rosidl_typesupport_fastrtps_c/px4_msgs/msg/detail/npfg_status__type_support_c.cpp.o[0m
[76.880s] [ 78%] [32mBuilding CXX object CMakeFiles/px4_msgs__rosidl_typesupport_fastrtps_c.dir/rosidl_typesupport_fastrtps_c/px4_msgs/msg/detail/obstacle_distance__type_support_c.cpp.o[0m
[76.918s] [ 78%] [32mBuilding CXX object CMakeFiles/px4_msgs__rosidl_typesupport_fastrtps_c.dir/rosidl_typesupport_fastrtps_c/px4_msgs/msg/detail/offboard_control_mode__type_support_c.cpp.o[0m
[76.929s] [ 78%] [32mBuilding CXX object CMakeFiles/px4_msgs__rosidl_typesupport_introspection_cpp.dir/rosidl_typesupport_introspection_cpp/px4_msgs/msg/detail/vehicle_thrust_setpoint__type_support.cpp.o[0m
[76.985s] [ 78%] [32mBuilding CXX object CMakeFiles/px4_msgs__rosidl_typesupport_fastrtps_c.dir/rosidl_typesupport_fastrtps_c/px4_msgs/msg/detail/onboard_computer_status__type_support_c.cpp.o[0m
[77.098s] [ 78%] [32mBuilding CXX object CMakeFiles/px4_msgs__rosidl_typesupport_fastrtps_cpp.dir/rosidl_typesupport_fastrtps_cpp/px4_msgs/msg/detail/dds_fastrtps/sensors_status__type_support.cpp.o[0m
[77.154s] [ 78%] [32mBuilding CXX object CMakeFiles/px4_msgs__rosidl_typesupport_introspection_cpp.dir/rosidl_typesupport_introspection_cpp/px4_msgs/msg/detail/vehicle_torque_setpoint__type_support.cpp.o[0m
[77.158s] [ 78%] [32mBuilding CXX object CMakeFiles/px4_msgs__rosidl_typesupport_fastrtps_c.dir/rosidl_typesupport_fastrtps_c/px4_msgs/msg/detail/orb_test__type_support_c.cpp.o[0m
[77.178s] [ 78%] [32mBuilding CXX object CMakeFiles/px4_msgs__rosidl_typesupport_introspection_cpp.dir/rosidl_typesupport_introspection_cpp/px4_msgs/msg/detail/vehicle_trajectory_bezier__type_support.cpp.o[0m
[77.178s] [ 78%] [32mBuilding CXX object CMakeFiles/px4_msgs__rosidl_typesupport_fastrtps_c.dir/rosidl_typesupport_fastrtps_c/px4_msgs/msg/detail/orb_test_large__type_support_c.cpp.o[0m
[77.221s] [ 78%] [32mBuilding CXX object CMakeFiles/px4_msgs__rosidl_typesupport_fastrtps_cpp.dir/rosidl_typesupport_fastrtps_cpp/px4_msgs/msg/detail/dds_fastrtps/sensors_status_imu__type_support.cpp.o[0m
[77.267s] [ 78%] [32mBuilding CXX object CMakeFiles/px4_msgs__rosidl_typesupport_fastrtps_cpp.dir/rosidl_typesupport_fastrtps_cpp/px4_msgs/msg/detail/dds_fastrtps/system_power__type_support.cpp.o[0m
[77.273s] [ 78%] [32mBuilding CXX object CMakeFiles/px4_msgs__rosidl_typesupport_fastrtps_c.dir/rosidl_typesupport_fastrtps_c/px4_msgs/msg/detail/orb_test_medium__type_support_c.cpp.o[0m
[77.325s] [ 78%] [32mBuilding CXX object CMakeFiles/px4_msgs__rosidl_typesupport_fastrtps_cpp.dir/rosidl_typesupport_fastrtps_cpp/px4_msgs/msg/detail/dds_fastrtps/takeoff_status__type_support.cpp.o[0m
[77.333s] [ 78%] [32mBuilding CXX object CMakeFiles/px4_msgs__rosidl_typesupport_fastrtps_c.dir/rosidl_typesupport_fastrtps_c/px4_msgs/msg/detail/orbit_status__type_support_c.cpp.o[0m
[77.374s] [ 78%] [32mBuilding CXX object CMakeFiles/px4_msgs__rosidl_typesupport_fastrtps_c.dir/rosidl_typesupport_fastrtps_c/px4_msgs/msg/detail/parameter_update__type_support_c.cpp.o[0m
[77.381s] [ 78%] [32mBuilding CXX object CMakeFiles/px4_msgs__rosidl_typesupport_introspection_cpp.dir/rosidl_typesupport_introspection_cpp/px4_msgs/msg/detail/vehicle_trajectory_waypoint__type_support.cpp.o[0m
[77.473s] [ 79%] [32mBuilding CXX object CMakeFiles/px4_msgs__rosidl_typesupport_fastrtps_cpp.dir/rosidl_typesupport_fastrtps_cpp/px4_msgs/msg/detail/dds_fastrtps/task_stack_info__type_support.cpp.o[0m
[77.494s] [ 79%] [32mBuilding CXX object CMakeFiles/px4_msgs__rosidl_typesupport_fastrtps_cpp.dir/rosidl_typesupport_fastrtps_cpp/px4_msgs/msg/detail/dds_fastrtps/tecs_status__type_support.cpp.o[0m
[77.505s] [ 79%] [32mBuilding CXX object CMakeFiles/px4_msgs__rosidl_typesupport_fastrtps_cpp.dir/rosidl_typesupport_fastrtps_cpp/px4_msgs/msg/detail/dds_fastrtps/telemetry_status__type_support.cpp.o[0m
[77.525s] [ 79%] [32mBuilding CXX object CMakeFiles/px4_msgs__rosidl_typesupport_introspection_cpp.dir/rosidl_typesupport_introspection_cpp/px4_msgs/msg/detail/vtol_vehicle_status__type_support.cpp.o[0m
[77.682s] [ 79%] [32mBuilding CXX object CMakeFiles/px4_msgs__rosidl_typesupport_introspection_cpp.dir/rosidl_typesupport_introspection_cpp/px4_msgs/msg/detail/wind__type_support.cpp.o[0m
[77.710s] [ 79%] [32mBuilding CXX object CMakeFiles/px4_msgs__rosidl_typesupport_fastrtps_cpp.dir/rosidl_typesupport_fastrtps_cpp/px4_msgs/msg/detail/dds_fastrtps/tiltrotor_extra_controls__type_support.cpp.o[0m
[77.728s] [ 79%] [32mBuilding CXX object CMakeFiles/px4_msgs__rosidl_typesupport_introspection_cpp.dir/rosidl_typesupport_introspection_cpp/px4_msgs/msg/detail/yaw_estimator_status__type_support.cpp.o[0m
[77.757s] [ 79%] [32mBuilding CXX object CMakeFiles/px4_msgs__rosidl_typesupport_fastrtps_c.dir/rosidl_typesupport_fastrtps_c/px4_msgs/msg/detail/ping__type_support_c.cpp.o[0m
[77.765s] [ 79%] [32mBuilding CXX object CMakeFiles/px4_msgs__rosidl_typesupport_fastrtps_c.dir/rosidl_typesupport_fastrtps_c/px4_msgs/msg/detail/position_controller_landing_status__type_support_c.cpp.o[0m
[77.765s] [ 79%] [32mBuilding CXX object CMakeFiles/px4_msgs__rosidl_typesupport_fastrtps_cpp.dir/rosidl_typesupport_fastrtps_cpp/px4_msgs/msg/detail/dds_fastrtps/timesync_status__type_support.cpp.o[0m
[77.830s] [ 79%] [32mBuilding CXX object CMakeFiles/px4_msgs__rosidl_typesupport_fastrtps_c.dir/rosidl_typesupport_fastrtps_c/px4_msgs/msg/detail/position_controller_status__type_support_c.cpp.o[0m
[77.835s] [ 80%] [32mBuilding CXX object CMakeFiles/px4_msgs__rosidl_typesupport_fastrtps_c.dir/rosidl_typesupport_fastrtps_c/px4_msgs/msg/detail/position_setpoint__type_support_c.cpp.o[0m
[77.909s] [ 80%] [32mBuilding CXX object CMakeFiles/px4_msgs__rosidl_typesupport_fastrtps_cpp.dir/rosidl_typesupport_fastrtps_cpp/px4_msgs/msg/detail/dds_fastrtps/trajectory_bezier__type_support.cpp.o[0m
[77.945s] [ 80%] [32mBuilding CXX object CMakeFiles/px4_msgs__rosidl_typesupport_fastrtps_c.dir/rosidl_typesupport_fastrtps_c/px4_msgs/msg/detail/position_setpoint_triplet__type_support_c.cpp.o[0m
[77.967s] [ 80%] [32mBuilding CXX object CMakeFiles/px4_msgs__rosidl_typesupport_fastrtps_c.dir/rosidl_typesupport_fastrtps_c/px4_msgs/msg/detail/power_button_state__type_support_c.cpp.o[0m
[77.972s] [ 80%] [32mBuilding CXX object CMakeFiles/px4_msgs__rosidl_typesupport_fastrtps_c.dir/rosidl_typesupport_fastrtps_c/px4_msgs/msg/detail/power_monitor__type_support_c.cpp.o[0m
[78.062s] [ 80%] [32mBuilding CXX object CMakeFiles/px4_msgs__rosidl_typesupport_fastrtps_c.dir/rosidl_typesupport_fastrtps_c/px4_msgs/msg/detail/pps_capture__type_support_c.cpp.o[0m
[78.101s] [ 80%] [32mBuilding CXX object CMakeFiles/px4_msgs__rosidl_typesupport_fastrtps_c.dir/rosidl_typesupport_fastrtps_c/px4_msgs/msg/detail/pwm_input__type_support_c.cpp.o[0m
[78.116s] [ 80%] [32mBuilding CXX object CMakeFiles/px4_msgs__rosidl_typesupport_fastrtps_cpp.dir/rosidl_typesupport_fastrtps_cpp/px4_msgs/msg/detail/dds_fastrtps/trajectory_setpoint__type_support.cpp.o[0m
[78.143s] [ 80%] [32mBuilding CXX object CMakeFiles/px4_msgs__rosidl_typesupport_fastrtps_c.dir/rosidl_typesupport_fastrtps_c/px4_msgs/msg/detail/px4io_status__type_support_c.cpp.o[0m
[78.260s] [ 80%] [32mBuilding CXX object CMakeFiles/px4_msgs__rosidl_typesupport_fastrtps_cpp.dir/rosidl_typesupport_fastrtps_cpp/px4_msgs/msg/detail/dds_fastrtps/transponder_report__type_support.cpp.o[0m
[78.261s] [ 80%] [32mBuilding CXX object CMakeFiles/px4_msgs__rosidl_typesupport_fastrtps_cpp.dir/rosidl_typesupport_fastrtps_cpp/px4_msgs/msg/detail/dds_fastrtps/trajectory_waypoint__type_support.cpp.o[0m
[78.275s] [ 80%] [32mBuilding CXX object CMakeFiles/px4_msgs__rosidl_typesupport_fastrtps_cpp.dir/rosidl_typesupport_fastrtps_cpp/px4_msgs/msg/detail/dds_fastrtps/tune_control__type_support.cpp.o[0m
[78.288s] [ 80%] [32mBuilding CXX object CMakeFiles/px4_msgs__rosidl_typesupport_fastrtps_c.dir/rosidl_typesupport_fastrtps_c/px4_msgs/msg/detail/qshell_req__type_support_c.cpp.o[0m
[78.318s] [ 80%] [32mBuilding CXX object CMakeFiles/px4_msgs__rosidl_typesupport_fastrtps_cpp.dir/rosidl_typesupport_fastrtps_cpp/px4_msgs/msg/detail/dds_fastrtps/uavcan_parameter_request__type_support.cpp.o[0m
[78.325s] [ 81%] [32m[1mLinking CXX shared library libpx4_msgs__rosidl_typesupport_introspection_cpp.so[0m
[78.347s] [ 81%] [32mBuilding CXX object CMakeFiles/px4_msgs__rosidl_typesupport_fastrtps_cpp.dir/rosidl_typesupport_fastrtps_cpp/px4_msgs/msg/detail/dds_fastrtps/uavcan_parameter_value__type_support.cpp.o[0m
[78.377s] [ 81%] [32mBuilding CXX object CMakeFiles/px4_msgs__rosidl_typesupport_fastrtps_c.dir/rosidl_typesupport_fastrtps_c/px4_msgs/msg/detail/qshell_retval__type_support_c.cpp.o[0m
[78.444s] [ 81%] [32mBuilding CXX object CMakeFiles/px4_msgs__rosidl_typesupport_fastrtps_cpp.dir/rosidl_typesupport_fastrtps_cpp/px4_msgs/msg/detail/dds_fastrtps/ulog_stream__type_support.cpp.o[0m
[78.477s] [ 81%] [32mBuilding CXX object CMakeFiles/px4_msgs__rosidl_typesupport_fastrtps_cpp.dir/rosidl_typesupport_fastrtps_cpp/px4_msgs/msg/detail/dds_fastrtps/ulog_stream_ack__type_support.cpp.o[0m
[78.496s] [ 82%] [32mBuilding CXX object CMakeFiles/px4_msgs__rosidl_typesupport_fastrtps_cpp.dir/rosidl_typesupport_fastrtps_cpp/px4_msgs/msg/detail/dds_fastrtps/vehicle_acceleration__type_support.cpp.o[0m
[78.496s] [ 82%] [32mBuilding CXX object CMakeFiles/px4_msgs__rosidl_typesupport_fastrtps_cpp.dir/rosidl_typesupport_fastrtps_cpp/px4_msgs/msg/detail/dds_fastrtps/vehicle_air_data__type_support.cpp.o[0m
[78.549s] [ 82%] [32mBuilding CXX object CMakeFiles/px4_msgs__rosidl_typesupport_fastrtps_cpp.dir/rosidl_typesupport_fastrtps_cpp/px4_msgs/msg/detail/dds_fastrtps/vehicle_angular_acceleration_setpoint__type_support.cpp.o[0m
[78.590s] [ 82%] [32mBuilding CXX object CMakeFiles/px4_msgs__rosidl_typesupport_fastrtps_cpp.dir/rosidl_typesupport_fastrtps_cpp/px4_msgs/msg/detail/dds_fastrtps/vehicle_angular_velocity__type_support.cpp.o[0m
[78.593s] [ 82%] Built target px4_msgs__rosidl_typesupport_introspection_cpp
[78.605s] [ 82%] [32mBuilding CXX object CMakeFiles/px4_msgs__rosidl_typesupport_fastrtps_cpp.dir/rosidl_typesupport_fastrtps_cpp/px4_msgs/msg/detail/dds_fastrtps/vehicle_attitude__type_support.cpp.o[0m
[78.674s] [ 82%] [32mBuilding CXX object CMakeFiles/px4_msgs__rosidl_typesupport_fastrtps_cpp.dir/rosidl_typesupport_fastrtps_cpp/px4_msgs/msg/detail/dds_fastrtps/vehicle_attitude_setpoint__type_support.cpp.o[0m
[78.700s] [ 82%] [32mBuilding CXX object CMakeFiles/px4_msgs__rosidl_typesupport_fastrtps_c.dir/rosidl_typesupport_fastrtps_c/px4_msgs/msg/detail/radio_status__type_support_c.cpp.o[0m
[78.777s] [ 82%] [32mBuilding CXX object CMakeFiles/px4_msgs__rosidl_typesupport_fastrtps_cpp.dir/rosidl_typesupport_fastrtps_cpp/px4_msgs/msg/detail/dds_fastrtps/vehicle_command__type_support.cpp.o[0m
[78.844s] [ 82%] [32mBuilding CXX object CMakeFiles/px4_msgs__rosidl_typesupport_fastrtps_c.dir/rosidl_typesupport_fastrtps_c/px4_msgs/msg/detail/rate_ctrl_status__type_support_c.cpp.o[0m
[78.861s] [ 82%] [32mBuilding CXX object CMakeFiles/px4_msgs__rosidl_typesupport_fastrtps_c.dir/rosidl_typesupport_fastrtps_c/px4_msgs/msg/detail/rc_channels__type_support_c.cpp.o[0m
[78.869s] [ 82%] [32mBuilding CXX object CMakeFiles/px4_msgs__rosidl_typesupport_fastrtps_cpp.dir/rosidl_typesupport_fastrtps_cpp/px4_msgs/msg/detail/dds_fastrtps/vehicle_command_ack__type_support.cpp.o[0m
[78.897s] [ 82%] [32mBuilding CXX object CMakeFiles/px4_msgs__rosidl_typesupport_fastrtps_c.dir/rosidl_typesupport_fastrtps_c/px4_msgs/msg/detail/rc_parameter_map__type_support_c.cpp.o[0m
[78.910s] [ 82%] [32mBuilding CXX object CMakeFiles/px4_msgs__rosidl_typesupport_fastrtps_c.dir/rosidl_typesupport_fastrtps_c/px4_msgs/msg/detail/rpm__type_support_c.cpp.o[0m
[78.952s] [ 82%] [32mBuilding CXX object CMakeFiles/px4_msgs__rosidl_typesupport_fastrtps_c.dir/rosidl_typesupport_fastrtps_c/px4_msgs/msg/detail/rtl_time_estimate__type_support_c.cpp.o[0m
[79.029s] [ 83%] [32mBuilding CXX object CMakeFiles/px4_msgs__rosidl_typesupport_fastrtps_c.dir/rosidl_typesupport_fastrtps_c/px4_msgs/msg/detail/satellite_info__type_support_c.cpp.o[0m
[79.076s] [ 83%] [32mBuilding CXX object CMakeFiles/px4_msgs__rosidl_typesupport_fastrtps_c.dir/rosidl_typesupport_fastrtps_c/px4_msgs/msg/detail/sensor_accel__type_support_c.cpp.o[0m
[79.079s] [ 83%] [32mBuilding CXX object CMakeFiles/px4_msgs__rosidl_typesupport_fastrtps_c.dir/rosidl_typesupport_fastrtps_c/px4_msgs/msg/detail/sensor_accel_fifo__type_support_c.cpp.o[0m
[79.107s] [ 83%] [32mBuilding CXX object CMakeFiles/px4_msgs__rosidl_typesupport_fastrtps_c.dir/rosidl_typesupport_fastrtps_c/px4_msgs/msg/detail/sensor_baro__type_support_c.cpp.o[0m
[79.134s] [ 83%] [32mBuilding CXX object CMakeFiles/px4_msgs__rosidl_typesupport_fastrtps_c.dir/rosidl_typesupport_fastrtps_c/px4_msgs/msg/detail/sensor_combined__type_support_c.cpp.o[0m
[79.172s] [ 83%] [32mBuilding CXX object CMakeFiles/px4_msgs__rosidl_typesupport_fastrtps_c.dir/rosidl_typesupport_fastrtps_c/px4_msgs/msg/detail/sensor_correction__type_support_c.cpp.o[0m
[79.191s] [ 83%] [32mBuilding CXX object CMakeFiles/px4_msgs__rosidl_typesupport_fastrtps_cpp.dir/rosidl_typesupport_fastrtps_cpp/px4_msgs/msg/detail/dds_fastrtps/vehicle_constraints__type_support.cpp.o[0m
[79.215s] [ 83%] [32mBuilding CXX object CMakeFiles/px4_msgs__rosidl_typesupport_fastrtps_c.dir/rosidl_typesupport_fastrtps_c/px4_msgs/msg/detail/sensor_gnss_relative__type_support_c.cpp.o[0m
[79.294s] [ 83%] [32mBuilding CXX object CMakeFiles/px4_msgs__rosidl_typesupport_fastrtps_c.dir/rosidl_typesupport_fastrtps_c/px4_msgs/msg/detail/sensor_gps__type_support_c.cpp.o[0m
[79.331s] [ 83%] [32mBuilding CXX object CMakeFiles/px4_msgs__rosidl_typesupport_fastrtps_cpp.dir/rosidl_typesupport_fastrtps_cpp/px4_msgs/msg/detail/dds_fastrtps/vehicle_control_mode__type_support.cpp.o[0m
[79.359s] [ 83%] [32mBuilding CXX object CMakeFiles/px4_msgs__rosidl_typesupport_fastrtps_cpp.dir/rosidl_typesupport_fastrtps_cpp/px4_msgs/msg/detail/dds_fastrtps/vehicle_global_position__type_support.cpp.o[0m
[79.374s] [ 83%] [32mBuilding CXX object CMakeFiles/px4_msgs__rosidl_typesupport_fastrtps_c.dir/rosidl_typesupport_fastrtps_c/px4_msgs/msg/detail/sensor_gyro__type_support_c.cpp.o[0m
[79.388s] [ 83%] [32mBuilding CXX object CMakeFiles/px4_msgs__rosidl_typesupport_fastrtps_cpp.dir/rosidl_typesupport_fastrtps_cpp/px4_msgs/msg/detail/dds_fastrtps/vehicle_imu__type_support.cpp.o[0m
[79.430s] [ 83%] [32mBuilding CXX object CMakeFiles/px4_msgs__rosidl_typesupport_fastrtps_cpp.dir/rosidl_typesupport_fastrtps_cpp/px4_msgs/msg/detail/dds_fastrtps/vehicle_imu_status__type_support.cpp.o[0m
[79.445s] [ 83%] [32mBuilding CXX object CMakeFiles/px4_msgs__rosidl_typesupport_fastrtps_c.dir/rosidl_typesupport_fastrtps_c/px4_msgs/msg/detail/sensor_gyro_fft__type_support_c.cpp.o[0m
[79.449s] [ 83%] [32mBuilding CXX object CMakeFiles/px4_msgs__rosidl_typesupport_fastrtps_cpp.dir/rosidl_typesupport_fastrtps_cpp/px4_msgs/msg/detail/dds_fastrtps/vehicle_land_detected__type_support.cpp.o[0m
[79.528s] [ 83%] [32mBuilding CXX object CMakeFiles/px4_msgs__rosidl_typesupport_fastrtps_cpp.dir/rosidl_typesupport_fastrtps_cpp/px4_msgs/msg/detail/dds_fastrtps/vehicle_local_position__type_support.cpp.o[0m
[79.577s] [ 83%] [32mBuilding CXX object CMakeFiles/px4_msgs__rosidl_typesupport_fastrtps_cpp.dir/rosidl_typesupport_fastrtps_cpp/px4_msgs/msg/detail/dds_fastrtps/vehicle_local_position_setpoint__type_support.cpp.o[0m
[79.578s] [ 84%] [32mBuilding CXX object CMakeFiles/px4_msgs__rosidl_typesupport_fastrtps_cpp.dir/rosidl_typesupport_fastrtps_cpp/px4_msgs/msg/detail/dds_fastrtps/vehicle_magnetometer__type_support.cpp.o[0m
[79.630s] [ 84%] [32mBuilding CXX object CMakeFiles/px4_msgs__rosidl_typesupport_fastrtps_cpp.dir/rosidl_typesupport_fastrtps_cpp/px4_msgs/msg/detail/dds_fastrtps/vehicle_odometry__type_support.cpp.o[0m
[79.632s] [ 84%] [32mBuilding CXX object CMakeFiles/px4_msgs__rosidl_typesupport_fastrtps_cpp.dir/rosidl_typesupport_fastrtps_cpp/px4_msgs/msg/detail/dds_fastrtps/vehicle_optical_flow__type_support.cpp.o[0m
[79.677s] [ 84%] [32mBuilding CXX object CMakeFiles/px4_msgs__rosidl_typesupport_fastrtps_cpp.dir/rosidl_typesupport_fastrtps_cpp/px4_msgs/msg/detail/dds_fastrtps/vehicle_optical_flow_vel__type_support.cpp.o[0m
[79.737s] [ 84%] [32mBuilding CXX object CMakeFiles/px4_msgs__rosidl_typesupport_fastrtps_cpp.dir/rosidl_typesupport_fastrtps_cpp/px4_msgs/msg/detail/dds_fastrtps/vehicle_rates_setpoint__type_support.cpp.o[0m
[79.764s] [ 84%] [32mBuilding CXX object CMakeFiles/px4_msgs__rosidl_typesupport_fastrtps_c.dir/rosidl_typesupport_fastrtps_c/px4_msgs/msg/detail/sensor_gyro_fifo__type_support_c.cpp.o[0m
[79.821s] [ 84%] [32mBuilding CXX object CMakeFiles/px4_msgs__rosidl_typesupport_fastrtps_cpp.dir/rosidl_typesupport_fastrtps_cpp/px4_msgs/msg/detail/dds_fastrtps/vehicle_roi__type_support.cpp.o[0m
[79.865s] [ 84%] [32mBuilding CXX object CMakeFiles/px4_msgs__rosidl_typesupport_fastrtps_cpp.dir/rosidl_typesupport_fastrtps_cpp/px4_msgs/msg/detail/dds_fastrtps/vehicle_status__type_support.cpp.o[0m
[79.928s] [ 84%] [32mBuilding CXX object CMakeFiles/px4_msgs__rosidl_typesupport_fastrtps_c.dir/rosidl_typesupport_fastrtps_c/px4_msgs/msg/detail/sensor_hygrometer__type_support_c.cpp.o[0m
[79.948s] [ 84%] [32mBuilding CXX object CMakeFiles/px4_msgs__rosidl_typesupport_fastrtps_c.dir/rosidl_typesupport_fastrtps_c/px4_msgs/msg/detail/sensor_mag__type_support_c.cpp.o[0m
[79.955s] [ 84%] [32mBuilding CXX object CMakeFiles/px4_msgs__rosidl_typesupport_fastrtps_cpp.dir/rosidl_typesupport_fastrtps_cpp/px4_msgs/msg/detail/dds_fastrtps/vehicle_thrust_setpoint__type_support.cpp.o[0m
[79.984s] [ 84%] [32mBuilding CXX object CMakeFiles/px4_msgs__rosidl_typesupport_fastrtps_c.dir/rosidl_typesupport_fastrtps_c/px4_msgs/msg/detail/sensor_optical_flow__type_support_c.cpp.o[0m
[80.048s] [ 84%] [32mBuilding CXX object CMakeFiles/px4_msgs__rosidl_typesupport_fastrtps_c.dir/rosidl_typesupport_fastrtps_c/px4_msgs/msg/detail/sensor_preflight_mag__type_support_c.cpp.o[0m
[80.055s] [ 85%] [32mBuilding CXX object CMakeFiles/px4_msgs__rosidl_typesupport_fastrtps_c.dir/rosidl_typesupport_fastrtps_c/px4_msgs/msg/detail/sensor_selection__type_support_c.cpp.o[0m
[80.149s] [ 85%] [32mBuilding CXX object CMakeFiles/px4_msgs__rosidl_typesupport_fastrtps_c.dir/rosidl_typesupport_fastrtps_c/px4_msgs/msg/detail/sensor_uwb__type_support_c.cpp.o[0m
[80.175s] [ 85%] [32mBuilding CXX object CMakeFiles/px4_msgs__rosidl_typesupport_fastrtps_c.dir/rosidl_typesupport_fastrtps_c/px4_msgs/msg/detail/sensors_status__type_support_c.cpp.o[0m
[80.182s] [ 85%] [32mBuilding CXX object CMakeFiles/px4_msgs__rosidl_typesupport_fastrtps_c.dir/rosidl_typesupport_fastrtps_c/px4_msgs/msg/detail/sensors_status_imu__type_support_c.cpp.o[0m
[80.234s] [ 85%] [32mBuilding CXX object CMakeFiles/px4_msgs__rosidl_typesupport_fastrtps_c.dir/rosidl_typesupport_fastrtps_c/px4_msgs/msg/detail/system_power__type_support_c.cpp.o[0m
[80.253s] [ 85%] [32mBuilding CXX object CMakeFiles/px4_msgs__rosidl_typesupport_fastrtps_c.dir/rosidl_typesupport_fastrtps_c/px4_msgs/msg/detail/takeoff_status__type_support_c.cpp.o[0m
[80.255s] [ 85%] [32mBuilding CXX object CMakeFiles/px4_msgs__rosidl_typesupport_fastrtps_cpp.dir/rosidl_typesupport_fastrtps_cpp/px4_msgs/msg/detail/dds_fastrtps/vehicle_torque_setpoint__type_support.cpp.o[0m
[80.266s] [ 85%] [32mBuilding CXX object CMakeFiles/px4_msgs__rosidl_typesupport_fastrtps_cpp.dir/rosidl_typesupport_fastrtps_cpp/px4_msgs/msg/detail/dds_fastrtps/vehicle_trajectory_bezier__type_support.cpp.o[0m
[80.345s] [ 85%] [32mBuilding CXX object CMakeFiles/px4_msgs__rosidl_typesupport_fastrtps_c.dir/rosidl_typesupport_fastrtps_c/px4_msgs/msg/detail/task_stack_info__type_support_c.cpp.o[0m
[80.417s] [ 85%] [32mBuilding CXX object CMakeFiles/px4_msgs__rosidl_typesupport_fastrtps_c.dir/rosidl_typesupport_fastrtps_c/px4_msgs/msg/detail/tecs_status__type_support_c.cpp.o[0m
[80.428s] [ 85%] [32mBuilding CXX object CMakeFiles/px4_msgs__rosidl_typesupport_fastrtps_cpp.dir/rosidl_typesupport_fastrtps_cpp/px4_msgs/msg/detail/dds_fastrtps/vehicle_trajectory_waypoint__type_support.cpp.o[0m
[80.455s] [ 85%] [32mBuilding CXX object CMakeFiles/px4_msgs__rosidl_typesupport_fastrtps_cpp.dir/rosidl_typesupport_fastrtps_cpp/px4_msgs/msg/detail/dds_fastrtps/vtol_vehicle_status__type_support.cpp.o[0m
[80.474s] [ 85%] [32mBuilding CXX object CMakeFiles/px4_msgs__rosidl_typesupport_fastrtps_cpp.dir/rosidl_typesupport_fastrtps_cpp/px4_msgs/msg/detail/dds_fastrtps/wind__type_support.cpp.o[0m
[80.477s] [ 85%] [32mBuilding CXX object CMakeFiles/px4_msgs__rosidl_typesupport_fastrtps_c.dir/rosidl_typesupport_fastrtps_c/px4_msgs/msg/detail/telemetry_status__type_support_c.cpp.o[0m
[80.531s] [ 85%] [32mBuilding CXX object CMakeFiles/px4_msgs__rosidl_typesupport_fastrtps_c.dir/rosidl_typesupport_fastrtps_c/px4_msgs/msg/detail/tiltrotor_extra_controls__type_support_c.cpp.o[0m
[80.565s] [ 85%] [32mBuilding CXX object CMakeFiles/px4_msgs__rosidl_typesupport_fastrtps_c.dir/rosidl_typesupport_fastrtps_c/px4_msgs/msg/detail/trajectory_bezier__type_support_c.cpp.o[0m
[80.572s] [ 85%] [32mBuilding CXX object CMakeFiles/px4_msgs__rosidl_typesupport_fastrtps_c.dir/rosidl_typesupport_fastrtps_c/px4_msgs/msg/detail/timesync_status__type_support_c.cpp.o[0m
[80.676s] [ 85%] [32mBuilding CXX object CMakeFiles/px4_msgs__rosidl_typesupport_fastrtps_cpp.dir/rosidl_typesupport_fastrtps_cpp/px4_msgs/msg/detail/dds_fastrtps/yaw_estimator_status__type_support.cpp.o[0m
[80.707s] [ 85%] [32mBuilding CXX object CMakeFiles/px4_msgs__rosidl_typesupport_fastrtps_c.dir/rosidl_typesupport_fastrtps_c/px4_msgs/msg/detail/trajectory_setpoint__type_support_c.cpp.o[0m
[80.725s] [ 85%] [32mBuilding CXX object CMakeFiles/px4_msgs__rosidl_typesupport_fastrtps_c.dir/rosidl_typesupport_fastrtps_c/px4_msgs/msg/detail/trajectory_waypoint__type_support_c.cpp.o[0m
[80.745s] [ 86%] [32mBuilding CXX object CMakeFiles/px4_msgs__rosidl_typesupport_fastrtps_c.dir/rosidl_typesupport_fastrtps_c/px4_msgs/msg/detail/transponder_report__type_support_c.cpp.o[0m
[80.779s] [ 86%] [32mBuilding CXX object CMakeFiles/px4_msgs__rosidl_typesupport_fastrtps_c.dir/rosidl_typesupport_fastrtps_c/px4_msgs/msg/detail/tune_control__type_support_c.cpp.o[0m
[80.868s] [ 86%] [32mBuilding CXX object CMakeFiles/px4_msgs__rosidl_typesupport_fastrtps_c.dir/rosidl_typesupport_fastrtps_c/px4_msgs/msg/detail/uavcan_parameter_request__type_support_c.cpp.o[0m
[80.881s] [ 86%] [32mBuilding CXX object CMakeFiles/px4_msgs__rosidl_typesupport_fastrtps_c.dir/rosidl_typesupport_fastrtps_c/px4_msgs/msg/detail/uavcan_parameter_value__type_support_c.cpp.o[0m
[80.922s] [ 86%] [32mBuilding CXX object CMakeFiles/px4_msgs__rosidl_typesupport_fastrtps_c.dir/rosidl_typesupport_fastrtps_c/px4_msgs/msg/detail/ulog_stream__type_support_c.cpp.o[0m
[80.933s] [ 86%] [32mBuilding CXX object CMakeFiles/px4_msgs__rosidl_typesupport_fastrtps_c.dir/rosidl_typesupport_fastrtps_c/px4_msgs/msg/detail/ulog_stream_ack__type_support_c.cpp.o[0m
[81.011s] [ 86%] [32mBuilding CXX object CMakeFiles/px4_msgs__rosidl_typesupport_fastrtps_c.dir/rosidl_typesupport_fastrtps_c/px4_msgs/msg/detail/vehicle_acceleration__type_support_c.cpp.o[0m
[81.025s] [ 86%] [32mBuilding CXX object CMakeFiles/px4_msgs__rosidl_typesupport_fastrtps_c.dir/rosidl_typesupport_fastrtps_c/px4_msgs/msg/detail/vehicle_air_data__type_support_c.cpp.o[0m
[81.033s] [ 86%] [32mBuilding CXX object CMakeFiles/px4_msgs__rosidl_typesupport_fastrtps_c.dir/rosidl_typesupport_fastrtps_c/px4_msgs/msg/detail/vehicle_angular_acceleration_setpoint__type_support_c.cpp.o[0m
[81.102s] [ 86%] [32mBuilding CXX object CMakeFiles/px4_msgs__rosidl_typesupport_fastrtps_c.dir/rosidl_typesupport_fastrtps_c/px4_msgs/msg/detail/vehicle_angular_velocity__type_support_c.cpp.o[0m
[81.113s] [ 86%] [32mBuilding CXX object CMakeFiles/px4_msgs__rosidl_typesupport_fastrtps_c.dir/rosidl_typesupport_fastrtps_c/px4_msgs/msg/detail/vehicle_attitude__type_support_c.cpp.o[0m
[81.166s] [ 86%] [32mBuilding CXX object CMakeFiles/px4_msgs__rosidl_typesupport_fastrtps_c.dir/rosidl_typesupport_fastrtps_c/px4_msgs/msg/detail/vehicle_command__type_support_c.cpp.o[0m
[81.167s] [ 86%] [32mBuilding CXX object CMakeFiles/px4_msgs__rosidl_typesupport_fastrtps_c.dir/rosidl_typesupport_fastrtps_c/px4_msgs/msg/detail/vehicle_attitude_setpoint__type_support_c.cpp.o[0m
[81.224s] [ 86%] [32mBuilding CXX object CMakeFiles/px4_msgs__rosidl_typesupport_fastrtps_c.dir/rosidl_typesupport_fastrtps_c/px4_msgs/msg/detail/vehicle_command_ack__type_support_c.cpp.o[0m
[81.257s] [ 86%] [32mBuilding CXX object CMakeFiles/px4_msgs__rosidl_typesupport_fastrtps_c.dir/rosidl_typesupport_fastrtps_c/px4_msgs/msg/detail/vehicle_constraints__type_support_c.cpp.o[0m
[81.266s] [ 87%] [32mBuilding CXX object CMakeFiles/px4_msgs__rosidl_typesupport_fastrtps_c.dir/rosidl_typesupport_fastrtps_c/px4_msgs/msg/detail/vehicle_control_mode__type_support_c.cpp.o[0m
[81.281s] [ 87%] [32m[1mLinking CXX shared library libpx4_msgs__rosidl_typesupport_fastrtps_cpp.so[0m
[81.313s] [ 87%] [32mBuilding CXX object CMakeFiles/px4_msgs__rosidl_typesupport_fastrtps_c.dir/rosidl_typesupport_fastrtps_c/px4_msgs/msg/detail/vehicle_global_position__type_support_c.cpp.o[0m
[81.386s] [ 87%] [32mBuilding CXX object CMakeFiles/px4_msgs__rosidl_typesupport_fastrtps_c.dir/rosidl_typesupport_fastrtps_c/px4_msgs/msg/detail/vehicle_imu__type_support_c.cpp.o[0m
[81.402s] [ 87%] [32mBuilding CXX object CMakeFiles/px4_msgs__rosidl_typesupport_fastrtps_c.dir/rosidl_typesupport_fastrtps_c/px4_msgs/msg/detail/vehicle_imu_status__type_support_c.cpp.o[0m
[81.421s] [ 87%] [32mBuilding CXX object CMakeFiles/px4_msgs__rosidl_typesupport_fastrtps_c.dir/rosidl_typesupport_fastrtps_c/px4_msgs/msg/detail/vehicle_land_detected__type_support_c.cpp.o[0m
[81.450s] [ 87%] [32mBuilding CXX object CMakeFiles/px4_msgs__rosidl_typesupport_fastrtps_c.dir/rosidl_typesupport_fastrtps_c/px4_msgs/msg/detail/vehicle_local_position__type_support_c.cpp.o[0m
[81.504s] [ 87%] [32mBuilding CXX object CMakeFiles/px4_msgs__rosidl_typesupport_fastrtps_c.dir/rosidl_typesupport_fastrtps_c/px4_msgs/msg/detail/vehicle_local_position_setpoint__type_support_c.cpp.o[0m
[81.526s] [ 87%] [32mBuilding CXX object CMakeFiles/px4_msgs__rosidl_typesupport_fastrtps_c.dir/rosidl_typesupport_fastrtps_c/px4_msgs/msg/detail/vehicle_magnetometer__type_support_c.cpp.o[0m
[81.542s] [ 87%] [32mBuilding CXX object CMakeFiles/px4_msgs__rosidl_typesupport_fastrtps_c.dir/rosidl_typesupport_fastrtps_c/px4_msgs/msg/detail/vehicle_odometry__type_support_c.cpp.o[0m
[81.574s] [ 87%] Built target px4_msgs__rosidl_typesupport_fastrtps_cpp
[81.588s] [ 87%] [32mBuilding CXX object CMakeFiles/px4_msgs__rosidl_typesupport_fastrtps_c.dir/rosidl_typesupport_fastrtps_c/px4_msgs/msg/detail/vehicle_optical_flow__type_support_c.cpp.o[0m
[81.604s] [ 87%] [32mBuilding CXX object CMakeFiles/px4_msgs__rosidl_typesupport_fastrtps_c.dir/rosidl_typesupport_fastrtps_c/px4_msgs/msg/detail/vehicle_optical_flow_vel__type_support_c.cpp.o[0m
[81.634s] [ 87%] [32mBuilding CXX object CMakeFiles/px4_msgs__rosidl_typesupport_fastrtps_c.dir/rosidl_typesupport_fastrtps_c/px4_msgs/msg/detail/vehicle_rates_setpoint__type_support_c.cpp.o[0m
[81.695s] [ 87%] [32mBuilding CXX object CMakeFiles/px4_msgs__rosidl_typesupport_fastrtps_c.dir/rosidl_typesupport_fastrtps_c/px4_msgs/msg/detail/vehicle_roi__type_support_c.cpp.o[0m
[81.696s] [ 87%] [32mBuilding CXX object CMakeFiles/px4_msgs__rosidl_typesupport_fastrtps_c.dir/rosidl_typesupport_fastrtps_c/px4_msgs/msg/detail/vehicle_status__type_support_c.cpp.o[0m
[81.742s] [ 87%] [32mBuilding CXX object CMakeFiles/px4_msgs__rosidl_typesupport_fastrtps_c.dir/rosidl_typesupport_fastrtps_c/px4_msgs/msg/detail/vehicle_thrust_setpoint__type_support_c.cpp.o[0m
[81.749s] [ 88%] [32mBuilding CXX object CMakeFiles/px4_msgs__rosidl_typesupport_fastrtps_c.dir/rosidl_typesupport_fastrtps_c/px4_msgs/msg/detail/vehicle_torque_setpoint__type_support_c.cpp.o[0m
[81.767s] [ 88%] [32mBuilding CXX object CMakeFiles/px4_msgs__rosidl_typesupport_fastrtps_c.dir/rosidl_typesupport_fastrtps_c/px4_msgs/msg/detail/vehicle_trajectory_bezier__type_support_c.cpp.o[0m
[81.838s] [ 88%] [32mBuilding CXX object CMakeFiles/px4_msgs__rosidl_typesupport_fastrtps_c.dir/rosidl_typesupport_fastrtps_c/px4_msgs/msg/detail/vehicle_trajectory_waypoint__type_support_c.cpp.o[0m
[81.884s] [ 88%] [32mBuilding CXX object CMakeFiles/px4_msgs__rosidl_typesupport_fastrtps_c.dir/rosidl_typesupport_fastrtps_c/px4_msgs/msg/detail/vtol_vehicle_status__type_support_c.cpp.o[0m
[81.908s] [ 88%] [32mBuilding CXX object CMakeFiles/px4_msgs__rosidl_typesupport_fastrtps_c.dir/rosidl_typesupport_fastrtps_c/px4_msgs/msg/detail/wind__type_support_c.cpp.o[0m
[81.921s] [ 88%] [32mBuilding CXX object CMakeFiles/px4_msgs__rosidl_typesupport_fastrtps_c.dir/rosidl_typesupport_fastrtps_c/px4_msgs/msg/detail/yaw_estimator_status__type_support_c.cpp.o[0m
[82.325s] [ 88%] [32m[1mLinking CXX shared library libpx4_msgs__rosidl_typesupport_fastrtps_c.so[0m
[82.429s] [ 88%] Built target px4_msgs__rosidl_typesupport_fastrtps_c
[82.442s] [ 88%] Built target px4_msgs
[82.460s] [ 88%] [34m[1mGenerating Python code for ROS interfaces[0m
[134.806s] [ 88%] Built target px4_msgs__py
[134.828s] [ 88%] [32mBuilding C object CMakeFiles/px4_msgs__rosidl_generator_py.dir/rosidl_generator_py/px4_msgs/msg/_actuator_servos_s.c.o[0m
[134.828s] [ 88%] [32mBuilding C object CMakeFiles/px4_msgs__rosidl_generator_py.dir/rosidl_generator_py/px4_msgs/msg/_actuator_controls_status_s.c.o[0m
[134.829s] [ 88%] [32mBuilding C object CMakeFiles/px4_msgs__rosidl_generator_py.dir/rosidl_generator_py/px4_msgs/msg/_action_request_s.c.o[0m
[134.829s] [ 88%] [32mBuilding C object CMakeFiles/px4_msgs__rosidl_generator_py.dir/rosidl_generator_py/px4_msgs/msg/_actuator_armed_s.c.o[0m
[134.829s] [ 88%] [32mBuilding C object CMakeFiles/px4_msgs__rosidl_generator_py.dir/rosidl_generator_py/px4_msgs/msg/_actuator_outputs_s.c.o[0m
[134.829s] [ 89%] [32mBuilding C object CMakeFiles/px4_msgs__rosidl_generator_py.dir/rosidl_generator_py/px4_msgs/msg/_actuator_test_s.c.o[0m
[134.830s] [ 89%] [32mBuilding C object CMakeFiles/px4_msgs__rosidl_generator_py.dir/rosidl_generator_py/px4_msgs/msg/_actuator_servos_trim_s.c.o[0m
[134.830s] [ 89%] [32mBuilding C object CMakeFiles/px4_msgs__rosidl_generator_py.dir/rosidl_generator_py/px4_msgs/msg/_actuator_motors_s.c.o[0m
[134.830s] [ 89%] [32mBuilding C object CMakeFiles/px4_msgs__rosidl_generator_py.dir/rosidl_generator_py/px4_msgs/msg/_airspeed_s.c.o[0m
[134.830s] [ 89%] [32mBuilding C object CMakeFiles/px4_msgs__rosidl_generator_py.dir/rosidl_generator_py/px4_msgs/msg/_airspeed_validated_s.c.o[0m
[134.830s] [ 89%] [32mBuilding C object CMakeFiles/px4_msgs__rosidl_generator_py.dir/rosidl_generator_py/px4_msgs/msg/_adc_report_s.c.o[0m
[134.830s] [ 89%] [32mBuilding C object CMakeFiles/px4_msgs__rosidl_generator_py.dir/rosidl_generator_py/px4_msgs/msg/_airspeed_wind_s.c.o[0m
[134.830s] [ 89%] [32mBuilding C object CMakeFiles/px4_msgs__rosidl_generator_py.dir/rosidl_generator_py/px4_msgs/msg/_autotune_attitude_control_status_s.c.o[0m
[134.830s] [ 89%] [32mBuilding C object CMakeFiles/px4_msgs__rosidl_generator_py.dir/rosidl_generator_py/px4_msgs/msg/_button_event_s.c.o[0m
[134.830s] [ 89%] [32mBuilding C object CMakeFiles/px4_msgs__rosidl_generator_py.dir/rosidl_generator_py/px4_msgs/msg/_battery_status_s.c.o[0m
[134.831s] [ 89%] [32mBuilding C object CMakeFiles/px4_msgs__rosidl_generator_py.dir/rosidl_generator_py/px4_msgs/msg/_camera_capture_s.c.o[0m
[134.992s] [ 89%] [32mBuilding C object CMakeFiles/px4_msgs__rosidl_generator_py.dir/rosidl_generator_py/px4_msgs/msg/_camera_status_s.c.o[0m
[134.996s] [ 89%] [32mBuilding C object CMakeFiles/px4_msgs__rosidl_generator_py.dir/rosidl_generator_py/px4_msgs/msg/_camera_trigger_s.c.o[0m
[135.003s] [ 89%] [32mBuilding C object CMakeFiles/px4_msgs__rosidl_generator_py.dir/rosidl_generator_py/px4_msgs/msg/_cellular_status_s.c.o[0m
[135.003s] [ 89%] [32mBuilding C object CMakeFiles/px4_msgs__rosidl_generator_py.dir/rosidl_generator_py/px4_msgs/msg/_collision_constraints_s.c.o[0m
[135.008s] [ 89%] [32mBuilding C object CMakeFiles/px4_msgs__rosidl_generator_py.dir/rosidl_generator_py/px4_msgs/msg/_cpuload_s.c.o[0m
[135.008s] [ 89%] [32mBuilding C object CMakeFiles/px4_msgs__rosidl_generator_py.dir/rosidl_generator_py/px4_msgs/msg/_collision_report_s.c.o[0m
[135.008s] [ 89%] [32mBuilding C object CMakeFiles/px4_msgs__rosidl_generator_py.dir/rosidl_generator_py/px4_msgs/msg/_debug_array_s.c.o[0m
[135.008s] [ 89%] [32mBuilding C object CMakeFiles/px4_msgs__rosidl_generator_py.dir/rosidl_generator_py/px4_msgs/msg/_debug_key_value_s.c.o[0m
[135.009s] [ 90%] [32mBuilding C object CMakeFiles/px4_msgs__rosidl_generator_py.dir/rosidl_generator_py/px4_msgs/msg/_control_allocator_status_s.c.o[0m
[135.011s] [ 90%] [32mBuilding C object CMakeFiles/px4_msgs__rosidl_generator_py.dir/rosidl_generator_py/px4_msgs/msg/_debug_value_s.c.o[0m
[135.013s] [ 90%] [32mBuilding C object CMakeFiles/px4_msgs__rosidl_generator_py.dir/rosidl_generator_py/px4_msgs/msg/_distance_sensor_s.c.o[0m
[135.018s] [ 90%] [32mBuilding C object CMakeFiles/px4_msgs__rosidl_generator_py.dir/rosidl_generator_py/px4_msgs/msg/_differential_pressure_s.c.o[0m
[135.020s] [ 90%] [32mBuilding C object CMakeFiles/px4_msgs__rosidl_generator_py.dir/rosidl_generator_py/px4_msgs/msg/_debug_vect_s.c.o[0m
[135.038s] [ 90%] [32mBuilding C object CMakeFiles/px4_msgs__rosidl_generator_py.dir/rosidl_generator_py/px4_msgs/msg/_ekf2_timestamps_s.c.o[0m
[135.044s] [ 90%] [32mBuilding C object CMakeFiles/px4_msgs__rosidl_generator_py.dir/rosidl_generator_py/px4_msgs/msg/_esc_report_s.c.o[0m
[135.060s] [ 90%] [32mBuilding C object CMakeFiles/px4_msgs__rosidl_generator_py.dir/rosidl_generator_py/px4_msgs/msg/_esc_status_s.c.o[0m
[135.127s] [ 90%] [32mBuilding C object CMakeFiles/px4_msgs__rosidl_generator_py.dir/rosidl_generator_py/px4_msgs/msg/_estimator_aid_source1d_s.c.o[0m
[135.131s] [ 90%] [32mBuilding C object CMakeFiles/px4_msgs__rosidl_generator_py.dir/rosidl_generator_py/px4_msgs/msg/_estimator_aid_source2d_s.c.o[0m
[135.147s] [ 90%] [32mBuilding C object CMakeFiles/px4_msgs__rosidl_generator_py.dir/rosidl_generator_py/px4_msgs/msg/_estimator_aid_source3d_s.c.o[0m
[135.147s] [ 90%] [32mBuilding C object CMakeFiles/px4_msgs__rosidl_generator_py.dir/rosidl_generator_py/px4_msgs/msg/_estimator_bias_s.c.o[0m
[135.147s] [ 91%] [32mBuilding C object CMakeFiles/px4_msgs__rosidl_generator_py.dir/rosidl_generator_py/px4_msgs/msg/_estimator_bias3d_s.c.o[0m
[135.149s] [ 91%] [32mBuilding C object CMakeFiles/px4_msgs__rosidl_generator_py.dir/rosidl_generator_py/px4_msgs/msg/_estimator_event_flags_s.c.o[0m
[135.164s] [ 91%] [32mBuilding C object CMakeFiles/px4_msgs__rosidl_generator_py.dir/rosidl_generator_py/px4_msgs/msg/_estimator_gps_status_s.c.o[0m
[135.165s] [ 91%] [32mBuilding C object CMakeFiles/px4_msgs__rosidl_generator_py.dir/rosidl_generator_py/px4_msgs/msg/_estimator_innovations_s.c.o[0m
[135.165s] [ 91%] [32mBuilding C object CMakeFiles/px4_msgs__rosidl_generator_py.dir/rosidl_generator_py/px4_msgs/msg/_estimator_selector_status_s.c.o[0m
[135.165s] [ 91%] [32mBuilding C object CMakeFiles/px4_msgs__rosidl_generator_py.dir/rosidl_generator_py/px4_msgs/msg/_estimator_sensor_bias_s.c.o[0m
[135.165s] [ 91%] [32mBuilding C object CMakeFiles/px4_msgs__rosidl_generator_py.dir/rosidl_generator_py/px4_msgs/msg/_estimator_states_s.c.o[0m
[135.165s] [ 91%] [32mBuilding C object CMakeFiles/px4_msgs__rosidl_generator_py.dir/rosidl_generator_py/px4_msgs/msg/_estimator_status_s.c.o[0m
[135.175s] [ 91%] [32mBuilding C object CMakeFiles/px4_msgs__rosidl_generator_py.dir/rosidl_generator_py/px4_msgs/msg/_estimator_status_flags_s.c.o[0m
[135.192s] [ 91%] [32mBuilding C object CMakeFiles/px4_msgs__rosidl_generator_py.dir/rosidl_generator_py/px4_msgs/msg/_failsafe_flags_s.c.o[0m
[135.193s] [ 91%] [32mBuilding C object CMakeFiles/px4_msgs__rosidl_generator_py.dir/rosidl_generator_py/px4_msgs/msg/_event_s.c.o[0m
[135.208s] [ 91%] [32mBuilding C object CMakeFiles/px4_msgs__rosidl_generator_py.dir/rosidl_generator_py/px4_msgs/msg/_failure_detector_status_s.c.o[0m
[135.270s] [ 91%] [32mBuilding C object CMakeFiles/px4_msgs__rosidl_generator_py.dir/rosidl_generator_py/px4_msgs/msg/_follow_target_s.c.o[0m
[135.290s] [ 91%] [32mBuilding C object CMakeFiles/px4_msgs__rosidl_generator_py.dir/rosidl_generator_py/px4_msgs/msg/_follow_target_estimator_s.c.o[0m
[135.304s] [ 91%] [32mBuilding C object CMakeFiles/px4_msgs__rosidl_generator_py.dir/rosidl_generator_py/px4_msgs/msg/_follow_target_status_s.c.o[0m
[135.311s] [ 92%] [32mBuilding C object CMakeFiles/px4_msgs__rosidl_generator_py.dir/rosidl_generator_py/px4_msgs/msg/_generator_status_s.c.o[0m
[135.317s] [ 92%] [32mBuilding C object CMakeFiles/px4_msgs__rosidl_generator_py.dir/rosidl_generator_py/px4_msgs/msg/_geofence_result_s.c.o[0m
[135.320s] [ 92%] [32mBuilding C object CMakeFiles/px4_msgs__rosidl_generator_py.dir/rosidl_generator_py/px4_msgs/msg/_gimbal_controls_s.c.o[0m
[135.323s] [ 92%] [32mBuilding C object CMakeFiles/px4_msgs__rosidl_generator_py.dir/rosidl_generator_py/px4_msgs/msg/_gimbal_device_information_s.c.o[0m
[135.323s] [ 92%] [32mBuilding C object CMakeFiles/px4_msgs__rosidl_generator_py.dir/rosidl_generator_py/px4_msgs/msg/_gimbal_device_attitude_status_s.c.o[0m
[135.333s] [ 92%] [32mBuilding C object CMakeFiles/px4_msgs__rosidl_generator_py.dir/rosidl_generator_py/px4_msgs/msg/_gimbal_device_set_attitude_s.c.o[0m
[135.340s] [ 92%] [32mBuilding C object CMakeFiles/px4_msgs__rosidl_generator_py.dir/rosidl_generator_py/px4_msgs/msg/_gimbal_manager_information_s.c.o[0m
[135.347s] [ 92%] [32mBuilding C object CMakeFiles/px4_msgs__rosidl_generator_py.dir/rosidl_generator_py/px4_msgs/msg/_gimbal_manager_set_attitude_s.c.o[0m
[135.347s] [ 92%] [32mBuilding C object CMakeFiles/px4_msgs__rosidl_generator_py.dir/rosidl_generator_py/px4_msgs/msg/_gimbal_manager_set_manual_control_s.c.o[0m
[135.359s] [ 92%] [32mBuilding C object CMakeFiles/px4_msgs__rosidl_generator_py.dir/rosidl_generator_py/px4_msgs/msg/_gimbal_manager_status_s.c.o[0m
[135.370s] [ 92%] [32mBuilding C object CMakeFiles/px4_msgs__rosidl_generator_py.dir/rosidl_generator_py/px4_msgs/msg/_gps_dump_s.c.o[0m
[135.370s] [ 92%] [32mBuilding C object CMakeFiles/px4_msgs__rosidl_generator_py.dir/rosidl_generator_py/px4_msgs/msg/_gps_inject_data_s.c.o[0m
[135.397s] [ 92%] [32mBuilding C object CMakeFiles/px4_msgs__rosidl_generator_py.dir/rosidl_generator_py/px4_msgs/msg/_gripper_s.c.o[0m
[135.404s] [ 92%] [32mBuilding C object CMakeFiles/px4_msgs__rosidl_generator_py.dir/rosidl_generator_py/px4_msgs/msg/_health_report_s.c.o[0m
[135.451s] [ 92%] [32mBuilding C object CMakeFiles/px4_msgs__rosidl_generator_py.dir/rosidl_generator_py/px4_msgs/msg/_heater_status_s.c.o[0m
[135.454s] [ 93%] [32mBuilding C object CMakeFiles/px4_msgs__rosidl_generator_py.dir/rosidl_generator_py/px4_msgs/msg/_home_position_s.c.o[0m
[135.458s] [ 93%] [32mBuilding C object CMakeFiles/px4_msgs__rosidl_generator_py.dir/rosidl_generator_py/px4_msgs/msg/_input_rc_s.c.o[0m
[135.458s] [ 93%] [32mBuilding C object CMakeFiles/px4_msgs__rosidl_generator_py.dir/rosidl_generator_py/px4_msgs/msg/_hover_thrust_estimate_s.c.o[0m
[135.473s] [ 93%] [32mBuilding C object CMakeFiles/px4_msgs__rosidl_generator_py.dir/rosidl_generator_py/px4_msgs/msg/_internal_combustion_engine_status_s.c.o[0m
[135.476s] [ 93%] [32mBuilding C object CMakeFiles/px4_msgs__rosidl_generator_py.dir/rosidl_generator_py/px4_msgs/msg/_iridiumsbd_status_s.c.o[0m
[135.490s] [ 93%] [32mBuilding C object CMakeFiles/px4_msgs__rosidl_generator_py.dir/rosidl_generator_py/px4_msgs/msg/_irlock_report_s.c.o[0m
[135.490s] [ 93%] [32mBuilding C object CMakeFiles/px4_msgs__rosidl_generator_py.dir/rosidl_generator_py/px4_msgs/msg/_landing_gear_s.c.o[0m
[135.493s] [ 93%] [32mBuilding C object CMakeFiles/px4_msgs__rosidl_generator_py.dir/rosidl_generator_py/px4_msgs/msg/_landing_gear_wheel_s.c.o[0m
[135.496s] [ 93%] [32mBuilding C object CMakeFiles/px4_msgs__rosidl_generator_py.dir/rosidl_generator_py/px4_msgs/msg/_landing_target_innovations_s.c.o[0m
[135.501s] [ 93%] [32mBuilding C object CMakeFiles/px4_msgs__rosidl_generator_py.dir/rosidl_generator_py/px4_msgs/msg/_landing_target_pose_s.c.o[0m
[135.506s] [ 93%] [32mBuilding C object CMakeFiles/px4_msgs__rosidl_generator_py.dir/rosidl_generator_py/px4_msgs/msg/_launch_detection_status_s.c.o[0m
[135.518s] [ 93%] [32mBuilding C object CMakeFiles/px4_msgs__rosidl_generator_py.dir/rosidl_generator_py/px4_msgs/msg/_led_control_s.c.o[0m
[135.531s] [ 93%] [32mBuilding C object CMakeFiles/px4_msgs__rosidl_generator_py.dir/rosidl_generator_py/px4_msgs/msg/_log_message_s.c.o[0m
[135.532s] [ 93%] [32mBuilding C object CMakeFiles/px4_msgs__rosidl_generator_py.dir/rosidl_generator_py/px4_msgs/msg/_logger_status_s.c.o[0m
[135.542s] [ 93%] [32mBuilding C object CMakeFiles/px4_msgs__rosidl_generator_py.dir/rosidl_generator_py/px4_msgs/msg/_mag_worker_data_s.c.o[0m
[135.601s] [ 94%] [32mBuilding C object CMakeFiles/px4_msgs__rosidl_generator_py.dir/rosidl_generator_py/px4_msgs/msg/_manual_control_setpoint_s.c.o[0m
[135.601s] [ 94%] [32mBuilding C object CMakeFiles/px4_msgs__rosidl_generator_py.dir/rosidl_generator_py/px4_msgs/msg/_magnetometer_bias_estimate_s.c.o[0m
[135.606s] [ 94%] [32mBuilding C object CMakeFiles/px4_msgs__rosidl_generator_py.dir/rosidl_generator_py/px4_msgs/msg/_manual_control_switches_s.c.o[0m
[135.616s] [ 94%] [32mBuilding C object CMakeFiles/px4_msgs__rosidl_generator_py.dir/rosidl_generator_py/px4_msgs/msg/_mavlink_log_s.c.o[0m
[135.625s] [ 94%] [32mBuilding C object CMakeFiles/px4_msgs__rosidl_generator_py.dir/rosidl_generator_py/px4_msgs/msg/_mavlink_tunnel_s.c.o[0m
[135.628s] [ 94%] [32mBuilding C object CMakeFiles/px4_msgs__rosidl_generator_py.dir/rosidl_generator_py/px4_msgs/msg/_mission_s.c.o[0m
[135.628s] [ 94%] [32mBuilding C object CMakeFiles/px4_msgs__rosidl_generator_py.dir/rosidl_generator_py/px4_msgs/msg/_mission_result_s.c.o[0m
[135.632s] [ 94%] [32mBuilding C object CMakeFiles/px4_msgs__rosidl_generator_py.dir/rosidl_generator_py/px4_msgs/msg/_mode_completed_s.c.o[0m
[135.638s] [ 94%] [32mBuilding C object CMakeFiles/px4_msgs__rosidl_generator_py.dir/rosidl_generator_py/px4_msgs/msg/_mount_orientation_s.c.o[0m
[135.642s] [ 94%] [32mBuilding C object CMakeFiles/px4_msgs__rosidl_generator_py.dir/rosidl_generator_py/px4_msgs/msg/_navigator_mission_item_s.c.o[0m
[135.643s] [ 94%] [32mBuilding C object CMakeFiles/px4_msgs__rosidl_generator_py.dir/rosidl_generator_py/px4_msgs/msg/_normalized_unsigned_setpoint_s.c.o[0m
[135.664s] [ 94%] [32mBuilding C object CMakeFiles/px4_msgs__rosidl_generator_py.dir/rosidl_generator_py/px4_msgs/msg/_obstacle_distance_s.c.o[0m
[135.664s] [ 94%] [32mBuilding C object CMakeFiles/px4_msgs__rosidl_generator_py.dir/rosidl_generator_py/px4_msgs/msg/_npfg_status_s.c.o[0m
[135.674s] [ 94%] [32mBuilding C object CMakeFiles/px4_msgs__rosidl_generator_py.dir/rosidl_generator_py/px4_msgs/msg/_offboard_control_mode_s.c.o[0m
[135.674s] [ 94%] [32mBuilding C object CMakeFiles/px4_msgs__rosidl_generator_py.dir/rosidl_generator_py/px4_msgs/msg/_onboard_computer_status_s.c.o[0m
[135.709s] [ 95%] [32mBuilding C object CMakeFiles/px4_msgs__rosidl_generator_py.dir/rosidl_generator_py/px4_msgs/msg/_orb_test_s.c.o[0m
[135.758s] [ 95%] [32mBuilding C object CMakeFiles/px4_msgs__rosidl_generator_py.dir/rosidl_generator_py/px4_msgs/msg/_orb_test_large_s.c.o[0m
[135.761s] [ 95%] [32mBuilding C object CMakeFiles/px4_msgs__rosidl_generator_py.dir/rosidl_generator_py/px4_msgs/msg/_orb_test_medium_s.c.o[0m
[135.765s] [ 95%] [32mBuilding C object CMakeFiles/px4_msgs__rosidl_generator_py.dir/rosidl_generator_py/px4_msgs/msg/_parameter_update_s.c.o[0m
[135.765s] [ 95%] [32mBuilding C object CMakeFiles/px4_msgs__rosidl_generator_py.dir/rosidl_generator_py/px4_msgs/msg/_orbit_status_s.c.o[0m
[135.765s] [ 95%] [32mBuilding C object CMakeFiles/px4_msgs__rosidl_generator_py.dir/rosidl_generator_py/px4_msgs/msg/_ping_s.c.o[0m
[135.768s] [ 95%] [32mBuilding C object CMakeFiles/px4_msgs__rosidl_generator_py.dir/rosidl_generator_py/px4_msgs/msg/_position_controller_landing_status_s.c.o[0m
[135.779s] [ 95%] [32mBuilding C object CMakeFiles/px4_msgs__rosidl_generator_py.dir/rosidl_generator_py/px4_msgs/msg/_position_controller_status_s.c.o[0m
[135.780s] [ 95%] [32mBuilding C object CMakeFiles/px4_msgs__rosidl_generator_py.dir/rosidl_generator_py/px4_msgs/msg/_position_setpoint_s.c.o[0m
[135.781s] [ 95%] [32mBuilding C object CMakeFiles/px4_msgs__rosidl_generator_py.dir/rosidl_generator_py/px4_msgs/msg/_position_setpoint_triplet_s.c.o[0m
[135.785s] [ 95%] [32mBuilding C object CMakeFiles/px4_msgs__rosidl_generator_py.dir/rosidl_generator_py/px4_msgs/msg/_power_button_state_s.c.o[0m
[135.804s] [ 95%] [32mBuilding C object CMakeFiles/px4_msgs__rosidl_generator_py.dir/rosidl_generator_py/px4_msgs/msg/_power_monitor_s.c.o[0m
[135.812s] [ 95%] [32mBuilding C object CMakeFiles/px4_msgs__rosidl_generator_py.dir/rosidl_generator_py/px4_msgs/msg/_pps_capture_s.c.o[0m
[135.815s] [ 95%] [32mBuilding C object CMakeFiles/px4_msgs__rosidl_generator_py.dir/rosidl_generator_py/px4_msgs/msg/_pwm_input_s.c.o[0m
[135.816s] [ 96%] [32mBuilding C object CMakeFiles/px4_msgs__rosidl_generator_py.dir/rosidl_generator_py/px4_msgs/msg/_px4io_status_s.c.o[0m
[135.843s] [ 96%] [32mBuilding C object CMakeFiles/px4_msgs__rosidl_generator_py.dir/rosidl_generator_py/px4_msgs/msg/_qshell_req_s.c.o[0m
[135.883s] [ 96%] [32mBuilding C object CMakeFiles/px4_msgs__rosidl_generator_py.dir/rosidl_generator_py/px4_msgs/msg/_qshell_retval_s.c.o[0m
[135.907s] [ 96%] [32mBuilding C object CMakeFiles/px4_msgs__rosidl_generator_py.dir/rosidl_generator_py/px4_msgs/msg/_radio_status_s.c.o[0m
[135.914s] [ 96%] [32mBuilding C object CMakeFiles/px4_msgs__rosidl_generator_py.dir/rosidl_generator_py/px4_msgs/msg/_rate_ctrl_status_s.c.o[0m
[135.914s] [ 96%] [32mBuilding C object CMakeFiles/px4_msgs__rosidl_generator_py.dir/rosidl_generator_py/px4_msgs/msg/_rc_parameter_map_s.c.o[0m
[135.914s] [ 96%] [32mBuilding C object CMakeFiles/px4_msgs__rosidl_generator_py.dir/rosidl_generator_py/px4_msgs/msg/_rc_channels_s.c.o[0m
[135.915s] [ 96%] [32mBuilding C object CMakeFiles/px4_msgs__rosidl_generator_py.dir/rosidl_generator_py/px4_msgs/msg/_rpm_s.c.o[0m
[135.920s] [ 96%] [32mBuilding C object CMakeFiles/px4_msgs__rosidl_generator_py.dir/rosidl_generator_py/px4_msgs/msg/_rtl_time_estimate_s.c.o[0m
[135.920s] [ 96%] [32mBuilding C object CMakeFiles/px4_msgs__rosidl_generator_py.dir/rosidl_generator_py/px4_msgs/msg/_satellite_info_s.c.o[0m
[135.930s] [ 96%] [32mBuilding C object CMakeFiles/px4_msgs__rosidl_generator_py.dir/rosidl_generator_py/px4_msgs/msg/_sensor_accel_fifo_s.c.o[0m
[135.931s] [ 96%] [32mBuilding C object CMakeFiles/px4_msgs__rosidl_generator_py.dir/rosidl_generator_py/px4_msgs/msg/_sensor_accel_s.c.o[0m
[135.938s] [ 96%] [32mBuilding C object CMakeFiles/px4_msgs__rosidl_generator_py.dir/rosidl_generator_py/px4_msgs/msg/_sensor_baro_s.c.o[0m
[135.955s] [ 96%] [32mBuilding C object CMakeFiles/px4_msgs__rosidl_generator_py.dir/rosidl_generator_py/px4_msgs/msg/_sensor_combined_s.c.o[0m
[135.955s] [ 96%] [32mBuilding C object CMakeFiles/px4_msgs__rosidl_generator_py.dir/rosidl_generator_py/px4_msgs/msg/_sensor_correction_s.c.o[0m
[135.959s] [ 97%] [32mBuilding C object CMakeFiles/px4_msgs__rosidl_generator_py.dir/rosidl_generator_py/px4_msgs/msg/_sensor_gnss_relative_s.c.o[0m
[135.992s] [ 97%] [32mBuilding C object CMakeFiles/px4_msgs__rosidl_generator_py.dir/rosidl_generator_py/px4_msgs/msg/_sensor_gps_s.c.o[0m
[136.019s] [ 97%] [32mBuilding C object CMakeFiles/px4_msgs__rosidl_generator_py.dir/rosidl_generator_py/px4_msgs/msg/_sensor_gyro_s.c.o[0m
[136.023s] [ 97%] [32mBuilding C object CMakeFiles/px4_msgs__rosidl_generator_py.dir/rosidl_generator_py/px4_msgs/msg/_sensor_gyro_fft_s.c.o[0m
[136.054s] [ 97%] [32mBuilding C object CMakeFiles/px4_msgs__rosidl_generator_py.dir/rosidl_generator_py/px4_msgs/msg/_sensor_mag_s.c.o[0m
[136.054s] [ 97%] [32mBuilding C object CMakeFiles/px4_msgs__rosidl_generator_py.dir/rosidl_generator_py/px4_msgs/msg/_sensor_hygrometer_s.c.o[0m
[136.054s] [ 97%] [32mBuilding C object CMakeFiles/px4_msgs__rosidl_generator_py.dir/rosidl_generator_py/px4_msgs/msg/_sensor_gyro_fifo_s.c.o[0m
[136.060s] [ 97%] [32mBuilding C object CMakeFiles/px4_msgs__rosidl_generator_py.dir/rosidl_generator_py/px4_msgs/msg/_sensor_optical_flow_s.c.o[0m
[136.071s] [ 97%] [32mBuilding C object CMakeFiles/px4_msgs__rosidl_generator_py.dir/rosidl_generator_py/px4_msgs/msg/_sensor_preflight_mag_s.c.o[0m
[136.081s] [ 97%] [32mBuilding C object CMakeFiles/px4_msgs__rosidl_generator_py.dir/rosidl_generator_py/px4_msgs/msg/_sensor_selection_s.c.o[0m
[136.086s] [ 97%] [32mBuilding C object CMakeFiles/px4_msgs__rosidl_generator_py.dir/rosidl_generator_py/px4_msgs/msg/_sensor_uwb_s.c.o[0m
[136.091s] [ 97%] [32mBuilding C object CMakeFiles/px4_msgs__rosidl_generator_py.dir/rosidl_generator_py/px4_msgs/msg/_sensors_status_imu_s.c.o[0m
[136.091s] [ 97%] [32mBuilding C object CMakeFiles/px4_msgs__rosidl_generator_py.dir/rosidl_generator_py/px4_msgs/msg/_sensors_status_s.c.o[0m
[136.100s] [ 97%] [32mBuilding C object CMakeFiles/px4_msgs__rosidl_generator_py.dir/rosidl_generator_py/px4_msgs/msg/_system_power_s.c.o[0m
[136.114s] [ 97%] [32mBuilding C object CMakeFiles/px4_msgs__rosidl_generator_py.dir/rosidl_generator_py/px4_msgs/msg/_takeoff_status_s.c.o[0m
[136.131s] [ 98%] [32mBuilding C object CMakeFiles/px4_msgs__rosidl_generator_py.dir/rosidl_generator_py/px4_msgs/msg/_task_stack_info_s.c.o[0m
[136.160s] [ 98%] [32mBuilding C object CMakeFiles/px4_msgs__rosidl_generator_py.dir/rosidl_generator_py/px4_msgs/msg/_tecs_status_s.c.o[0m
[136.165s] [ 98%] [32mBuilding C object CMakeFiles/px4_msgs__rosidl_generator_py.dir/rosidl_generator_py/px4_msgs/msg/_telemetry_status_s.c.o[0m
[136.175s] [ 98%] [32mBuilding C object CMakeFiles/px4_msgs__rosidl_generator_py.dir/rosidl_generator_py/px4_msgs/msg/_tiltrotor_extra_controls_s.c.o[0m
[136.196s] [ 98%] [32mBuilding C object CMakeFiles/px4_msgs__rosidl_generator_py.dir/rosidl_generator_py/px4_msgs/msg/_timesync_status_s.c.o[0m
[136.199s] [ 98%] [32mBuilding C object CMakeFiles/px4_msgs__rosidl_generator_py.dir/rosidl_generator_py/px4_msgs/msg/_trajectory_setpoint_s.c.o[0m
[136.199s] [ 98%] [32mBuilding C object CMakeFiles/px4_msgs__rosidl_generator_py.dir/rosidl_generator_py/px4_msgs/msg/_trajectory_bezier_s.c.o[0m
[136.216s] [ 98%] [32mBuilding C object CMakeFiles/px4_msgs__rosidl_generator_py.dir/rosidl_generator_py/px4_msgs/msg/_trajectory_waypoint_s.c.o[0m
[136.219s] [ 98%] [32mBuilding C object CMakeFiles/px4_msgs__rosidl_generator_py.dir/rosidl_generator_py/px4_msgs/msg/_transponder_report_s.c.o[0m
[136.223s] [ 98%] [32mBuilding C object CMakeFiles/px4_msgs__rosidl_generator_py.dir/rosidl_generator_py/px4_msgs/msg/_tune_control_s.c.o[0m
[136.228s] [ 98%] [32mBuilding C object CMakeFiles/px4_msgs__rosidl_generator_py.dir/rosidl_generator_py/px4_msgs/msg/_uavcan_parameter_request_s.c.o[0m
[136.241s] [ 98%] [32mBuilding C object CMakeFiles/px4_msgs__rosidl_generator_py.dir/rosidl_generator_py/px4_msgs/msg/_uavcan_parameter_value_s.c.o[0m
[136.255s] [ 98%] [32mBuilding C object CMakeFiles/px4_msgs__rosidl_generator_py.dir/rosidl_generator_py/px4_msgs/msg/_ulog_stream_s.c.o[0m
[136.256s] [ 98%] [32mBuilding C object CMakeFiles/px4_msgs__rosidl_generator_py.dir/rosidl_generator_py/px4_msgs/msg/_ulog_stream_ack_s.c.o[0m
[136.262s] [ 98%] [32mBuilding C object CMakeFiles/px4_msgs__rosidl_generator_py.dir/rosidl_generator_py/px4_msgs/msg/_vehicle_acceleration_s.c.o[0m
[136.270s] [ 99%] [32mBuilding C object CMakeFiles/px4_msgs__rosidl_generator_py.dir/rosidl_generator_py/px4_msgs/msg/_vehicle_air_data_s.c.o[0m
[136.274s] [ 99%] [32mBuilding C object CMakeFiles/px4_msgs__rosidl_generator_py.dir/rosidl_generator_py/px4_msgs/msg/_vehicle_angular_acceleration_setpoint_s.c.o[0m
[136.316s] [ 99%] [32mBuilding C object CMakeFiles/px4_msgs__rosidl_generator_py.dir/rosidl_generator_py/px4_msgs/msg/_vehicle_angular_velocity_s.c.o[0m
[136.322s] [ 99%] [32mBuilding C object CMakeFiles/px4_msgs__rosidl_generator_py.dir/rosidl_generator_py/px4_msgs/msg/_vehicle_attitude_s.c.o[0m
[136.346s] [ 99%] [32mBuilding C object CMakeFiles/px4_msgs__rosidl_generator_py.dir/rosidl_generator_py/px4_msgs/msg/_vehicle_attitude_setpoint_s.c.o[0m
[136.346s] [ 99%] [32mBuilding C object CMakeFiles/px4_msgs__rosidl_generator_py.dir/rosidl_generator_py/px4_msgs/msg/_vehicle_command_s.c.o[0m
[136.349s] [ 99%] [32mBuilding C object CMakeFiles/px4_msgs__rosidl_generator_py.dir/rosidl_generator_py/px4_msgs/msg/_vehicle_command_ack_s.c.o[0m
[136.361s] [ 99%] [32mBuilding C object CMakeFiles/px4_msgs__rosidl_generator_py.dir/rosidl_generator_py/px4_msgs/msg/_vehicle_constraints_s.c.o[0m
[136.364s] [ 99%] [32mBuilding C object CMakeFiles/px4_msgs__rosidl_generator_py.dir/rosidl_generator_py/px4_msgs/msg/_vehicle_control_mode_s.c.o[0m
[136.374s] [ 99%] [32mBuilding C object CMakeFiles/px4_msgs__rosidl_generator_py.dir/rosidl_generator_py/px4_msgs/msg/_vehicle_global_position_s.c.o[0m
[136.387s] [ 99%] [32mBuilding C object CMakeFiles/px4_msgs__rosidl_generator_py.dir/rosidl_generator_py/px4_msgs/msg/_vehicle_imu_s.c.o[0m
[136.392s] [ 99%] [32mBuilding C object CMakeFiles/px4_msgs__rosidl_generator_py.dir/rosidl_generator_py/px4_msgs/msg/_vehicle_land_detected_s.c.o[0m
[136.392s] [ 99%] [32mBuilding C object CMakeFiles/px4_msgs__rosidl_generator_py.dir/rosidl_generator_py/px4_msgs/msg/_vehicle_imu_status_s.c.o[0m
[136.397s] [ 99%] [32mBuilding C object CMakeFiles/px4_msgs__rosidl_generator_py.dir/rosidl_generator_py/px4_msgs/msg/_vehicle_local_position_s.c.o[0m
[136.407s] [ 99%] [32mBuilding C object CMakeFiles/px4_msgs__rosidl_generator_py.dir/rosidl_generator_py/px4_msgs/msg/_vehicle_local_position_setpoint_s.c.o[0m
[136.411s] [100%] [32mBuilding C object CMakeFiles/px4_msgs__rosidl_generator_py.dir/rosidl_generator_py/px4_msgs/msg/_vehicle_odometry_s.c.o[0m
[136.411s] [100%] [32mBuilding C object CMakeFiles/px4_msgs__rosidl_generator_py.dir/rosidl_generator_py/px4_msgs/msg/_vehicle_magnetometer_s.c.o[0m
[136.418s] [100%] [32mBuilding C object CMakeFiles/px4_msgs__rosidl_generator_py.dir/rosidl_generator_py/px4_msgs/msg/_vehicle_optical_flow_s.c.o[0m
[136.477s] [100%] [32mBuilding C object CMakeFiles/px4_msgs__rosidl_generator_py.dir/rosidl_generator_py/px4_msgs/msg/_vehicle_optical_flow_vel_s.c.o[0m
[136.477s] [100%] [32mBuilding C object CMakeFiles/px4_msgs__rosidl_generator_py.dir/rosidl_generator_py/px4_msgs/msg/_vehicle_rates_setpoint_s.c.o[0m
[136.494s] [100%] [32mBuilding C object CMakeFiles/px4_msgs__rosidl_generator_py.dir/rosidl_generator_py/px4_msgs/msg/_vehicle_roi_s.c.o[0m
[136.499s] [100%] [32mBuilding C object CMakeFiles/px4_msgs__rosidl_generator_py.dir/rosidl_generator_py/px4_msgs/msg/_vehicle_status_s.c.o[0m
[136.499s] [100%] [32mBuilding C object CMakeFiles/px4_msgs__rosidl_generator_py.dir/rosidl_generator_py/px4_msgs/msg/_vehicle_torque_setpoint_s.c.o[0m
[136.500s] [100%] [32mBuilding C object CMakeFiles/px4_msgs__rosidl_generator_py.dir/rosidl_generator_py/px4_msgs/msg/_vehicle_thrust_setpoint_s.c.o[0m
[136.515s] [100%] [32mBuilding C object CMakeFiles/px4_msgs__rosidl_generator_py.dir/rosidl_generator_py/px4_msgs/msg/_vehicle_trajectory_bezier_s.c.o[0m
[136.528s] [100%] [32mBuilding C object CMakeFiles/px4_msgs__rosidl_generator_py.dir/rosidl_generator_py/px4_msgs/msg/_vehicle_trajectory_waypoint_s.c.o[0m
[136.540s] [100%] [32mBuilding C object CMakeFiles/px4_msgs__rosidl_generator_py.dir/rosidl_generator_py/px4_msgs/msg/_vtol_vehicle_status_s.c.o[0m
[136.545s] [100%] [32mBuilding C object CMakeFiles/px4_msgs__rosidl_generator_py.dir/rosidl_generator_py/px4_msgs/msg/_wind_s.c.o[0m
[136.552s] [100%] [32mBuilding C object CMakeFiles/px4_msgs__rosidl_generator_py.dir/rosidl_generator_py/px4_msgs/msg/_yaw_estimator_status_s.c.o[0m
[136.681s] [100%] [32m[1mLinking C shared library rosidl_generator_py/px4_msgs/libpx4_msgs__rosidl_generator_py.so[0m
[136.741s] [100%] Built target px4_msgs__rosidl_generator_py
[136.755s] [100%] [32mBuilding C object CMakeFiles/px4_msgs__rosidl_typesupport_fastrtps_c__pyext.dir/rosidl_generator_py/px4_msgs/_px4_msgs_s.ep.rosidl_typesupport_fastrtps_c.c.o[0m
[136.755s] [100%] [32mBuilding C object CMakeFiles/px4_msgs__rosidl_typesupport_c__pyext.dir/rosidl_generator_py/px4_msgs/_px4_msgs_s.ep.rosidl_typesupport_c.c.o[0m
[136.755s] [100%] [32mBuilding C object CMakeFiles/px4_msgs__rosidl_typesupport_introspection_c__pyext.dir/rosidl_generator_py/px4_msgs/_px4_msgs_s.ep.rosidl_typesupport_introspection_c.c.o[0m
[137.287s] [100%] [32m[1mLinking C shared library rosidl_generator_py/px4_msgs/px4_msgs_s__rosidl_typesupport_introspection_c.cpython-310-x86_64-linux-gnu.so[0m
[137.290s] [100%] [32m[1mLinking C shared library rosidl_generator_py/px4_msgs/px4_msgs_s__rosidl_typesupport_c.cpython-310-x86_64-linux-gnu.so[0m
[137.313s] [100%] [32m[1mLinking C shared library rosidl_generator_py/px4_msgs/px4_msgs_s__rosidl_typesupport_fastrtps_c.cpython-310-x86_64-linux-gnu.so[0m
[137.321s] [100%] Built target px4_msgs__rosidl_typesupport_introspection_c__pyext
[137.322s] [100%] Built target px4_msgs__rosidl_typesupport_c__pyext
[137.346s] [100%] Built target px4_msgs__rosidl_typesupport_fastrtps_c__pyext
[137.355s] Invoked command in '/home/wh1te/ros2_ws/build/px4_msgs' returned '0': CMAKE_PREFIX_PATH=/opt/ros/humble /usr/bin/cmake --build /home/wh1te/ros2_ws/build/px4_msgs -- -j16 -l16
[137.362s] Invoking command in '/home/wh1te/ros2_ws/build/px4_msgs': CMAKE_PREFIX_PATH=/opt/ros/humble /usr/bin/cmake --install /home/wh1te/ros2_ws/build/px4_msgs
[137.368s] -- Install configuration: ""
[137.368s] -- Installing: /home/wh1te/ros2_ws/install/px4_msgs/share/ament_index/resource_index/rosidl_interfaces/px4_msgs
[137.368s] -- Installing: /home/wh1te/ros2_ws/install/px4_msgs/include/px4_msgs/px4_msgs
[137.368s] -- Installing: /home/wh1te/ros2_ws/install/px4_msgs/include/px4_msgs/px4_msgs/msg
[137.368s] -- Installing: /home/wh1te/ros2_ws/install/px4_msgs/include/px4_msgs/px4_msgs/msg/estimator_innovations.h
[137.368s] -- Installing: /home/wh1te/ros2_ws/install/px4_msgs/include/px4_msgs/px4_msgs/msg/health_report.h
[137.368s] -- Installing: /home/wh1te/ros2_ws/install/px4_msgs/include/px4_msgs/px4_msgs/msg/npfg_status.h
[137.368s] -- Installing: /home/wh1te/ros2_ws/install/px4_msgs/include/px4_msgs/px4_msgs/msg/qshell_retval.h
[137.368s] -- Installing: /home/wh1te/ros2_ws/install/px4_msgs/include/px4_msgs/px4_msgs/msg/autotune_attitude_control_status.h
[137.368s] -- Installing: /home/wh1te/ros2_ws/install/px4_msgs/include/px4_msgs/px4_msgs/msg/gps_inject_data.h
[137.368s] -- Installing: /home/wh1te/ros2_ws/install/px4_msgs/include/px4_msgs/px4_msgs/msg/vehicle_attitude_setpoint.h
[137.368s] -- Installing: /home/wh1te/ros2_ws/install/px4_msgs/include/px4_msgs/px4_msgs/msg/action_request.h
[137.369s] -- Installing: /home/wh1te/ros2_ws/install/px4_msgs/include/px4_msgs/px4_msgs/msg/normalized_unsigned_setpoint.h
[137.369s] -- Installing: /home/wh1te/ros2_ws/install/px4_msgs/include/px4_msgs/px4_msgs/msg/airspeed_wind.h
[137.369s] -- Installing: /home/wh1te/ros2_ws/install/px4_msgs/include/px4_msgs/px4_msgs/msg/vehicle_land_detected.h
[137.369s] -- Installing: /home/wh1te/ros2_ws/install/px4_msgs/include/px4_msgs/px4_msgs/msg/estimator_status.h
[137.369s] -- Installing: /home/wh1te/ros2_ws/install/px4_msgs/include/px4_msgs/px4_msgs/msg/debug_vect.h
[137.369s] -- Installing: /home/wh1te/ros2_ws/install/px4_msgs/include/px4_msgs/px4_msgs/msg/orb_test.h
[137.369s] -- Installing: /home/wh1te/ros2_ws/install/px4_msgs/include/px4_msgs/px4_msgs/msg/geofence_result.h
[137.369s] -- Installing: /home/wh1te/ros2_ws/install/px4_msgs/include/px4_msgs/px4_msgs/msg/pwm_input.h
[137.369s] -- Installing: /home/wh1te/ros2_ws/install/px4_msgs/include/px4_msgs/px4_msgs/msg/estimator_states.h
[137.369s] -- Installing: /home/wh1te/ros2_ws/install/px4_msgs/include/px4_msgs/px4_msgs/msg/sensor_preflight_mag.h
[137.369s] -- Installing: /home/wh1te/ros2_ws/install/px4_msgs/include/px4_msgs/px4_msgs/msg/actuator_motors.h
[137.369s] -- Installing: /home/wh1te/ros2_ws/install/px4_msgs/include/px4_msgs/px4_msgs/msg/detail
[137.370s] -- Installing: /home/wh1te/ros2_ws/install/px4_msgs/include/px4_msgs/px4_msgs/msg/detail/irlock_report__functions.h
[137.370s] -- Installing: /home/wh1te/ros2_ws/install/px4_msgs/include/px4_msgs/px4_msgs/msg/detail/led_control__struct.h
[137.370s] -- Installing: /home/wh1te/ros2_ws/install/px4_msgs/include/px4_msgs/px4_msgs/msg/detail/vehicle_trajectory_waypoint__type_support.h
[137.370s] -- Installing: /home/wh1te/ros2_ws/install/px4_msgs/include/px4_msgs/px4_msgs/msg/detail/sensor_gyro__struct.h
[137.370s] -- Installing: /home/wh1te/ros2_ws/install/px4_msgs/include/px4_msgs/px4_msgs/msg/detail/health_report__type_support.h
[137.370s] -- Installing: /home/wh1te/ros2_ws/install/px4_msgs/include/px4_msgs/px4_msgs/msg/detail/px4io_status__functions.h
[137.370s] -- Installing: /home/wh1te/ros2_ws/install/px4_msgs/include/px4_msgs/px4_msgs/msg/detail/satellite_info__type_support.h
[137.370s] -- Installing: /home/wh1te/ros2_ws/install/px4_msgs/include/px4_msgs/px4_msgs/msg/detail/camera_status__functions.c
[137.370s] -- Installing: /home/wh1te/ros2_ws/install/px4_msgs/include/px4_msgs/px4_msgs/msg/detail/wind__functions.c
[137.370s] -- Installing: /home/wh1te/ros2_ws/install/px4_msgs/include/px4_msgs/px4_msgs/msg/detail/trajectory_setpoint__struct.h
[137.370s] -- Installing: /home/wh1te/ros2_ws/install/px4_msgs/include/px4_msgs/px4_msgs/msg/detail/position_controller_landing_status__type_support.h
[137.370s] -- Installing: /home/wh1te/ros2_ws/install/px4_msgs/include/px4_msgs/px4_msgs/msg/detail/mount_orientation__functions.c
[137.370s] -- Installing: /home/wh1te/ros2_ws/install/px4_msgs/include/px4_msgs/px4_msgs/msg/detail/debug_value__functions.h
[137.370s] -- Installing: /home/wh1te/ros2_ws/install/px4_msgs/include/px4_msgs/px4_msgs/msg/detail/irlock_report__functions.c
[137.370s] -- Installing: /home/wh1te/ros2_ws/install/px4_msgs/include/px4_msgs/px4_msgs/msg/detail/power_monitor__functions.c
[137.371s] -- Installing: /home/wh1te/ros2_ws/install/px4_msgs/include/px4_msgs/px4_msgs/msg/detail/health_report__struct.h
[137.371s] -- Installing: /home/wh1te/ros2_ws/install/px4_msgs/include/px4_msgs/px4_msgs/msg/detail/esc_report__type_support.h
[137.371s] -- Installing: /home/wh1te/ros2_ws/install/px4_msgs/include/px4_msgs/px4_msgs/msg/detail/actuator_test__type_support.h
[137.371s] -- Installing: /home/wh1te/ros2_ws/install/px4_msgs/include/px4_msgs/px4_msgs/msg/detail/ekf2_timestamps__functions.h
[137.371s] -- Installing: /home/wh1te/ros2_ws/install/px4_msgs/include/px4_msgs/px4_msgs/msg/detail/gimbal_manager_set_manual_control__functions.c
[137.371s] -- Installing: /home/wh1te/ros2_ws/install/px4_msgs/include/px4_msgs/px4_msgs/msg/detail/vehicle_land_detected__type_support.h
[137.371s] -- Installing: /home/wh1te/ros2_ws/install/px4_msgs/include/px4_msgs/px4_msgs/msg/detail/qshell_req__functions.h
[137.371s] -- Installing: /home/wh1te/ros2_ws/install/px4_msgs/include/px4_msgs/px4_msgs/msg/detail/iridiumsbd_status__struct.h
[137.371s] -- Installing: /home/wh1te/ros2_ws/install/px4_msgs/include/px4_msgs/px4_msgs/msg/detail/home_position__functions.c
[137.371s] -- Installing: /home/wh1te/ros2_ws/install/px4_msgs/include/px4_msgs/px4_msgs/msg/detail/estimator_event_flags__functions.h
[137.371s] -- Installing: /home/wh1te/ros2_ws/install/px4_msgs/include/px4_msgs/px4_msgs/msg/detail/transponder_report__struct.h
[137.371s] -- Installing: /home/wh1te/ros2_ws/install/px4_msgs/include/px4_msgs/px4_msgs/msg/detail/logger_status__type_support.h
[137.371s] -- Installing: /home/wh1te/ros2_ws/install/px4_msgs/include/px4_msgs/px4_msgs/msg/detail/rc_parameter_map__struct.h
[137.372s] -- Installing: /home/wh1te/ros2_ws/install/px4_msgs/include/px4_msgs/px4_msgs/msg/detail/gimbal_manager_set_attitude__functions.c
[137.372s] -- Installing: /home/wh1te/ros2_ws/install/px4_msgs/include/px4_msgs/px4_msgs/msg/detail/landing_gear__struct.h
[137.372s] -- Installing: /home/wh1te/ros2_ws/install/px4_msgs/include/px4_msgs/px4_msgs/msg/detail/debug_array__struct.h
[137.372s] -- Installing: /home/wh1te/ros2_ws/install/px4_msgs/include/px4_msgs/px4_msgs/msg/detail/airspeed_validated__functions.h
[137.372s] -- Installing: /home/wh1te/ros2_ws/install/px4_msgs/include/px4_msgs/px4_msgs/msg/detail/mission_result__struct.h
[137.372s] -- Installing: /home/wh1te/ros2_ws/install/px4_msgs/include/px4_msgs/px4_msgs/msg/detail/actuator_outputs__functions.c
[137.372s] -- Installing: /home/wh1te/ros2_ws/install/px4_msgs/include/px4_msgs/px4_msgs/msg/detail/vehicle_optical_flow_vel__functions.c
[137.372s] -- Installing: /home/wh1te/ros2_ws/install/px4_msgs/include/px4_msgs/px4_msgs/msg/detail/hover_thrust_estimate__functions.h
[137.372s] -- Installing: /home/wh1te/ros2_ws/install/px4_msgs/include/px4_msgs/px4_msgs/msg/detail/ulog_stream_ack__type_support.h
[137.372s] -- Installing: /home/wh1te/ros2_ws/install/px4_msgs/include/px4_msgs/px4_msgs/msg/detail/px4io_status__functions.c
[137.372s] -- Installing: /home/wh1te/ros2_ws/install/px4_msgs/include/px4_msgs/px4_msgs/msg/detail/collision_report__functions.c
[137.372s] -- Installing: /home/wh1te/ros2_ws/install/px4_msgs/include/px4_msgs/px4_msgs/msg/detail/collision_constraints__type_support.h
[137.372s] -- Installing: /home/wh1te/ros2_ws/install/px4_msgs/include/px4_msgs/px4_msgs/msg/detail/iridiumsbd_status__functions.c
[137.372s] -- Installing: /home/wh1te/ros2_ws/install/px4_msgs/include/px4_msgs/px4_msgs/msg/detail/debug_key_value__type_support.h
[137.372s] -- Installing: /home/wh1te/ros2_ws/install/px4_msgs/include/px4_msgs/px4_msgs/msg/detail/follow_target__functions.c
[137.372s] -- Installing: /home/wh1te/ros2_ws/install/px4_msgs/include/px4_msgs/px4_msgs/msg/detail/differential_pressure__functions.h
[137.373s] -- Installing: /home/wh1te/ros2_ws/install/px4_msgs/include/px4_msgs/px4_msgs/msg/detail/normalized_unsigned_setpoint__functions.c
[137.373s] -- Installing: /home/wh1te/ros2_ws/install/px4_msgs/include/px4_msgs/px4_msgs/msg/detail/esc_report__struct.h
[137.373s] -- Installing: /home/wh1te/ros2_ws/install/px4_msgs/include/px4_msgs/px4_msgs/msg/detail/actuator_motors__functions.c
[137.373s] -- Installing: /home/wh1te/ros2_ws/install/px4_msgs/include/px4_msgs/px4_msgs/msg/detail/task_stack_info__struct.h
[137.373s] -- Installing: /home/wh1te/ros2_ws/install/px4_msgs/include/px4_msgs/px4_msgs/msg/detail/sensor_hygrometer__functions.h
[137.373s] -- Installing: /home/wh1te/ros2_ws/install/px4_msgs/include/px4_msgs/px4_msgs/msg/detail/position_setpoint_triplet__functions.h
[137.373s] -- Installing: /home/wh1te/ros2_ws/install/px4_msgs/include/px4_msgs/px4_msgs/msg/detail/wind__type_support.h
[137.373s] -- Installing: /home/wh1te/ros2_ws/install/px4_msgs/include/px4_msgs/px4_msgs/msg/detail/sensor_optical_flow__type_support.h
[137.373s] -- Installing: /home/wh1te/ros2_ws/install/px4_msgs/include/px4_msgs/px4_msgs/msg/detail/follow_target_estimator__functions.c
[137.373s] -- Installing: /home/wh1te/ros2_ws/install/px4_msgs/include/px4_msgs/px4_msgs/msg/detail/gimbal_device_information__functions.c
[137.373s] -- Installing: /home/wh1te/ros2_ws/install/px4_msgs/include/px4_msgs/px4_msgs/msg/detail/airspeed__type_support.h
[137.373s] -- Installing: /home/wh1te/ros2_ws/install/px4_msgs/include/px4_msgs/px4_msgs/msg/detail/estimator_bias3d__type_support.h
[137.373s] -- Installing: /home/wh1te/ros2_ws/install/px4_msgs/include/px4_msgs/px4_msgs/msg/detail/satellite_info__functions.h
[137.373s] -- Installing: /home/wh1te/ros2_ws/install/px4_msgs/include/px4_msgs/px4_msgs/msg/detail/vehicle_imu_status__functions.c
[137.373s] -- Installing: /home/wh1te/ros2_ws/install/px4_msgs/include/px4_msgs/px4_msgs/msg/detail/sensor_preflight_mag__type_support.h
[137.374s] -- Installing: /home/wh1te/ros2_ws/install/px4_msgs/include/px4_msgs/px4_msgs/msg/detail/mavlink_log__functions.c
[137.374s] -- Installing: /home/wh1te/ros2_ws/install/px4_msgs/include/px4_msgs/px4_msgs/msg/detail/position_setpoint_triplet__functions.c
[137.374s] -- Installing: /home/wh1te/ros2_ws/install/px4_msgs/include/px4_msgs/px4_msgs/msg/detail/sensors_status__functions.h
[137.374s] -- Installing: /home/wh1te/ros2_ws/install/px4_msgs/include/px4_msgs/px4_msgs/msg/detail/timesync_status__functions.c
[137.374s] -- Installing: /home/wh1te/ros2_ws/install/px4_msgs/include/px4_msgs/px4_msgs/msg/detail/position_setpoint__type_support.h
[137.374s] -- Installing: /home/wh1te/ros2_ws/install/px4_msgs/include/px4_msgs/px4_msgs/msg/detail/landing_target_pose__functions.h
[137.374s] -- Installing: /home/wh1te/ros2_ws/install/px4_msgs/include/px4_msgs/px4_msgs/msg/detail/tiltrotor_extra_controls__functions.h
[137.374s] -- Installing: /home/wh1te/ros2_ws/install/px4_msgs/include/px4_msgs/px4_msgs/msg/detail/vehicle_imu__functions.h
[137.374s] -- Installing: /home/wh1te/ros2_ws/install/px4_msgs/include/px4_msgs/px4_msgs/msg/detail/sensors_status_imu__type_support.h
[137.374s] -- Installing: /home/wh1te/ros2_ws/install/px4_msgs/include/px4_msgs/px4_msgs/msg/detail/heater_status__type_support.h
[137.374s] -- Installing: /home/wh1te/ros2_ws/install/px4_msgs/include/px4_msgs/px4_msgs/msg/detail/camera_status__functions.h
[137.374s] -- Installing: /home/wh1te/ros2_ws/install/px4_msgs/include/px4_msgs/px4_msgs/msg/detail/position_controller_landing_status__functions.c
[137.374s] -- Installing: /home/wh1te/ros2_ws/install/px4_msgs/include/px4_msgs/px4_msgs/msg/detail/camera_trigger__struct.h
[137.374s] -- Installing: /home/wh1te/ros2_ws/install/px4_msgs/include/px4_msgs/px4_msgs/msg/detail/vehicle_trajectory_waypoint__functions.c
[137.374s] -- Installing: /home/wh1te/ros2_ws/install/px4_msgs/include/px4_msgs/px4_msgs/msg/detail/vehicle_magnetometer__type_support.h
[137.375s] -- Installing: /home/wh1te/ros2_ws/install/px4_msgs/include/px4_msgs/px4_msgs/msg/detail/estimator_states__functions.c
[137.375s] -- Installing: /home/wh1te/ros2_ws/install/px4_msgs/include/px4_msgs/px4_msgs/msg/detail/parameter_update__struct.h
[137.375s] -- Installing: /home/wh1te/ros2_ws/install/px4_msgs/include/px4_msgs/px4_msgs/msg/detail/distance_sensor__type_support.h
[137.375s] -- Installing: /home/wh1te/ros2_ws/install/px4_msgs/include/px4_msgs/px4_msgs/msg/detail/debug_key_value__functions.h
[137.375s] -- Installing: /home/wh1te/ros2_ws/install/px4_msgs/include/px4_msgs/px4_msgs/msg/detail/estimator_gps_status__functions.h
[137.375s] -- Installing: /home/wh1te/ros2_ws/install/px4_msgs/include/px4_msgs/px4_msgs/msg/detail/action_request__type_support.h
[137.375s] -- Installing: /home/wh1te/ros2_ws/install/px4_msgs/include/px4_msgs/px4_msgs/msg/detail/vehicle_torque_setpoint__functions.c
[137.375s] -- Installing: /home/wh1te/ros2_ws/install/px4_msgs/include/px4_msgs/px4_msgs/msg/detail/rpm__functions.h
[137.375s] -- Installing: /home/wh1te/ros2_ws/install/px4_msgs/include/px4_msgs/px4_msgs/msg/detail/actuator_motors__struct.h
[137.375s] -- Installing: /home/wh1te/ros2_ws/install/px4_msgs/include/px4_msgs/px4_msgs/msg/detail/actuator_servos_trim__type_support.h
[137.375s] -- Installing: /home/wh1te/ros2_ws/install/px4_msgs/include/px4_msgs/px4_msgs/msg/detail/tecs_status__functions.h
[137.375s] -- Installing: /home/wh1te/ros2_ws/install/px4_msgs/include/px4_msgs/px4_msgs/msg/detail/vehicle_trajectory_bezier__struct.h
[137.375s] -- Installing: /home/wh1te/ros2_ws/install/px4_msgs/include/px4_msgs/px4_msgs/msg/detail/debug_array__functions.h
[137.375s] -- Installing: /home/wh1te/ros2_ws/install/px4_msgs/include/px4_msgs/px4_msgs/msg/detail/timesync_status__type_support.h
[137.375s] -- Installing: /home/wh1te/ros2_ws/install/px4_msgs/include/px4_msgs/px4_msgs/msg/detail/position_controller_status__struct.h
[137.376s] -- Installing: /home/wh1te/ros2_ws/install/px4_msgs/include/px4_msgs/px4_msgs/msg/detail/normalized_unsigned_setpoint__struct.h
[137.376s] -- Installing: /home/wh1te/ros2_ws/install/px4_msgs/include/px4_msgs/px4_msgs/msg/detail/trajectory_bezier__type_support.h
[137.376s] -- Installing: /home/wh1te/ros2_ws/install/px4_msgs/include/px4_msgs/px4_msgs/msg/detail/vehicle_odometry__struct.h
[137.376s] -- Installing: /home/wh1te/ros2_ws/install/px4_msgs/include/px4_msgs/px4_msgs/msg/detail/timesync_status__functions.h
[137.376s] -- Installing: /home/wh1te/ros2_ws/install/px4_msgs/include/px4_msgs/px4_msgs/msg/detail/estimator_bias__functions.h
[137.376s] -- Installing: /home/wh1te/ros2_ws/install/px4_msgs/include/px4_msgs/px4_msgs/msg/detail/magnetometer_bias_estimate__struct.h
[137.376s] -- Installing: /home/wh1te/ros2_ws/install/px4_msgs/include/px4_msgs/px4_msgs/msg/detail/vtol_vehicle_status__functions.h
[137.376s] -- Installing: /home/wh1te/ros2_ws/install/px4_msgs/include/px4_msgs/px4_msgs/msg/detail/mavlink_tunnel__functions.h
[137.376s] -- Installing: /home/wh1te/ros2_ws/install/px4_msgs/include/px4_msgs/px4_msgs/msg/detail/ping__struct.h
[137.376s] -- Installing: /home/wh1te/ros2_ws/install/px4_msgs/include/px4_msgs/px4_msgs/msg/detail/ulog_stream__type_support.h
[137.376s] -- Installing: /home/wh1te/ros2_ws/install/px4_msgs/include/px4_msgs/px4_msgs/msg/detail/estimator_sensor_bias__functions.c
[137.376s] -- Installing: /home/wh1te/ros2_ws/install/px4_msgs/include/px4_msgs/px4_msgs/msg/detail/mode_completed__functions.h
[137.376s] -- Installing: /home/wh1te/ros2_ws/install/px4_msgs/include/px4_msgs/px4_msgs/msg/detail/takeoff_status__functions.c
[137.377s] -- Installing: /home/wh1te/ros2_ws/install/px4_msgs/include/px4_msgs/px4_msgs/msg/detail/px4io_status__struct.h
[137.377s] -- Installing: /home/wh1te/ros2_ws/install/px4_msgs/include/px4_msgs/px4_msgs/msg/detail/cpuload__struct.h
[137.377s] -- Installing: /home/wh1te/ros2_ws/install/px4_msgs/include/px4_msgs/px4_msgs/msg/detail/gimbal_manager_status__functions.c
[137.377s] -- Installing: /home/wh1te/ros2_ws/install/px4_msgs/include/px4_msgs/px4_msgs/msg/detail/sensor_uwb__functions.c
[137.377s] -- Installing: /home/wh1te/ros2_ws/install/px4_msgs/include/px4_msgs/px4_msgs/msg/detail/sensor_accel__functions.c
[137.377s] -- Installing: /home/wh1te/ros2_ws/install/px4_msgs/include/px4_msgs/px4_msgs/msg/detail/input_rc__type_support.h
[137.377s] -- Installing: /home/wh1te/ros2_ws/install/px4_msgs/include/px4_msgs/px4_msgs/msg/detail/sensor_mag__functions.c
[137.377s] -- Installing: /home/wh1te/ros2_ws/install/px4_msgs/include/px4_msgs/px4_msgs/msg/detail/sensor_selection__functions.c
[137.377s] -- Installing: /home/wh1te/ros2_ws/install/px4_msgs/include/px4_msgs/px4_msgs/msg/detail/mag_worker_data__struct.h
[137.377s] -- Installing: /home/wh1te/ros2_ws/install/px4_msgs/include/px4_msgs/px4_msgs/msg/detail/camera_trigger__functions.h
[137.377s] -- Installing: /home/wh1te/ros2_ws/install/px4_msgs/include/px4_msgs/px4_msgs/msg/detail/yaw_estimator_status__type_support.h
[137.377s] -- Installing: /home/wh1te/ros2_ws/install/px4_msgs/include/px4_msgs/px4_msgs/msg/detail/ping__type_support.h
[137.377s] -- Installing: /home/wh1te/ros2_ws/install/px4_msgs/include/px4_msgs/px4_msgs/msg/detail/sensor_mag__functions.h
[137.377s] -- Installing: /home/wh1te/ros2_ws/install/px4_msgs/include/px4_msgs/px4_msgs/msg/detail/iridiumsbd_status__type_support.h
[137.378s] -- Installing: /home/wh1te/ros2_ws/install/px4_msgs/include/px4_msgs/px4_msgs/msg/detail/follow_target__functions.h
[137.378s] -- Installing: /home/wh1te/ros2_ws/install/px4_msgs/include/px4_msgs/px4_msgs/msg/detail/estimator_status__type_support.h
[137.378s] -- Installing: /home/wh1te/ros2_ws/install/px4_msgs/include/px4_msgs/px4_msgs/msg/detail/camera_trigger__type_support.h
[137.378s] -- Installing: /home/wh1te/ros2_ws/install/px4_msgs/include/px4_msgs/px4_msgs/msg/detail/transponder_report__type_support.h
[137.378s] -- Installing: /home/wh1te/ros2_ws/install/px4_msgs/include/px4_msgs/px4_msgs/msg/detail/sensors_status__functions.c
[137.378s] -- Installing: /home/wh1te/ros2_ws/install/px4_msgs/include/px4_msgs/px4_msgs/msg/detail/gripper__struct.h
[137.378s] -- Installing: /home/wh1te/ros2_ws/install/px4_msgs/include/px4_msgs/px4_msgs/msg/detail/estimator_gps_status__functions.c
[137.378s] -- Installing: /home/wh1te/ros2_ws/install/px4_msgs/include/px4_msgs/px4_msgs/msg/detail/vehicle_rates_setpoint__type_support.h
[137.378s] -- Installing: /home/wh1te/ros2_ws/install/px4_msgs/include/px4_msgs/px4_msgs/msg/detail/actuator_outputs__struct.h
[137.378s] -- Installing: /home/wh1te/ros2_ws/install/px4_msgs/include/px4_msgs/px4_msgs/msg/detail/actuator_controls_status__type_support.h
[137.378s] -- Installing: /home/wh1te/ros2_ws/install/px4_msgs/include/px4_msgs/px4_msgs/msg/detail/mode_completed__functions.c
[137.378s] -- Installing: /home/wh1te/ros2_ws/install/px4_msgs/include/px4_msgs/px4_msgs/msg/detail/vehicle_attitude__struct.h
[137.378s] -- Installing: /home/wh1te/ros2_ws/install/px4_msgs/include/px4_msgs/px4_msgs/msg/detail/control_allocator_status__functions.c
[137.379s] -- Installing: /home/wh1te/ros2_ws/install/px4_msgs/include/px4_msgs/px4_msgs/msg/detail/vehicle_imu_status__type_support.h
[137.379s] -- Installing: /home/wh1te/ros2_ws/install/px4_msgs/include/px4_msgs/px4_msgs/msg/detail/vehicle_optical_flow_vel__struct.h
[137.379s] -- Installing: /home/wh1te/ros2_ws/install/px4_msgs/include/px4_msgs/px4_msgs/msg/detail/input_rc__functions.h
[137.379s] -- Installing: /home/wh1te/ros2_ws/install/px4_msgs/include/px4_msgs/px4_msgs/msg/detail/home_position__struct.h
[137.379s] -- Installing: /home/wh1te/ros2_ws/install/px4_msgs/include/px4_msgs/px4_msgs/msg/detail/vehicle_rates_setpoint__functions.c
[137.379s] -- Installing: /home/wh1te/ros2_ws/install/px4_msgs/include/px4_msgs/px4_msgs/msg/detail/camera_status__type_support.h
[137.379s] -- Installing: /home/wh1te/ros2_ws/install/px4_msgs/include/px4_msgs/px4_msgs/msg/detail/actuator_outputs__type_support.h
[137.379s] -- Installing: /home/wh1te/ros2_ws/install/px4_msgs/include/px4_msgs/px4_msgs/msg/detail/gimbal_manager_information__struct.h
[137.379s] -- Installing: /home/wh1te/ros2_ws/install/px4_msgs/include/px4_msgs/px4_msgs/msg/detail/heater_status__functions.h
[137.379s] -- Installing: /home/wh1te/ros2_ws/install/px4_msgs/include/px4_msgs/px4_msgs/msg/detail/vehicle_local_position_setpoint__type_support.h
[137.379s] -- Installing: /home/wh1te/ros2_ws/install/px4_msgs/include/px4_msgs/px4_msgs/msg/detail/power_button_state__struct.h
[137.379s] -- Installing: /home/wh1te/ros2_ws/install/px4_msgs/include/px4_msgs/px4_msgs/msg/detail/ulog_stream_ack__functions.h
[137.379s] -- Installing: /home/wh1te/ros2_ws/install/px4_msgs/include/px4_msgs/px4_msgs/msg/detail/ekf2_timestamps__type_support.h
[137.379s] -- Installing: /home/wh1te/ros2_ws/install/px4_msgs/include/px4_msgs/px4_msgs/msg/detail/rate_ctrl_status__functions.c
[137.380s] -- Installing: /home/wh1te/ros2_ws/install/px4_msgs/include/px4_msgs/px4_msgs/msg/detail/airspeed_validated__functions.c
[137.380s] -- Installing: /home/wh1te/ros2_ws/install/px4_msgs/include/px4_msgs/px4_msgs/msg/detail/vehicle_angular_velocity__type_support.h
[137.380s] -- Installing: /home/wh1te/ros2_ws/install/px4_msgs/include/px4_msgs/px4_msgs/msg/detail/led_control__functions.h
[137.380s] -- Installing: /home/wh1te/ros2_ws/install/px4_msgs/include/px4_msgs/px4_msgs/msg/detail/orb_test_large__type_support.h
[137.380s] -- Installing: /home/wh1te/ros2_ws/install/px4_msgs/include/px4_msgs/px4_msgs/msg/detail/radio_status__type_support.h
[137.380s] -- Installing: /home/wh1te/ros2_ws/install/px4_msgs/include/px4_msgs/px4_msgs/msg/detail/vehicle_angular_velocity__struct.h
[137.380s] -- Installing: /home/wh1te/ros2_ws/install/px4_msgs/include/px4_msgs/px4_msgs/msg/detail/sensor_combined__functions.c
[137.380s] -- Installing: /home/wh1te/ros2_ws/install/px4_msgs/include/px4_msgs/px4_msgs/msg/detail/vehicle_attitude__functions.h
[137.380s] -- Installing: /home/wh1te/ros2_ws/install/px4_msgs/include/px4_msgs/px4_msgs/msg/detail/offboard_control_mode__struct.h
[137.380s] -- Installing: /home/wh1te/ros2_ws/install/px4_msgs/include/px4_msgs/px4_msgs/msg/detail/distance_sensor__functions.h
[137.380s] -- Installing: /home/wh1te/ros2_ws/install/px4_msgs/include/px4_msgs/px4_msgs/msg/detail/position_setpoint__struct.h
[137.380s] -- Installing: /home/wh1te/ros2_ws/install/px4_msgs/include/px4_msgs/px4_msgs/msg/detail/power_monitor__functions.h
[137.380s] -- Installing: /home/wh1te/ros2_ws/install/px4_msgs/include/px4_msgs/px4_msgs/msg/detail/uavcan_parameter_request__functions.h
[137.380s] -- Installing: /home/wh1te/ros2_ws/install/px4_msgs/include/px4_msgs/px4_msgs/msg/detail/launch_detection_status__type_support.h
[137.381s] -- Installing: /home/wh1te/ros2_ws/install/px4_msgs/include/px4_msgs/px4_msgs/msg/detail/pwm_input__type_support.h
[137.381s] -- Installing: /home/wh1te/ros2_ws/install/px4_msgs/include/px4_msgs/px4_msgs/msg/detail/actuator_servos__struct.h
[137.381s] -- Installing: /home/wh1te/ros2_ws/install/px4_msgs/include/px4_msgs/px4_msgs/msg/detail/internal_combustion_engine_status__functions.c
[137.381s] -- Installing: /home/wh1te/ros2_ws/install/px4_msgs/include/px4_msgs/px4_msgs/msg/detail/tiltrotor_extra_controls__type_support.h
[137.381s] -- Installing: /home/wh1te/ros2_ws/install/px4_msgs/include/px4_msgs/px4_msgs/msg/detail/adc_report__functions.h
[137.381s] -- Installing: /home/wh1te/ros2_ws/install/px4_msgs/include/px4_msgs/px4_msgs/msg/detail/action_request__functions.h
[137.381s] -- Installing: /home/wh1te/ros2_ws/install/px4_msgs/include/px4_msgs/px4_msgs/msg/detail/uavcan_parameter_value__functions.h
[137.381s] -- Installing: /home/wh1te/ros2_ws/install/px4_msgs/include/px4_msgs/px4_msgs/msg/detail/trajectory_waypoint__struct.h
[137.381s] -- Installing: /home/wh1te/ros2_ws/install/px4_msgs/include/px4_msgs/px4_msgs/msg/detail/vehicle_control_mode__type_support.h
[137.381s] -- Installing: /home/wh1te/ros2_ws/install/px4_msgs/include/px4_msgs/px4_msgs/msg/detail/trajectory_setpoint__type_support.h
[137.381s] -- Installing: /home/wh1te/ros2_ws/install/px4_msgs/include/px4_msgs/px4_msgs/msg/detail/button_event__functions.c
[137.381s] -- Installing: /home/wh1te/ros2_ws/install/px4_msgs/include/px4_msgs/px4_msgs/msg/detail/control_allocator_status__functions.h
[137.381s] -- Installing: /home/wh1te/ros2_ws/install/px4_msgs/include/px4_msgs/px4_msgs/msg/detail/vehicle_roi__type_support.h
[137.381s] -- Installing: /home/wh1te/ros2_ws/install/px4_msgs/include/px4_msgs/px4_msgs/msg/detail/vehicle_trajectory_bezier__functions.c
[137.381s] -- Installing: /home/wh1te/ros2_ws/install/px4_msgs/include/px4_msgs/px4_msgs/msg/detail/sensors_status_imu__functions.c
[137.382s] -- Installing: /home/wh1te/ros2_ws/install/px4_msgs/include/px4_msgs/px4_msgs/msg/detail/gimbal_device_information__type_support.h
[137.382s] -- Installing: /home/wh1te/ros2_ws/install/px4_msgs/include/px4_msgs/px4_msgs/msg/detail/timesync_status__struct.h
[137.382s] -- Installing: /home/wh1te/ros2_ws/install/px4_msgs/include/px4_msgs/px4_msgs/msg/detail/wind__struct.h
[137.382s] -- Installing: /home/wh1te/ros2_ws/install/px4_msgs/include/px4_msgs/px4_msgs/msg/detail/position_setpoint_triplet__struct.h
[137.382s] -- Installing: /home/wh1te/ros2_ws/install/px4_msgs/include/px4_msgs/px4_msgs/msg/detail/sensor_gyro__functions.h
[137.382s] -- Installing: /home/wh1te/ros2_ws/install/px4_msgs/include/px4_msgs/px4_msgs/msg/detail/distance_sensor__functions.c
[137.382s] -- Installing: /home/wh1te/ros2_ws/install/px4_msgs/include/px4_msgs/px4_msgs/msg/detail/estimator_aid_source2d__functions.c
[137.382s] -- Installing: /home/wh1te/ros2_ws/install/px4_msgs/include/px4_msgs/px4_msgs/msg/detail/actuator_servos__type_support.h
[137.382s] -- Installing: /home/wh1te/ros2_ws/install/px4_msgs/include/px4_msgs/px4_msgs/msg/detail/tiltrotor_extra_controls__struct.h
[137.382s] -- Installing: /home/wh1te/ros2_ws/install/px4_msgs/include/px4_msgs/px4_msgs/msg/detail/follow_target_status__functions.c
[137.382s] -- Installing: /home/wh1te/ros2_ws/install/px4_msgs/include/px4_msgs/px4_msgs/msg/detail/vehicle_local_position_setpoint__functions.c
[137.382s] -- Installing: /home/wh1te/ros2_ws/install/px4_msgs/include/px4_msgs/px4_msgs/msg/detail/estimator_event_flags__type_support.h
[137.382s] -- Installing: /home/wh1te/ros2_ws/install/px4_msgs/include/px4_msgs/px4_msgs/msg/detail/follow_target_estimator__struct.h
[137.382s] -- Installing: /home/wh1te/ros2_ws/install/px4_msgs/include/px4_msgs/px4_msgs/msg/detail/mission__functions.c
[137.383s] -- Installing: /home/wh1te/ros2_ws/install/px4_msgs/include/px4_msgs/px4_msgs/msg/detail/pps_capture__functions.c
[137.383s] -- Installing: /home/wh1te/ros2_ws/install/px4_msgs/include/px4_msgs/px4_msgs/msg/detail/follow_target_estimator__functions.h
[137.383s] -- Installing: /home/wh1te/ros2_ws/install/px4_msgs/include/px4_msgs/px4_msgs/msg/detail/gimbal_device_set_attitude__functions.c
[137.383s] -- Installing: /home/wh1te/ros2_ws/install/px4_msgs/include/px4_msgs/px4_msgs/msg/detail/takeoff_status__functions.h
[137.383s] -- Installing: /home/wh1te/ros2_ws/install/px4_msgs/include/px4_msgs/px4_msgs/msg/detail/onboard_computer_status__struct.h
[137.383s] -- Installing: /home/wh1te/ros2_ws/install/px4_msgs/include/px4_msgs/px4_msgs/msg/detail/vehicle_acceleration__struct.h
[137.383s] -- Installing: /home/wh1te/ros2_ws/install/px4_msgs/include/px4_msgs/px4_msgs/msg/detail/onboard_computer_status__functions.h
[137.383s] -- Installing: /home/wh1te/ros2_ws/install/px4_msgs/include/px4_msgs/px4_msgs/msg/detail/vehicle_odometry__functions.c
[137.383s] -- Installing: /home/wh1te/ros2_ws/install/px4_msgs/include/px4_msgs/px4_msgs/msg/detail/vehicle_global_position__type_support.h
[137.383s] -- Installing: /home/wh1te/ros2_ws/install/px4_msgs/include/px4_msgs/px4_msgs/msg/detail/orb_test_medium__type_support.h
[137.383s] -- Installing: /home/wh1te/ros2_ws/install/px4_msgs/include/px4_msgs/px4_msgs/msg/detail/gimbal_manager_status__type_support.h
[137.383s] -- Installing: /home/wh1te/ros2_ws/install/px4_msgs/include/px4_msgs/px4_msgs/msg/detail/sensor_gyro_fifo__struct.h
[137.383s] -- Installing: /home/wh1te/ros2_ws/install/px4_msgs/include/px4_msgs/px4_msgs/msg/detail/system_power__type_support.h
[137.383s] -- Installing: /home/wh1te/ros2_ws/install/px4_msgs/include/px4_msgs/px4_msgs/msg/detail/gimbal_manager_information__functions.h
[137.384s] -- Installing: /home/wh1te/ros2_ws/install/px4_msgs/include/px4_msgs/px4_msgs/msg/detail/system_power__struct.h
[137.384s] -- Installing: /home/wh1te/ros2_ws/install/px4_msgs/include/px4_msgs/px4_msgs/msg/detail/actuator_test__struct.h
[137.384s] -- Installing: /home/wh1te/ros2_ws/install/px4_msgs/include/px4_msgs/px4_msgs/msg/detail/gimbal_manager_set_manual_control__type_support.h
[137.384s] -- Installing: /home/wh1te/ros2_ws/install/px4_msgs/include/px4_msgs/px4_msgs/msg/detail/vehicle_attitude_setpoint__type_support.h
[137.384s] -- Installing: /home/wh1te/ros2_ws/install/px4_msgs/include/px4_msgs/px4_msgs/msg/detail/sensor_baro__type_support.h
[137.384s] -- Installing: /home/wh1te/ros2_ws/install/px4_msgs/include/px4_msgs/px4_msgs/msg/detail/vehicle_angular_acceleration_setpoint__struct.h
[137.384s] -- Installing: /home/wh1te/ros2_ws/install/px4_msgs/include/px4_msgs/px4_msgs/msg/detail/orb_test__type_support.h
[137.384s] -- Installing: /home/wh1te/ros2_ws/install/px4_msgs/include/px4_msgs/px4_msgs/msg/detail/manual_control_switches__type_support.h
[137.384s] -- Installing: /home/wh1te/ros2_ws/install/px4_msgs/include/px4_msgs/px4_msgs/msg/detail/collision_report__struct.h
[137.384s] -- Installing: /home/wh1te/ros2_ws/install/px4_msgs/include/px4_msgs/px4_msgs/msg/detail/estimator_sensor_bias__struct.h
[137.384s] -- Installing: /home/wh1te/ros2_ws/install/px4_msgs/include/px4_msgs/px4_msgs/msg/detail/sensor_gyro_fifo__type_support.h
[137.384s] -- Installing: /home/wh1te/ros2_ws/install/px4_msgs/include/px4_msgs/px4_msgs/msg/detail/led_control__type_support.h
[137.384s] -- Installing: /home/wh1te/ros2_ws/install/px4_msgs/include/px4_msgs/px4_msgs/msg/detail/debug_vect__type_support.h
[137.384s] -- Installing: /home/wh1te/ros2_ws/install/px4_msgs/include/px4_msgs/px4_msgs/msg/detail/estimator_status_flags__functions.h
[137.384s] -- Installing: /home/wh1te/ros2_ws/install/px4_msgs/include/px4_msgs/px4_msgs/msg/detail/pps_capture__struct.h
[137.384s] -- Installing: /home/wh1te/ros2_ws/install/px4_msgs/include/px4_msgs/px4_msgs/msg/detail/sensor_optical_flow__functions.c
[137.384s] -- Installing: /home/wh1te/ros2_ws/install/px4_msgs/include/px4_msgs/px4_msgs/msg/detail/button_event__type_support.h
[137.385s] -- Installing: /home/wh1te/ros2_ws/install/px4_msgs/include/px4_msgs/px4_msgs/msg/detail/airspeed_validated__type_support.h
[137.385s] -- Installing: /home/wh1te/ros2_ws/install/px4_msgs/include/px4_msgs/px4_msgs/msg/detail/health_report__functions.h
[137.385s] -- Installing: /home/wh1te/ros2_ws/install/px4_msgs/include/px4_msgs/px4_msgs/msg/detail/adc_report__type_support.h
[137.385s] -- Installing: /home/wh1te/ros2_ws/install/px4_msgs/include/px4_msgs/px4_msgs/msg/detail/estimator_innovations__type_support.h
[137.385s] -- Installing: /home/wh1te/ros2_ws/install/px4_msgs/include/px4_msgs/px4_msgs/msg/detail/offboard_control_mode__functions.h
[137.385s] -- Installing: /home/wh1te/ros2_ws/install/px4_msgs/include/px4_msgs/px4_msgs/msg/detail/vehicle_torque_setpoint__struct.h
[137.385s] -- Installing: /home/wh1te/ros2_ws/install/px4_msgs/include/px4_msgs/px4_msgs/msg/detail/sensor_correction__type_support.h
[137.385s] -- Installing: /home/wh1te/ros2_ws/install/px4_msgs/include/px4_msgs/px4_msgs/msg/detail/esc_report__functions.h
[137.385s] -- Installing: /home/wh1te/ros2_ws/install/px4_msgs/include/px4_msgs/px4_msgs/msg/detail/vehicle_acceleration__functions.c
[137.385s] -- Installing: /home/wh1te/ros2_ws/install/px4_msgs/include/px4_msgs/px4_msgs/msg/detail/vehicle_imu_status__struct.h
[137.385s] -- Installing: /home/wh1te/ros2_ws/install/px4_msgs/include/px4_msgs/px4_msgs/msg/detail/debug_array__functions.c
[137.385s] -- Installing: /home/wh1te/ros2_ws/install/px4_msgs/include/px4_msgs/px4_msgs/msg/detail/follow_target_status__functions.h
[137.385s] -- Installing: /home/wh1te/ros2_ws/install/px4_msgs/include/px4_msgs/px4_msgs/msg/detail/qshell_req__struct.h
[137.385s] -- Installing: /home/wh1te/ros2_ws/install/px4_msgs/include/px4_msgs/px4_msgs/msg/detail/estimator_aid_source3d__functions.h
[137.385s] -- Installing: /home/wh1te/ros2_ws/install/px4_msgs/include/px4_msgs/px4_msgs/msg/detail/vehicle_attitude_setpoint__struct.h
[137.385s] -- Installing: /home/wh1te/ros2_ws/install/px4_msgs/include/px4_msgs/px4_msgs/msg/detail/trajectory_bezier__functions.c
[137.385s] -- Installing: /home/wh1te/ros2_ws/install/px4_msgs/include/px4_msgs/px4_msgs/msg/detail/led_control__functions.c
[137.386s] -- Installing: /home/wh1te/ros2_ws/install/px4_msgs/include/px4_msgs/px4_msgs/msg/detail/ulog_stream__functions.h
[137.386s] -- Installing: /home/wh1te/ros2_ws/install/px4_msgs/include/px4_msgs/px4_msgs/msg/detail/gimbal_manager_information__functions.c
[137.386s] -- Installing: /home/wh1te/ros2_ws/install/px4_msgs/include/px4_msgs/px4_msgs/msg/detail/yaw_estimator_status__functions.h
[137.386s] -- Installing: /home/wh1te/ros2_ws/install/px4_msgs/include/px4_msgs/px4_msgs/msg/detail/sensor_uwb__functions.h
[137.386s] -- Installing: /home/wh1te/ros2_ws/install/px4_msgs/include/px4_msgs/px4_msgs/msg/detail/vehicle_global_position__struct.h
[137.386s] -- Installing: /home/wh1te/ros2_ws/install/px4_msgs/include/px4_msgs/px4_msgs/msg/detail/vehicle_odometry__functions.h
[137.386s] -- Installing: /home/wh1te/ros2_ws/install/px4_msgs/include/px4_msgs/px4_msgs/msg/detail/sensor_gyro__type_support.h
[137.386s] -- Installing: /home/wh1te/ros2_ws/install/px4_msgs/include/px4_msgs/px4_msgs/msg/detail/orb_test_medium__struct.h
[137.386s] -- Installing: /home/wh1te/ros2_ws/install/px4_msgs/include/px4_msgs/px4_msgs/msg/detail/launch_detection_status__struct.h
[137.386s] -- Installing: /home/wh1te/ros2_ws/install/px4_msgs/include/px4_msgs/px4_msgs/msg/detail/mount_orientation__functions.h
[137.386s] -- Installing: /home/wh1te/ros2_ws/install/px4_msgs/include/px4_msgs/px4_msgs/msg/detail/obstacle_distance__type_support.h
[137.386s] -- Installing: /home/wh1te/ros2_ws/install/px4_msgs/include/px4_msgs/px4_msgs/msg/detail/rpm__functions.c
[137.386s] -- Installing: /home/wh1te/ros2_ws/install/px4_msgs/include/px4_msgs/px4_msgs/msg/detail/pwm_input__functions.h
[137.386s] -- Installing: /home/wh1te/ros2_ws/install/px4_msgs/include/px4_msgs/px4_msgs/msg/detail/estimator_aid_source1d__functions.c
[137.387s] -- Installing: /home/wh1te/ros2_ws/install/px4_msgs/include/px4_msgs/px4_msgs/msg/detail/manual_control_setpoint__type_support.h
[137.387s] -- Installing: /home/wh1te/ros2_ws/install/px4_msgs/include/px4_msgs/px4_msgs/msg/detail/navigator_mission_item__functions.h
[137.387s] -- Installing: /home/wh1te/ros2_ws/install/px4_msgs/include/px4_msgs/px4_msgs/msg/detail/sensor_hygrometer__functions.c
[137.387s] -- Installing: /home/wh1te/ros2_ws/install/px4_msgs/include/px4_msgs/px4_msgs/msg/detail/input_rc__functions.c
[137.387s] -- Installing: /home/wh1te/ros2_ws/install/px4_msgs/include/px4_msgs/px4_msgs/msg/detail/sensor_preflight_mag__struct.h
[137.387s] -- Installing: /home/wh1te/ros2_ws/install/px4_msgs/include/px4_msgs/px4_msgs/msg/detail/estimator_event_flags__functions.c
[137.387s] -- Installing: /home/wh1te/ros2_ws/install/px4_msgs/include/px4_msgs/px4_msgs/msg/detail/airspeed__functions.h
[137.387s] -- Installing: /home/wh1te/ros2_ws/install/px4_msgs/include/px4_msgs/px4_msgs/msg/detail/estimator_status_flags__struct.h
[137.387s] -- Installing: /home/wh1te/ros2_ws/install/px4_msgs/include/px4_msgs/px4_msgs/msg/detail/vehicle_angular_velocity__functions.h
[137.387s] -- Installing: /home/wh1te/ros2_ws/install/px4_msgs/include/px4_msgs/px4_msgs/msg/detail/parameter_update__functions.c
[137.387s] -- Installing: /home/wh1te/ros2_ws/install/px4_msgs/include/px4_msgs/px4_msgs/msg/detail/qshell_req__type_support.h
[137.387s] -- Installing: /home/wh1te/ros2_ws/install/px4_msgs/include/px4_msgs/px4_msgs/msg/detail/camera_capture__struct.h
[137.387s] -- Installing: /home/wh1te/ros2_ws/install/px4_msgs/include/px4_msgs/px4_msgs/msg/detail/gps_dump__type_support.h
[137.387s] -- Installing: /home/wh1te/ros2_ws/install/px4_msgs/include/px4_msgs/px4_msgs/msg/detail/debug_vect__functions.c
[137.388s] -- Installing: /home/wh1te/ros2_ws/install/px4_msgs/include/px4_msgs/px4_msgs/msg/detail/collision_report__functions.h
[137.388s] -- Installing: /home/wh1te/ros2_ws/install/px4_msgs/include/px4_msgs/px4_msgs/msg/detail/battery_status__functions.c
[137.388s] -- Installing: /home/wh1te/ros2_ws/install/px4_msgs/include/px4_msgs/px4_msgs/msg/detail/satellite_info__functions.c
[137.388s] -- Installing: /home/wh1te/ros2_ws/install/px4_msgs/include/px4_msgs/px4_msgs/msg/detail/orb_test__struct.h
[137.388s] -- Installing: /home/wh1te/ros2_ws/install/px4_msgs/include/px4_msgs/px4_msgs/msg/detail/landing_gear_wheel__functions.h
[137.388s] -- Installing: /home/wh1te/ros2_ws/install/px4_msgs/include/px4_msgs/px4_msgs/msg/detail/geofence_result__functions.c
[137.388s] -- Installing: /home/wh1te/ros2_ws/install/px4_msgs/include/px4_msgs/px4_msgs/msg/detail/differential_pressure__type_support.h
[137.388s] -- Installing: /home/wh1te/ros2_ws/install/px4_msgs/include/px4_msgs/px4_msgs/msg/detail/landing_gear__type_support.h
[137.388s] -- Installing: /home/wh1te/ros2_ws/install/px4_msgs/include/px4_msgs/px4_msgs/msg/detail/gps_inject_data__functions.h
[137.388s] -- Installing: /home/wh1te/ros2_ws/install/px4_msgs/include/px4_msgs/px4_msgs/msg/detail/npfg_status__functions.c
[137.388s] -- Installing: /home/wh1te/ros2_ws/install/px4_msgs/include/px4_msgs/px4_msgs/msg/detail/task_stack_info__functions.c
[137.388s] -- Installing: /home/wh1te/ros2_ws/install/px4_msgs/include/px4_msgs/px4_msgs/msg/detail/mission__type_support.h
[137.388s] -- Installing: /home/wh1te/ros2_ws/install/px4_msgs/include/px4_msgs/px4_msgs/msg/detail/position_setpoint_triplet__type_support.h
[137.388s] -- Installing: /home/wh1te/ros2_ws/install/px4_msgs/include/px4_msgs/px4_msgs/msg/detail/collision_constraints__struct.h
[137.388s] -- Installing: /home/wh1te/ros2_ws/install/px4_msgs/include/px4_msgs/px4_msgs/msg/detail/sensor_uwb__type_support.h
[137.389s] -- Installing: /home/wh1te/ros2_ws/install/px4_msgs/include/px4_msgs/px4_msgs/msg/detail/vehicle_optical_flow_vel__functions.h
[137.389s] -- Installing: /home/wh1te/ros2_ws/install/px4_msgs/include/px4_msgs/px4_msgs/msg/detail/vehicle_local_position__type_support.h
[137.389s] -- Installing: /home/wh1te/ros2_ws/install/px4_msgs/include/px4_msgs/px4_msgs/msg/detail/qshell_retval__type_support.h
[137.389s] -- Installing: /home/wh1te/ros2_ws/install/px4_msgs/include/px4_msgs/px4_msgs/msg/detail/estimator_status_flags__functions.c
[137.389s] -- Installing: /home/wh1te/ros2_ws/install/px4_msgs/include/px4_msgs/px4_msgs/msg/detail/health_report__functions.c
[137.389s] -- Installing: /home/wh1te/ros2_ws/install/px4_msgs/include/px4_msgs/px4_msgs/msg/detail/manual_control_setpoint__struct.h
[137.389s] -- Installing: /home/wh1te/ros2_ws/install/px4_msgs/include/px4_msgs/px4_msgs/msg/detail/sensor_accel_fifo__type_support.h
[137.389s] -- Installing: /home/wh1te/ros2_ws/install/px4_msgs/include/px4_msgs/px4_msgs/msg/detail/rate_ctrl_status__struct.h
[137.389s] -- Installing: /home/wh1te/ros2_ws/install/px4_msgs/include/px4_msgs/px4_msgs/msg/detail/tecs_status__type_support.h
[137.389s] -- Installing: /home/wh1te/ros2_ws/install/px4_msgs/include/px4_msgs/px4_msgs/msg/detail/manual_control_switches__struct.h
[137.389s] -- Installing: /home/wh1te/ros2_ws/install/px4_msgs/include/px4_msgs/px4_msgs/msg/detail/vehicle_attitude__functions.c
[137.389s] -- Installing: /home/wh1te/ros2_ws/install/px4_msgs/include/px4_msgs/px4_msgs/msg/detail/camera_status__struct.h
[137.389s] -- Installing: /home/wh1te/ros2_ws/install/px4_msgs/include/px4_msgs/px4_msgs/msg/detail/normalized_unsigned_setpoint__functions.h
[137.389s] -- Installing: /home/wh1te/ros2_ws/install/px4_msgs/include/px4_msgs/px4_msgs/msg/detail/follow_target_status__type_support.h
[137.389s] -- Installing: /home/wh1te/ros2_ws/install/px4_msgs/include/px4_msgs/px4_msgs/msg/detail/mag_worker_data__functions.c
[137.390s] -- Installing: /home/wh1te/ros2_ws/install/px4_msgs/include/px4_msgs/px4_msgs/msg/detail/ulog_stream__functions.c
[137.390s] -- Installing: /home/wh1te/ros2_ws/install/px4_msgs/include/px4_msgs/px4_msgs/msg/detail/gimbal_manager_status__functions.h
[137.390s] -- Installing: /home/wh1te/ros2_ws/install/px4_msgs/include/px4_msgs/px4_msgs/msg/detail/log_message__type_support.h
[137.390s] -- Installing: /home/wh1te/ros2_ws/install/px4_msgs/include/px4_msgs/px4_msgs/msg/detail/position_controller_status__type_support.h
[137.390s] -- Installing: /home/wh1te/ros2_ws/install/px4_msgs/include/px4_msgs/px4_msgs/msg/detail/actuator_servos_trim__functions.c
[137.390s] -- Installing: /home/wh1te/ros2_ws/install/px4_msgs/include/px4_msgs/px4_msgs/msg/detail/offboard_control_mode__functions.c
[137.390s] -- Installing: /home/wh1te/ros2_ws/install/px4_msgs/include/px4_msgs/px4_msgs/msg/detail/landing_target_innovations__struct.h
[137.390s] -- Installing: /home/wh1te/ros2_ws/install/px4_msgs/include/px4_msgs/px4_msgs/msg/detail/adc_report__functions.c
[137.390s] -- Installing: /home/wh1te/ros2_ws/install/px4_msgs/include/px4_msgs/px4_msgs/msg/detail/airspeed_wind__struct.h
[137.390s] -- Installing: /home/wh1te/ros2_ws/install/px4_msgs/include/px4_msgs/px4_msgs/msg/detail/actuator_servos_trim__functions.h
[137.390s] -- Installing: /home/wh1te/ros2_ws/install/px4_msgs/include/px4_msgs/px4_msgs/msg/detail/estimator_aid_source1d__struct.h
[137.390s] -- Installing: /home/wh1te/ros2_ws/install/px4_msgs/include/px4_msgs/px4_msgs/msg/detail/trajectory_waypoint__functions.c
[137.390s] -- Installing: /home/wh1te/ros2_ws/install/px4_msgs/include/px4_msgs/px4_msgs/msg/detail/sensor_combined__functions.h
[137.390s] -- Installing: /home/wh1te/ros2_ws/install/px4_msgs/include/px4_msgs/px4_msgs/msg/detail/manual_control_switches__functions.c
[137.391s] -- Installing: /home/wh1te/ros2_ws/install/px4_msgs/include/px4_msgs/px4_msgs/msg/detail/estimator_states__struct.h
[137.391s] -- Installing: /home/wh1te/ros2_ws/install/px4_msgs/include/px4_msgs/px4_msgs/msg/detail/vehicle_imu__struct.h
[137.391s] -- Installing: /home/wh1te/ros2_ws/install/px4_msgs/include/px4_msgs/px4_msgs/msg/detail/trajectory_waypoint__type_support.h
[137.391s] -- Installing: /home/wh1te/ros2_ws/install/px4_msgs/include/px4_msgs/px4_msgs/msg/detail/vehicle_acceleration__type_support.h
[137.391s] -- Installing: /home/wh1te/ros2_ws/install/px4_msgs/include/px4_msgs/px4_msgs/msg/detail/rtl_time_estimate__functions.c
[137.391s] -- Installing: /home/wh1te/ros2_ws/install/px4_msgs/include/px4_msgs/px4_msgs/msg/detail/ping__functions.h
[137.391s] -- Installing: /home/wh1te/ros2_ws/install/px4_msgs/include/px4_msgs/px4_msgs/msg/detail/sensor_uwb__struct.h
[137.391s] -- Installing: /home/wh1te/ros2_ws/install/px4_msgs/include/px4_msgs/px4_msgs/msg/detail/vehicle_air_data__struct.h
[137.391s] -- Installing: /home/wh1te/ros2_ws/install/px4_msgs/include/px4_msgs/px4_msgs/msg/detail/vehicle_rates_setpoint__functions.h
[137.391s] -- Installing: /home/wh1te/ros2_ws/install/px4_msgs/include/px4_msgs/px4_msgs/msg/detail/vehicle_command__type_support.h
[137.391s] -- Installing: /home/wh1te/ros2_ws/install/px4_msgs/include/px4_msgs/px4_msgs/msg/detail/vehicle_angular_acceleration_setpoint__functions.h
[137.391s] -- Installing: /home/wh1te/ros2_ws/install/px4_msgs/include/px4_msgs/px4_msgs/msg/detail/vehicle_status__functions.c
[137.391s] -- Installing: /home/wh1te/ros2_ws/install/px4_msgs/include/px4_msgs/px4_msgs/msg/detail/vehicle_roi__struct.h
[137.391s] -- Installing: /home/wh1te/ros2_ws/install/px4_msgs/include/px4_msgs/px4_msgs/msg/detail/airspeed__functions.c
[137.391s] -- Installing: /home/wh1te/ros2_ws/install/px4_msgs/include/px4_msgs/px4_msgs/msg/detail/navigator_mission_item__struct.h
[137.392s] -- Installing: /home/wh1te/ros2_ws/install/px4_msgs/include/px4_msgs/px4_msgs/msg/detail/vehicle_torque_setpoint__type_support.h
[137.392s] -- Installing: /home/wh1te/ros2_ws/install/px4_msgs/include/px4_msgs/px4_msgs/msg/detail/vehicle_optical_flow_vel__type_support.h
[137.392s] -- Installing: /home/wh1te/ros2_ws/install/px4_msgs/include/px4_msgs/px4_msgs/msg/detail/mag_worker_data__type_support.h
[137.392s] -- Installing: /home/wh1te/ros2_ws/install/px4_msgs/include/px4_msgs/px4_msgs/msg/detail/trajectory_bezier__struct.h
[137.392s] -- Installing: /home/wh1te/ros2_ws/install/px4_msgs/include/px4_msgs/px4_msgs/msg/detail/vehicle_roi__functions.c
[137.392s] -- Installing: /home/wh1te/ros2_ws/install/px4_msgs/include/px4_msgs/px4_msgs/msg/detail/log_message__functions.h
[137.392s] -- Installing: /home/wh1te/ros2_ws/install/px4_msgs/include/px4_msgs/px4_msgs/msg/detail/button_event__struct.h
[137.392s] -- Installing: /home/wh1te/ros2_ws/install/px4_msgs/include/px4_msgs/px4_msgs/msg/detail/vehicle_constraints__struct.h
[137.392s] -- Installing: /home/wh1te/ros2_ws/install/px4_msgs/include/px4_msgs/px4_msgs/msg/detail/vehicle_magnetometer__functions.c
[137.392s] -- Installing: /home/wh1te/ros2_ws/install/px4_msgs/include/px4_msgs/px4_msgs/msg/detail/orbit_status__functions.c
[137.392s] -- Installing: /home/wh1te/ros2_ws/install/px4_msgs/include/px4_msgs/px4_msgs/msg/detail/vehicle_air_data__functions.h
[137.392s] -- Installing: /home/wh1te/ros2_ws/install/px4_msgs/include/px4_msgs/px4_msgs/msg/detail/vehicle_land_detected__functions.h
[137.392s] -- Installing: /home/wh1te/ros2_ws/install/px4_msgs/include/px4_msgs/px4_msgs/msg/detail/follow_target_estimator__type_support.h
[137.392s] -- Installing: /home/wh1te/ros2_ws/install/px4_msgs/include/px4_msgs/px4_msgs/msg/detail/orb_test_medium__functions.h
[137.392s] -- Installing: /home/wh1te/ros2_ws/install/px4_msgs/include/px4_msgs/px4_msgs/msg/detail/gripper__type_support.h
[137.393s] -- Installing: /home/wh1te/ros2_ws/install/px4_msgs/include/px4_msgs/px4_msgs/msg/detail/estimator_aid_source3d__struct.h
[137.393s] -- Installing: /home/wh1te/ros2_ws/install/px4_msgs/include/px4_msgs/px4_msgs/msg/detail/sensor_gps__functions.h
[137.393s] -- Installing: /home/wh1te/ros2_ws/install/px4_msgs/include/px4_msgs/px4_msgs/msg/detail/mission__functions.h
[137.393s] -- Installing: /home/wh1te/ros2_ws/install/px4_msgs/include/px4_msgs/px4_msgs/msg/detail/estimator_selector_status__struct.h
[137.393s] -- Installing: /home/wh1te/ros2_ws/install/px4_msgs/include/px4_msgs/px4_msgs/msg/detail/autotune_attitude_control_status__functions.c
[137.393s] -- Installing: /home/wh1te/ros2_ws/install/px4_msgs/include/px4_msgs/px4_msgs/msg/detail/airspeed_wind__functions.c
[137.393s] -- Installing: /home/wh1te/ros2_ws/install/px4_msgs/include/px4_msgs/px4_msgs/msg/detail/failure_detector_status__functions.c
[137.393s] -- Installing: /home/wh1te/ros2_ws/install/px4_msgs/include/px4_msgs/px4_msgs/msg/detail/vehicle_optical_flow__functions.h
[137.393s] -- Installing: /home/wh1te/ros2_ws/install/px4_msgs/include/px4_msgs/px4_msgs/msg/detail/sensor_correction__struct.h
[137.393s] -- Installing: /home/wh1te/ros2_ws/install/px4_msgs/include/px4_msgs/px4_msgs/msg/detail/sensor_preflight_mag__functions.h
[137.393s] -- Installing: /home/wh1te/ros2_ws/install/px4_msgs/include/px4_msgs/px4_msgs/msg/detail/manual_control_setpoint__functions.h
[137.393s] -- Installing: /home/wh1te/ros2_ws/install/px4_msgs/include/px4_msgs/px4_msgs/msg/detail/autotune_attitude_control_status__struct.h
[137.393s] -- Installing: /home/wh1te/ros2_ws/install/px4_msgs/include/px4_msgs/px4_msgs/msg/detail/mavlink_log__type_support.h
[137.393s] -- Installing: /home/wh1te/ros2_ws/install/px4_msgs/include/px4_msgs/px4_msgs/msg/detail/gimbal_device_attitude_status__type_support.h
[137.394s] -- Installing: /home/wh1te/ros2_ws/install/px4_msgs/include/px4_msgs/px4_msgs/msg/detail/mode_completed__type_support.h
[137.394s] -- Installing: /home/wh1te/ros2_ws/install/px4_msgs/include/px4_msgs/px4_msgs/msg/detail/vehicle_command_ack__type_support.h
[137.394s] -- Installing: /home/wh1te/ros2_ws/install/px4_msgs/include/px4_msgs/px4_msgs/msg/detail/system_power__functions.c
[137.394s] -- Installing: /home/wh1te/ros2_ws/install/px4_msgs/include/px4_msgs/px4_msgs/msg/detail/estimator_status__struct.h
[137.394s] -- Installing: /home/wh1te/ros2_ws/install/px4_msgs/include/px4_msgs/px4_msgs/msg/detail/npfg_status__type_support.h
[137.394s] -- Installing: /home/wh1te/ros2_ws/install/px4_msgs/include/px4_msgs/px4_msgs/msg/detail/logger_status__functions.h
[137.394s] -- Installing: /home/wh1te/ros2_ws/install/px4_msgs/include/px4_msgs/px4_msgs/msg/detail/mission_result__functions.h
[137.394s] -- Installing: /home/wh1te/ros2_ws/install/px4_msgs/include/px4_msgs/px4_msgs/msg/detail/action_request__functions.c
[137.394s] -- Installing: /home/wh1te/ros2_ws/install/px4_msgs/include/px4_msgs/px4_msgs/msg/detail/orb_test_large__functions.c
[137.394s] -- Installing: /home/wh1te/ros2_ws/install/px4_msgs/include/px4_msgs/px4_msgs/msg/detail/vehicle_imu__functions.c
[137.394s] -- Installing: /home/wh1te/ros2_ws/install/px4_msgs/include/px4_msgs/px4_msgs/msg/detail/tiltrotor_extra_controls__functions.c
[137.394s] -- Installing: /home/wh1te/ros2_ws/install/px4_msgs/include/px4_msgs/px4_msgs/msg/detail/esc_status__functions.c
[137.394s] -- Installing: /home/wh1te/ros2_ws/install/px4_msgs/include/px4_msgs/px4_msgs/msg/detail/gimbal_manager_set_attitude__functions.h
[137.394s] -- Installing: /home/wh1te/ros2_ws/install/px4_msgs/include/px4_msgs/px4_msgs/msg/detail/geofence_result__functions.h
[137.395s] -- Installing: /home/wh1te/ros2_ws/install/px4_msgs/include/px4_msgs/px4_msgs/msg/detail/sensors_status_imu__functions.h
[137.395s] -- Installing: /home/wh1te/ros2_ws/install/px4_msgs/include/px4_msgs/px4_msgs/msg/detail/gimbal_device_information__struct.h
[137.395s] -- Installing: /home/wh1te/ros2_ws/install/px4_msgs/include/px4_msgs/px4_msgs/msg/detail/tecs_status__struct.h
[137.395s] -- Installing: /home/wh1te/ros2_ws/install/px4_msgs/include/px4_msgs/px4_msgs/msg/detail/estimator_gps_status__struct.h
[137.395s] -- Installing: /home/wh1te/ros2_ws/install/px4_msgs/include/px4_msgs/px4_msgs/msg/detail/cellular_status__functions.h
[137.395s] -- Installing: /home/wh1te/ros2_ws/install/px4_msgs/include/px4_msgs/px4_msgs/msg/detail/geofence_result__struct.h
[137.395s] -- Installing: /home/wh1te/ros2_ws/install/px4_msgs/include/px4_msgs/px4_msgs/msg/detail/airspeed_wind__type_support.h
[137.395s] -- Installing: /home/wh1te/ros2_ws/install/px4_msgs/include/px4_msgs/px4_msgs/msg/detail/obstacle_distance__functions.h
[137.395s] -- Installing: /home/wh1te/ros2_ws/install/px4_msgs/include/px4_msgs/px4_msgs/msg/detail/camera_capture__type_support.h
[137.395s] -- Installing: /home/wh1te/ros2_ws/install/px4_msgs/include/px4_msgs/px4_msgs/msg/detail/power_button_state__functions.c
[137.395s] -- Installing: /home/wh1te/ros2_ws/install/px4_msgs/include/px4_msgs/px4_msgs/msg/detail/cpuload__functions.c
[137.395s] -- Installing: /home/wh1te/ros2_ws/install/px4_msgs/include/px4_msgs/px4_msgs/msg/detail/estimator_status__functions.h
[137.395s] -- Installing: /home/wh1te/ros2_ws/install/px4_msgs/include/px4_msgs/px4_msgs/msg/detail/sensors_status__struct.h
[137.396s] -- Installing: /home/wh1te/ros2_ws/install/px4_msgs/include/px4_msgs/px4_msgs/msg/detail/position_controller_landing_status__struct.h
[137.396s] -- Installing: /home/wh1te/ros2_ws/install/px4_msgs/include/px4_msgs/px4_msgs/msg/detail/satellite_info__struct.h
[137.396s] -- Installing: /home/wh1te/ros2_ws/install/px4_msgs/include/px4_msgs/px4_msgs/msg/detail/rtl_time_estimate__functions.h
[137.396s] -- Installing: /home/wh1te/ros2_ws/install/px4_msgs/include/px4_msgs/px4_msgs/msg/detail/esc_report__functions.c
[137.396s] -- Installing: /home/wh1te/ros2_ws/install/px4_msgs/include/px4_msgs/px4_msgs/msg/detail/actuator_controls_status__struct.h
[137.396s] -- Installing: /home/wh1te/ros2_ws/install/px4_msgs/include/px4_msgs/px4_msgs/msg/detail/debug_value__functions.c
[137.396s] -- Installing: /home/wh1te/ros2_ws/install/px4_msgs/include/px4_msgs/px4_msgs/msg/detail/sensor_gnss_relative__functions.c
[137.396s] -- Installing: /home/wh1te/ros2_ws/install/px4_msgs/include/px4_msgs/px4_msgs/msg/detail/iridiumsbd_status__functions.h
[137.396s] -- Installing: /home/wh1te/ros2_ws/install/px4_msgs/include/px4_msgs/px4_msgs/msg/detail/orb_test__functions.h
[137.396s] -- Installing: /home/wh1te/ros2_ws/install/px4_msgs/include/px4_msgs/px4_msgs/msg/detail/mount_orientation__struct.h
[137.396s] -- Installing: /home/wh1te/ros2_ws/install/px4_msgs/include/px4_msgs/px4_msgs/msg/detail/position_controller_landing_status__functions.h
[137.396s] -- Installing: /home/wh1te/ros2_ws/install/px4_msgs/include/px4_msgs/px4_msgs/msg/detail/gimbal_device_set_attitude__type_support.h
[137.396s] -- Installing: /home/wh1te/ros2_ws/install/px4_msgs/include/px4_msgs/px4_msgs/msg/detail/rc_channels__struct.h
[137.397s] -- Installing: /home/wh1te/ros2_ws/install/px4_msgs/include/px4_msgs/px4_msgs/msg/detail/vehicle_thrust_setpoint__functions.c
[137.397s] -- Installing: /home/wh1te/ros2_ws/install/px4_msgs/include/px4_msgs/px4_msgs/msg/detail/mount_orientation__type_support.h
[137.397s] -- Installing: /home/wh1te/ros2_ws/install/px4_msgs/include/px4_msgs/px4_msgs/msg/detail/estimator_event_flags__struct.h
[137.397s] -- Installing: /home/wh1te/ros2_ws/install/px4_msgs/include/px4_msgs/px4_msgs/msg/detail/vehicle_roi__functions.h
[137.397s] -- Installing: /home/wh1te/ros2_ws/install/px4_msgs/include/px4_msgs/px4_msgs/msg/detail/vehicle_command_ack__functions.c
[137.397s] -- Installing: /home/wh1te/ros2_ws/install/px4_msgs/include/px4_msgs/px4_msgs/msg/detail/debug_key_value__struct.h
[137.397s] -- Installing: /home/wh1te/ros2_ws/install/px4_msgs/include/px4_msgs/px4_msgs/msg/detail/debug_key_value__functions.c
[137.397s] -- Installing: /home/wh1te/ros2_ws/install/px4_msgs/include/px4_msgs/px4_msgs/msg/detail/sensor_gnss_relative__struct.h
[137.397s] -- Installing: /home/wh1te/ros2_ws/install/px4_msgs/include/px4_msgs/px4_msgs/msg/detail/sensor_selection__functions.h
[137.397s] -- Installing: /home/wh1te/ros2_ws/install/px4_msgs/include/px4_msgs/px4_msgs/msg/detail/telemetry_status__functions.c
[137.397s] -- Installing: /home/wh1te/ros2_ws/install/px4_msgs/include/px4_msgs/px4_msgs/msg/detail/orb_test_large__functions.h
[137.397s] -- Installing: /home/wh1te/ros2_ws/install/px4_msgs/include/px4_msgs/px4_msgs/msg/detail/sensors_status_imu__struct.h
[137.397s] -- Installing: /home/wh1te/ros2_ws/install/px4_msgs/include/px4_msgs/px4_msgs/msg/detail/landing_target_pose__functions.c
[137.397s] -- Installing: /home/wh1te/ros2_ws/install/px4_msgs/include/px4_msgs/px4_msgs/msg/detail/vehicle_angular_velocity__functions.c
[137.397s] -- Installing: /home/wh1te/ros2_ws/install/px4_msgs/include/px4_msgs/px4_msgs/msg/detail/estimator_selector_status__functions.h
[137.398s] -- Installing: /home/wh1te/ros2_ws/install/px4_msgs/include/px4_msgs/px4_msgs/msg/detail/rc_channels__functions.h
[137.398s] -- Installing: /home/wh1te/ros2_ws/install/px4_msgs/include/px4_msgs/px4_msgs/msg/detail/rc_channels__functions.c
[137.398s] -- Installing: /home/wh1te/ros2_ws/install/px4_msgs/include/px4_msgs/px4_msgs/msg/detail/vehicle_control_mode__functions.h
[137.398s] -- Installing: /home/wh1te/ros2_ws/install/px4_msgs/include/px4_msgs/px4_msgs/msg/detail/vehicle_status__type_support.h
[137.398s] -- Installing: /home/wh1te/ros2_ws/install/px4_msgs/include/px4_msgs/px4_msgs/msg/detail/sensor_accel_fifo__struct.h
[137.398s] -- Installing: /home/wh1te/ros2_ws/install/px4_msgs/include/px4_msgs/px4_msgs/msg/detail/gimbal_device_set_attitude__struct.h
[137.398s] -- Installing: /home/wh1te/ros2_ws/install/px4_msgs/include/px4_msgs/px4_msgs/msg/detail/gripper__functions.c
[137.398s] -- Installing: /home/wh1te/ros2_ws/install/px4_msgs/include/px4_msgs/px4_msgs/msg/detail/cellular_status__struct.h
[137.398s] -- Installing: /home/wh1te/ros2_ws/install/px4_msgs/include/px4_msgs/px4_msgs/msg/detail/vehicle_local_position__functions.h
[137.398s] -- Installing: /home/wh1te/ros2_ws/install/px4_msgs/include/px4_msgs/px4_msgs/msg/detail/sensors_status__type_support.h
[137.398s] -- Installing: /home/wh1te/ros2_ws/install/px4_msgs/include/px4_msgs/px4_msgs/msg/detail/vehicle_angular_acceleration_setpoint__type_support.h
[137.398s] -- Installing: /home/wh1te/ros2_ws/install/px4_msgs/include/px4_msgs/px4_msgs/msg/detail/generator_status__functions.h
[137.398s] -- Installing: /home/wh1te/ros2_ws/install/px4_msgs/include/px4_msgs/px4_msgs/msg/detail/autotune_attitude_control_status__type_support.h
[137.398s] -- Installing: /home/wh1te/ros2_ws/install/px4_msgs/include/px4_msgs/px4_msgs/msg/detail/manual_control_setpoint__functions.c
[137.398s] -- Installing: /home/wh1te/ros2_ws/install/px4_msgs/include/px4_msgs/px4_msgs/msg/detail/radio_status__functions.h
[137.399s] -- Installing: /home/wh1te/ros2_ws/install/px4_msgs/include/px4_msgs/px4_msgs/msg/detail/estimator_aid_source1d__functions.h
[137.399s] -- Installing: /home/wh1te/ros2_ws/install/px4_msgs/include/px4_msgs/px4_msgs/msg/detail/onboard_computer_status__functions.c
[137.399s] -- Installing: /home/wh1te/ros2_ws/install/px4_msgs/include/px4_msgs/px4_msgs/msg/detail/rtl_time_estimate__struct.h
[137.399s] -- Installing: /home/wh1te/ros2_ws/install/px4_msgs/include/px4_msgs/px4_msgs/msg/detail/failure_detector_status__type_support.h
[137.399s] -- Installing: /home/wh1te/ros2_ws/install/px4_msgs/include/px4_msgs/px4_msgs/msg/detail/camera_capture__functions.h
[137.399s] -- Installing: /home/wh1te/ros2_ws/install/px4_msgs/include/px4_msgs/px4_msgs/msg/detail/control_allocator_status__struct.h
[137.399s] -- Installing: /home/wh1te/ros2_ws/install/px4_msgs/include/px4_msgs/px4_msgs/msg/detail/collision_constraints__functions.h
[137.399s] -- Installing: /home/wh1te/ros2_ws/install/px4_msgs/include/px4_msgs/px4_msgs/msg/detail/parameter_update__type_support.h
[137.399s] -- Installing: /home/wh1te/ros2_ws/install/px4_msgs/include/px4_msgs/px4_msgs/msg/detail/mission_result__functions.c
[137.399s] -- Installing: /home/wh1te/ros2_ws/install/px4_msgs/include/px4_msgs/px4_msgs/msg/detail/vehicle_command__functions.c
[137.399s] -- Installing: /home/wh1te/ros2_ws/install/px4_msgs/include/px4_msgs/px4_msgs/msg/detail/tune_control__type_support.h
[137.399s] -- Installing: /home/wh1te/ros2_ws/install/px4_msgs/include/px4_msgs/px4_msgs/msg/detail/vehicle_local_position_setpoint__functions.h
[137.399s] -- Installing: /home/wh1te/ros2_ws/install/px4_msgs/include/px4_msgs/px4_msgs/msg/detail/gimbal_device_attitude_status__struct.h
[137.399s] -- Installing: /home/wh1te/ros2_ws/install/px4_msgs/include/px4_msgs/px4_msgs/msg/detail/estimator_aid_source3d__type_support.h
[137.399s] -- Installing: /home/wh1te/ros2_ws/install/px4_msgs/include/px4_msgs/px4_msgs/msg/detail/vehicle_attitude_setpoint__functions.h
[137.400s] -- Installing: /home/wh1te/ros2_ws/install/px4_msgs/include/px4_msgs/px4_msgs/msg/detail/estimator_aid_source2d__functions.h
[137.400s] -- Installing: /home/wh1te/ros2_ws/install/px4_msgs/include/px4_msgs/px4_msgs/msg/detail/qshell_req__functions.c
[137.400s] -- Installing: /home/wh1te/ros2_ws/install/px4_msgs/include/px4_msgs/px4_msgs/msg/detail/actuator_test__functions.c
[137.400s] -- Installing: /home/wh1te/ros2_ws/install/px4_msgs/include/px4_msgs/px4_msgs/msg/detail/parameter_update__functions.h
[137.400s] -- Installing: /home/wh1te/ros2_ws/install/px4_msgs/include/px4_msgs/px4_msgs/msg/detail/actuator_armed__functions.c
[137.400s] -- Installing: /home/wh1te/ros2_ws/install/px4_msgs/include/px4_msgs/px4_msgs/msg/detail/estimator_innovations__struct.h
[137.400s] -- Installing: /home/wh1te/ros2_ws/install/px4_msgs/include/px4_msgs/px4_msgs/msg/detail/position_controller_status__functions.c
[137.400s] -- Installing: /home/wh1te/ros2_ws/install/px4_msgs/include/px4_msgs/px4_msgs/msg/detail/magnetometer_bias_estimate__type_support.h
[137.400s] -- Installing: /home/wh1te/ros2_ws/install/px4_msgs/include/px4_msgs/px4_msgs/msg/detail/landing_gear_wheel__functions.c
[137.400s] -- Installing: /home/wh1te/ros2_ws/install/px4_msgs/include/px4_msgs/px4_msgs/msg/detail/sensor_gnss_relative__type_support.h
[137.400s] -- Installing: /home/wh1te/ros2_ws/install/px4_msgs/include/px4_msgs/px4_msgs/msg/detail/takeoff_status__struct.h
[137.400s] -- Installing: /home/wh1te/ros2_ws/install/px4_msgs/include/px4_msgs/px4_msgs/msg/detail/gimbal_manager_information__type_support.h
[137.400s] -- Installing: /home/wh1te/ros2_ws/install/px4_msgs/include/px4_msgs/px4_msgs/msg/detail/actuator_armed__struct.h
[137.400s] -- Installing: /home/wh1te/ros2_ws/install/px4_msgs/include/px4_msgs/px4_msgs/msg/detail/trajectory_setpoint__functions.h
[137.400s] -- Installing: /home/wh1te/ros2_ws/install/px4_msgs/include/px4_msgs/px4_msgs/msg/detail/sensor_gyro_fft__functions.c
[137.401s] -- Installing: /home/wh1te/ros2_ws/install/px4_msgs/include/px4_msgs/px4_msgs/msg/detail/sensor_correction__functions.c
[137.401s] -- Installing: /home/wh1te/ros2_ws/install/px4_msgs/include/px4_msgs/px4_msgs/msg/detail/gimbal_controls__functions.c
[137.401s] -- Installing: /home/wh1te/ros2_ws/install/px4_msgs/include/px4_msgs/px4_msgs/msg/detail/vehicle_thrust_setpoint__struct.h
[137.401s] -- Installing: /home/wh1te/ros2_ws/install/px4_msgs/include/px4_msgs/px4_msgs/msg/detail/landing_target_pose__type_support.h
[137.401s] -- Installing: /home/wh1te/ros2_ws/install/px4_msgs/include/px4_msgs/px4_msgs/msg/detail/vehicle_rates_setpoint__struct.h
[137.401s] -- Installing: /home/wh1te/ros2_ws/install/px4_msgs/include/px4_msgs/px4_msgs/msg/detail/rpm__struct.h
[137.401s] -- Installing: /home/wh1te/ros2_ws/install/px4_msgs/include/px4_msgs/px4_msgs/msg/detail/vtol_vehicle_status__struct.h
[137.401s] -- Installing: /home/wh1te/ros2_ws/install/px4_msgs/include/px4_msgs/px4_msgs/msg/detail/sensor_selection__struct.h
[137.401s] -- Installing: /home/wh1te/ros2_ws/install/px4_msgs/include/px4_msgs/px4_msgs/msg/detail/rc_parameter_map__functions.h
[137.401s] -- Installing: /home/wh1te/ros2_ws/install/px4_msgs/include/px4_msgs/px4_msgs/msg/detail/estimator_innovations__functions.h
[137.401s] -- Installing: /home/wh1te/ros2_ws/install/px4_msgs/include/px4_msgs/px4_msgs/msg/detail/sensor_gyro_fft__struct.h
[137.401s] -- Installing: /home/wh1te/ros2_ws/install/px4_msgs/include/px4_msgs/px4_msgs/msg/detail/takeoff_status__type_support.h
[137.401s] -- Installing: /home/wh1te/ros2_ws/install/px4_msgs/include/px4_msgs/px4_msgs/msg/detail/vehicle_attitude__type_support.h
[137.402s] -- Installing: /home/wh1te/ros2_ws/install/px4_msgs/include/px4_msgs/px4_msgs/msg/detail/ulog_stream_ack__functions.c
[137.402s] -- Installing: /home/wh1te/ros2_ws/install/px4_msgs/include/px4_msgs/px4_msgs/msg/detail/tune_control__functions.h
[137.402s] -- Installing: /home/wh1te/ros2_ws/install/px4_msgs/include/px4_msgs/px4_msgs/msg/detail/event__functions.h
[137.402s] -- Installing: /home/wh1te/ros2_ws/install/px4_msgs/include/px4_msgs/px4_msgs/msg/detail/px4io_status__type_support.h
[137.402s] -- Installing: /home/wh1te/ros2_ws/install/px4_msgs/include/px4_msgs/px4_msgs/msg/detail/sensor_mag__type_support.h
[137.402s] -- Installing: /home/wh1te/ros2_ws/install/px4_msgs/include/px4_msgs/px4_msgs/msg/detail/gimbal_manager_set_attitude__type_support.h
[137.402s] -- Installing: /home/wh1te/ros2_ws/install/px4_msgs/include/px4_msgs/px4_msgs/msg/detail/cpuload__functions.h
[137.402s] -- Installing: /home/wh1te/ros2_ws/install/px4_msgs/include/px4_msgs/px4_msgs/msg/detail/debug_value__struct.h
[137.402s] -- Installing: /home/wh1te/ros2_ws/install/px4_msgs/include/px4_msgs/px4_msgs/msg/detail/sensor_accel_fifo__functions.c
[137.402s] -- Installing: /home/wh1te/ros2_ws/install/px4_msgs/include/px4_msgs/px4_msgs/msg/detail/estimator_selector_status__functions.c
[137.402s] -- Installing: /home/wh1te/ros2_ws/install/px4_msgs/include/px4_msgs/px4_msgs/msg/detail/mavlink_tunnel__struct.h
[137.402s] -- Installing: /home/wh1te/ros2_ws/install/px4_msgs/include/px4_msgs/px4_msgs/msg/detail/uavcan_parameter_request__struct.h
[137.402s] -- Installing: /home/wh1te/ros2_ws/install/px4_msgs/include/px4_msgs/px4_msgs/msg/detail/pps_capture__functions.h
[137.402s] -- Installing: /home/wh1te/ros2_ws/install/px4_msgs/include/px4_msgs/px4_msgs/msg/detail/sensor_baro__functions.c
[137.402s] -- Installing: /home/wh1te/ros2_ws/install/px4_msgs/include/px4_msgs/px4_msgs/msg/detail/vehicle_magnetometer__struct.h
[137.403s] -- Installing: /home/wh1te/ros2_ws/install/px4_msgs/include/px4_msgs/px4_msgs/msg/detail/offboard_control_mode__type_support.h
[137.403s] -- Installing: /home/wh1te/ros2_ws/install/px4_msgs/include/px4_msgs/px4_msgs/msg/detail/airspeed_wind__functions.h
[137.403s] -- Installing: /home/wh1te/ros2_ws/install/px4_msgs/include/px4_msgs/px4_msgs/msg/detail/vehicle_local_position__struct.h
[137.403s] -- Installing: /home/wh1te/ros2_ws/install/px4_msgs/include/px4_msgs/px4_msgs/msg/detail/vehicle_angular_acceleration_setpoint__functions.c
[137.403s] -- Installing: /home/wh1te/ros2_ws/install/px4_msgs/include/px4_msgs/px4_msgs/msg/detail/action_request__struct.h
[137.403s] -- Installing: /home/wh1te/ros2_ws/install/px4_msgs/include/px4_msgs/px4_msgs/msg/detail/mag_worker_data__functions.h
[137.403s] -- Installing: /home/wh1te/ros2_ws/install/px4_msgs/include/px4_msgs/px4_msgs/msg/detail/sensor_combined__struct.h
[137.403s] -- Installing: /home/wh1te/ros2_ws/install/px4_msgs/include/px4_msgs/px4_msgs/msg/detail/generator_status__functions.c
[137.403s] -- Installing: /home/wh1te/ros2_ws/install/px4_msgs/include/px4_msgs/px4_msgs/msg/detail/gimbal_controls__struct.h
[137.403s] -- Installing: /home/wh1te/ros2_ws/install/px4_msgs/include/px4_msgs/px4_msgs/msg/detail/vehicle_command_ack__functions.h
[137.403s] -- Installing: /home/wh1te/ros2_ws/install/px4_msgs/include/px4_msgs/px4_msgs/msg/detail/vehicle_control_mode__struct.h
[137.403s] -- Installing: /home/wh1te/ros2_ws/install/px4_msgs/include/px4_msgs/px4_msgs/msg/detail/gimbal_device_attitude_status__functions.c
[137.403s] -- Installing: /home/wh1te/ros2_ws/install/px4_msgs/include/px4_msgs/px4_msgs/msg/detail/generator_status__type_support.h
[137.403s] -- Installing: /home/wh1te/ros2_ws/install/px4_msgs/include/px4_msgs/px4_msgs/msg/detail/power_button_state__type_support.h
[137.403s] -- Installing: /home/wh1te/ros2_ws/install/px4_msgs/include/px4_msgs/px4_msgs/msg/detail/tune_control__functions.c
[137.404s] -- Installing: /home/wh1te/ros2_ws/install/px4_msgs/include/px4_msgs/px4_msgs/msg/detail/gripper__functions.h
[137.404s] -- Installing: /home/wh1te/ros2_ws/install/px4_msgs/include/px4_msgs/px4_msgs/msg/detail/estimator_bias__struct.h
[137.404s] -- Installing: /home/wh1te/ros2_ws/install/px4_msgs/include/px4_msgs/px4_msgs/msg/detail/sensor_gnss_relative__functions.h
[137.404s] -- Installing: /home/wh1te/ros2_ws/install/px4_msgs/include/px4_msgs/px4_msgs/msg/detail/ekf2_timestamps__struct.h
[137.404s] -- Installing: /home/wh1te/ros2_ws/install/px4_msgs/include/px4_msgs/px4_msgs/msg/detail/estimator_aid_source3d__functions.c
[137.404s] -- Installing: /home/wh1te/ros2_ws/install/px4_msgs/include/px4_msgs/px4_msgs/msg/detail/vehicle_acceleration__functions.h
[137.404s] -- Installing: /home/wh1te/ros2_ws/install/px4_msgs/include/px4_msgs/px4_msgs/msg/detail/estimator_states__type_support.h
[137.404s] -- Installing: /home/wh1te/ros2_ws/install/px4_msgs/include/px4_msgs/px4_msgs/msg/detail/battery_status__functions.h
[137.404s] -- Installing: /home/wh1te/ros2_ws/install/px4_msgs/include/px4_msgs/px4_msgs/msg/detail/rc_parameter_map__functions.c
[137.404s] -- Installing: /home/wh1te/ros2_ws/install/px4_msgs/include/px4_msgs/px4_msgs/msg/detail/geofence_result__type_support.h
[137.404s] -- Installing: /home/wh1te/ros2_ws/install/px4_msgs/include/px4_msgs/px4_msgs/msg/detail/hover_thrust_estimate__functions.c
[137.404s] -- Installing: /home/wh1te/ros2_ws/install/px4_msgs/include/px4_msgs/px4_msgs/msg/detail/system_power__functions.h
[137.404s] -- Installing: /home/wh1te/ros2_ws/install/px4_msgs/include/px4_msgs/px4_msgs/msg/detail/estimator_gps_status__type_support.h
[137.404s] -- Installing: /home/wh1te/ros2_ws/install/px4_msgs/include/px4_msgs/px4_msgs/msg/detail/uavcan_parameter_value__functions.c
[137.404s] -- Installing: /home/wh1te/ros2_ws/install/px4_msgs/include/px4_msgs/px4_msgs/msg/detail/actuator_controls_status__functions.h
[137.405s] -- Installing: /home/wh1te/ros2_ws/install/px4_msgs/include/px4_msgs/px4_msgs/msg/detail/estimator_sensor_bias__functions.h
[137.405s] -- Installing: /home/wh1te/ros2_ws/install/px4_msgs/include/px4_msgs/px4_msgs/msg/detail/wind__functions.h
[137.405s] -- Installing: /home/wh1te/ros2_ws/install/px4_msgs/include/px4_msgs/px4_msgs/msg/detail/actuator_controls_status__functions.c
[137.405s] -- Installing: /home/wh1te/ros2_ws/install/px4_msgs/include/px4_msgs/px4_msgs/msg/detail/input_rc__struct.h
[137.405s] -- Installing: /home/wh1te/ros2_ws/install/px4_msgs/include/px4_msgs/px4_msgs/msg/detail/power_monitor__struct.h
[137.405s] -- Installing: /home/wh1te/ros2_ws/install/px4_msgs/include/px4_msgs/px4_msgs/msg/detail/sensor_selection__type_support.h
[137.405s] -- Installing: /home/wh1te/ros2_ws/install/px4_msgs/include/px4_msgs/px4_msgs/msg/detail/gimbal_manager_set_manual_control__functions.h
[137.405s] -- Installing: /home/wh1te/ros2_ws/install/px4_msgs/include/px4_msgs/px4_msgs/msg/detail/vehicle_air_data__functions.c
[137.405s] -- Installing: /home/wh1te/ros2_ws/install/px4_msgs/include/px4_msgs/px4_msgs/msg/detail/launch_detection_status__functions.c
[137.405s] -- Installing: /home/wh1te/ros2_ws/install/px4_msgs/include/px4_msgs/px4_msgs/msg/detail/sensor_mag__struct.h
[137.405s] -- Installing: /home/wh1te/ros2_ws/install/px4_msgs/include/px4_msgs/px4_msgs/msg/detail/power_monitor__type_support.h
[137.405s] -- Installing: /home/wh1te/ros2_ws/install/px4_msgs/include/px4_msgs/px4_msgs/msg/detail/gimbal_device_set_attitude__functions.h
[137.405s] -- Installing: /home/wh1te/ros2_ws/install/px4_msgs/include/px4_msgs/px4_msgs/msg/detail/home_position__functions.h
[137.405s] -- Installing: /home/wh1te/ros2_ws/install/px4_msgs/include/px4_msgs/px4_msgs/msg/detail/sensor_optical_flow__struct.h
[137.406s] -- Installing: /home/wh1te/ros2_ws/install/px4_msgs/include/px4_msgs/px4_msgs/msg/detail/camera_trigger__functions.c
[137.406s] -- Installing: /home/wh1te/ros2_ws/install/px4_msgs/include/px4_msgs/px4_msgs/msg/detail/yaw_estimator_status__struct.h
[137.406s] -- Installing: /home/wh1te/ros2_ws/install/px4_msgs/include/px4_msgs/px4_msgs/msg/detail/actuator_motors__functions.h
[137.406s] -- Installing: /home/wh1te/ros2_ws/install/px4_msgs/include/px4_msgs/px4_msgs/msg/detail/battery_status__type_support.h
[137.406s] -- Installing: /home/wh1te/ros2_ws/install/px4_msgs/include/px4_msgs/px4_msgs/msg/detail/yaw_estimator_status__functions.c
[137.406s] -- Installing: /home/wh1te/ros2_ws/install/px4_msgs/include/px4_msgs/px4_msgs/msg/detail/airspeed_validated__struct.h
[137.406s] -- Installing: /home/wh1te/ros2_ws/install/px4_msgs/include/px4_msgs/px4_msgs/msg/detail/power_button_state__functions.h
[137.406s] -- Installing: /home/wh1te/ros2_ws/install/px4_msgs/include/px4_msgs/px4_msgs/msg/detail/camera_capture__functions.c
[137.406s] -- Installing: /home/wh1te/ros2_ws/install/px4_msgs/include/px4_msgs/px4_msgs/msg/detail/follow_target_status__struct.h
[137.406s] -- Installing: /home/wh1te/ros2_ws/install/px4_msgs/include/px4_msgs/px4_msgs/msg/detail/hover_thrust_estimate__type_support.h
[137.406s] -- Installing: /home/wh1te/ros2_ws/install/px4_msgs/include/px4_msgs/px4_msgs/msg/detail/vehicle_trajectory_waypoint__functions.h
[137.406s] -- Installing: /home/wh1te/ros2_ws/install/px4_msgs/include/px4_msgs/px4_msgs/msg/detail/mavlink_log__functions.h
[137.406s] -- Installing: /home/wh1te/ros2_ws/install/px4_msgs/include/px4_msgs/px4_msgs/msg/detail/task_stack_info__type_support.h
[137.406s] -- Installing: /home/wh1te/ros2_ws/install/px4_msgs/include/px4_msgs/px4_msgs/msg/detail/navigator_mission_item__functions.c
[137.406s] -- Installing: /home/wh1te/ros2_ws/install/px4_msgs/include/px4_msgs/px4_msgs/msg/detail/vehicle_odometry__type_support.h
[137.407s] -- Installing: /home/wh1te/ros2_ws/install/px4_msgs/include/px4_msgs/px4_msgs/msg/detail/orb_test__functions.c
[137.407s] -- Installing: /home/wh1te/ros2_ws/install/px4_msgs/include/px4_msgs/px4_msgs/msg/detail/sensor_hygrometer__type_support.h
[137.407s] -- Installing: /home/wh1te/ros2_ws/install/px4_msgs/include/px4_msgs/px4_msgs/msg/detail/debug_value__type_support.h
[137.407s] -- Installing: /home/wh1te/ros2_ws/install/px4_msgs/include/px4_msgs/px4_msgs/msg/detail/landing_gear_wheel__struct.h
[137.407s] -- Installing: /home/wh1te/ros2_ws/install/px4_msgs/include/px4_msgs/px4_msgs/msg/detail/vehicle_torque_setpoint__functions.h
[137.407s] -- Installing: /home/wh1te/ros2_ws/install/px4_msgs/include/px4_msgs/px4_msgs/msg/detail/internal_combustion_engine_status__functions.h
[137.407s] -- Installing: /home/wh1te/ros2_ws/install/px4_msgs/include/px4_msgs/px4_msgs/msg/detail/position_setpoint__functions.c
[137.407s] -- Installing: /home/wh1te/ros2_ws/install/px4_msgs/include/px4_msgs/px4_msgs/msg/detail/sensor_combined__type_support.h
[137.407s] -- Installing: /home/wh1te/ros2_ws/install/px4_msgs/include/px4_msgs/px4_msgs/msg/detail/vehicle_control_mode__functions.c
[137.407s] -- Installing: /home/wh1te/ros2_ws/install/px4_msgs/include/px4_msgs/px4_msgs/msg/detail/vehicle_land_detected__struct.h
[137.407s] -- Installing: /home/wh1te/ros2_ws/install/px4_msgs/include/px4_msgs/px4_msgs/msg/detail/collision_report__type_support.h
[137.407s] -- Installing: /home/wh1te/ros2_ws/install/px4_msgs/include/px4_msgs/px4_msgs/msg/detail/landing_gear_wheel__type_support.h
[137.407s] -- Installing: /home/wh1te/ros2_ws/install/px4_msgs/include/px4_msgs/px4_msgs/msg/detail/gps_inject_data__struct.h
[137.407s] -- Installing: /home/wh1te/ros2_ws/install/px4_msgs/include/px4_msgs/px4_msgs/msg/detail/uavcan_parameter_request__functions.c
[137.408s] -- Installing: /home/wh1te/ros2_ws/install/px4_msgs/include/px4_msgs/px4_msgs/msg/detail/sensor_baro__functions.h
[137.408s] -- Installing: /home/wh1te/ros2_ws/install/px4_msgs/include/px4_msgs/px4_msgs/msg/detail/gimbal_controls__type_support.h
[137.408s] -- Installing: /home/wh1te/ros2_ws/install/px4_msgs/include/px4_msgs/px4_msgs/msg/detail/home_position__type_support.h
[137.408s] -- Installing: /home/wh1te/ros2_ws/install/px4_msgs/include/px4_msgs/px4_msgs/msg/detail/telemetry_status__struct.h
[137.408s] -- Installing: /home/wh1te/ros2_ws/install/px4_msgs/include/px4_msgs/px4_msgs/msg/detail/gimbal_device_attitude_status__functions.h
[137.408s] -- Installing: /home/wh1te/ros2_ws/install/px4_msgs/include/px4_msgs/px4_msgs/msg/detail/sensor_gyro_fft__type_support.h
[137.408s] -- Installing: /home/wh1te/ros2_ws/install/px4_msgs/include/px4_msgs/px4_msgs/msg/detail/orbit_status__functions.h
[137.408s] -- Installing: /home/wh1te/ros2_ws/install/px4_msgs/include/px4_msgs/px4_msgs/msg/detail/vehicle_constraints__functions.h
[137.408s] -- Installing: /home/wh1te/ros2_ws/install/px4_msgs/include/px4_msgs/px4_msgs/msg/detail/pwm_input__functions.c
[137.408s] -- Installing: /home/wh1te/ros2_ws/install/px4_msgs/include/px4_msgs/px4_msgs/msg/detail/event__functions.c
[137.408s] -- Installing: /home/wh1te/ros2_ws/install/px4_msgs/include/px4_msgs/px4_msgs/msg/detail/vehicle_status__struct.h
[137.408s] -- Installing: /home/wh1te/ros2_ws/install/px4_msgs/include/px4_msgs/px4_msgs/msg/detail/estimator_bias__functions.c
[137.408s] -- Installing: /home/wh1te/ros2_ws/install/px4_msgs/include/px4_msgs/px4_msgs/msg/detail/sensor_hygrometer__struct.h
[137.408s] -- Installing: /home/wh1te/ros2_ws/install/px4_msgs/include/px4_msgs/px4_msgs/msg/detail/internal_combustion_engine_status__type_support.h
[137.409s] -- Installing: /home/wh1te/ros2_ws/install/px4_msgs/include/px4_msgs/px4_msgs/msg/detail/irlock_report__struct.h
[137.409s] -- Installing: /home/wh1te/ros2_ws/install/px4_msgs/include/px4_msgs/px4_msgs/msg/detail/manual_control_switches__functions.h
[137.409s] -- Installing: /home/wh1te/ros2_ws/install/px4_msgs/include/px4_msgs/px4_msgs/msg/detail/actuator_servos__functions.h
[137.409s] -- Installing: /home/wh1te/ros2_ws/install/px4_msgs/include/px4_msgs/px4_msgs/msg/detail/gimbal_manager_set_manual_control__struct.h
[137.409s] -- Installing: /home/wh1te/ros2_ws/install/px4_msgs/include/px4_msgs/px4_msgs/msg/detail/mavlink_tunnel__functions.c
[137.409s] -- Installing: /home/wh1te/ros2_ws/install/px4_msgs/include/px4_msgs/px4_msgs/msg/detail/sensor_gyro_fifo__functions.h
[137.409s] -- Installing: /home/wh1te/ros2_ws/install/px4_msgs/include/px4_msgs/px4_msgs/msg/detail/landing_target_innovations__type_support.h
[137.409s] -- Installing: /home/wh1te/ros2_ws/install/px4_msgs/include/px4_msgs/px4_msgs/msg/detail/landing_gear__functions.h
[137.409s] -- Installing: /home/wh1te/ros2_ws/install/px4_msgs/include/px4_msgs/px4_msgs/msg/detail/hover_thrust_estimate__struct.h
[137.409s] -- Installing: /home/wh1te/ros2_ws/install/px4_msgs/include/px4_msgs/px4_msgs/msg/detail/gimbal_device_information__functions.h
[137.409s] -- Installing: /home/wh1te/ros2_ws/install/px4_msgs/include/px4_msgs/px4_msgs/msg/detail/heater_status__struct.h
[137.409s] -- Installing: /home/wh1te/ros2_ws/install/px4_msgs/include/px4_msgs/px4_msgs/msg/detail/transponder_report__functions.c
[137.409s] -- Installing: /home/wh1te/ros2_ws/install/px4_msgs/include/px4_msgs/px4_msgs/msg/detail/actuator_servos_trim__struct.h
[137.409s] -- Installing: /home/wh1te/ros2_ws/install/px4_msgs/include/px4_msgs/px4_msgs/msg/detail/landing_target_innovations__functions.c
[137.409s] -- Installing: /home/wh1te/ros2_ws/install/px4_msgs/include/px4_msgs/px4_msgs/msg/detail/rtl_time_estimate__type_support.h
[137.410s] -- Installing: /home/wh1te/ros2_ws/install/px4_msgs/include/px4_msgs/px4_msgs/msg/detail/vehicle_thrust_setpoint__functions.h
[137.410s] -- Installing: /home/wh1te/ros2_ws/install/px4_msgs/include/px4_msgs/px4_msgs/msg/detail/telemetry_status__functions.h
[137.410s] -- Installing: /home/wh1te/ros2_ws/install/px4_msgs/include/px4_msgs/px4_msgs/msg/detail/vehicle_trajectory_bezier__functions.h
[137.410s] -- Installing: /home/wh1te/ros2_ws/install/px4_msgs/include/px4_msgs/px4_msgs/msg/detail/gimbal_manager_set_attitude__struct.h
[137.410s] -- Installing: /home/wh1te/ros2_ws/install/px4_msgs/include/px4_msgs/px4_msgs/msg/detail/pps_capture__type_support.h
[137.410s] -- Installing: /home/wh1te/ros2_ws/install/px4_msgs/include/px4_msgs/px4_msgs/msg/detail/mission_result__type_support.h
[137.410s] -- Installing: /home/wh1te/ros2_ws/install/px4_msgs/include/px4_msgs/px4_msgs/msg/detail/esc_status__functions.h
[137.410s] -- Installing: /home/wh1te/ros2_ws/install/px4_msgs/include/px4_msgs/px4_msgs/msg/detail/sensor_gyro__functions.c
[137.410s] -- Installing: /home/wh1te/ros2_ws/install/px4_msgs/include/px4_msgs/px4_msgs/msg/detail/actuator_outputs__functions.h
[137.410s] -- Installing: /home/wh1te/ros2_ws/install/px4_msgs/include/px4_msgs/px4_msgs/msg/detail/vehicle_air_data__type_support.h
[137.410s] -- Installing: /home/wh1te/ros2_ws/install/px4_msgs/include/px4_msgs/px4_msgs/msg/detail/trajectory_waypoint__functions.h
[137.410s] -- Installing: /home/wh1te/ros2_ws/install/px4_msgs/include/px4_msgs/px4_msgs/msg/detail/ulog_stream_ack__struct.h
[137.410s] -- Installing: /home/wh1te/ros2_ws/install/px4_msgs/include/px4_msgs/px4_msgs/msg/detail/npfg_status__functions.h
[137.410s] -- Installing: /home/wh1te/ros2_ws/install/px4_msgs/include/px4_msgs/px4_msgs/msg/detail/vehicle_status__functions.h
[137.410s] -- Installing: /home/wh1te/ros2_ws/install/px4_msgs/include/px4_msgs/px4_msgs/msg/detail/sensor_gyro_fifo__functions.c
[137.411s] -- Installing: /home/wh1te/ros2_ws/install/px4_msgs/include/px4_msgs/px4_msgs/msg/detail/sensor_accel__struct.h
[137.411s] -- Installing: /home/wh1te/ros2_ws/install/px4_msgs/include/px4_msgs/px4_msgs/msg/detail/debug_vect__functions.h
[137.411s] -- Installing: /home/wh1te/ros2_ws/install/px4_msgs/include/px4_msgs/px4_msgs/msg/detail/rate_ctrl_status__functions.h
[137.411s] -- Installing: /home/wh1te/ros2_ws/install/px4_msgs/include/px4_msgs/px4_msgs/msg/detail/mode_completed__struct.h
[137.411s] -- Installing: /home/wh1te/ros2_ws/install/px4_msgs/include/px4_msgs/px4_msgs/msg/detail/collision_constraints__functions.c
[137.411s] -- Installing: /home/wh1te/ros2_ws/install/px4_msgs/include/px4_msgs/px4_msgs/msg/detail/estimator_selector_status__type_support.h
[137.411s] -- Installing: /home/wh1te/ros2_ws/install/px4_msgs/include/px4_msgs/px4_msgs/msg/detail/onboard_computer_status__type_support.h
[137.411s] -- Installing: /home/wh1te/ros2_ws/install/px4_msgs/include/px4_msgs/px4_msgs/msg/detail/estimator_bias3d__functions.c
[137.411s] -- Installing: /home/wh1te/ros2_ws/install/px4_msgs/include/px4_msgs/px4_msgs/msg/detail/tune_control__struct.h
[137.411s] -- Installing: /home/wh1te/ros2_ws/install/px4_msgs/include/px4_msgs/px4_msgs/msg/detail/trajectory_setpoint__functions.c
[137.411s] -- Installing: /home/wh1te/ros2_ws/install/px4_msgs/include/px4_msgs/px4_msgs/msg/detail/autotune_attitude_control_status__functions.h
[137.411s] -- Installing: /home/wh1te/ros2_ws/install/px4_msgs/include/px4_msgs/px4_msgs/msg/detail/differential_pressure__functions.c
[137.411s] -- Installing: /home/wh1te/ros2_ws/install/px4_msgs/include/px4_msgs/px4_msgs/msg/detail/sensor_gps__type_support.h
[137.411s] -- Installing: /home/wh1te/ros2_ws/install/px4_msgs/include/px4_msgs/px4_msgs/msg/detail/internal_combustion_engine_status__struct.h
[137.412s] -- Installing: /home/wh1te/ros2_ws/install/px4_msgs/include/px4_msgs/px4_msgs/msg/detail/cellular_status__functions.c
[137.412s] -- Installing: /home/wh1te/ros2_ws/install/px4_msgs/include/px4_msgs/px4_msgs/msg/detail/vehicle_optical_flow__struct.h
[137.412s] -- Installing: /home/wh1te/ros2_ws/install/px4_msgs/include/px4_msgs/px4_msgs/msg/detail/tecs_status__functions.c
[137.412s] -- Installing: /home/wh1te/ros2_ws/install/px4_msgs/include/px4_msgs/px4_msgs/msg/detail/failsafe_flags__struct.h
[137.412s] -- Installing: /home/wh1te/ros2_ws/install/px4_msgs/include/px4_msgs/px4_msgs/msg/detail/mission__struct.h
[137.412s] -- Installing: /home/wh1te/ros2_ws/install/px4_msgs/include/px4_msgs/px4_msgs/msg/detail/vehicle_command__functions.h
[137.412s] -- Installing: /home/wh1te/ros2_ws/install/px4_msgs/include/px4_msgs/px4_msgs/msg/detail/magnetometer_bias_estimate__functions.c
[137.412s] -- Installing: /home/wh1te/ros2_ws/install/px4_msgs/include/px4_msgs/px4_msgs/msg/detail/vehicle_global_position__functions.h
[137.412s] -- Installing: /home/wh1te/ros2_ws/install/px4_msgs/include/px4_msgs/px4_msgs/msg/detail/obstacle_distance__struct.h
[137.412s] -- Installing: /home/wh1te/ros2_ws/install/px4_msgs/include/px4_msgs/px4_msgs/msg/detail/button_event__functions.h
[137.412s] -- Installing: /home/wh1te/ros2_ws/install/px4_msgs/include/px4_msgs/px4_msgs/msg/detail/esc_status__type_support.h
[137.412s] -- Installing: /home/wh1te/ros2_ws/install/px4_msgs/include/px4_msgs/px4_msgs/msg/detail/logger_status__struct.h
[137.412s] -- Installing: /home/wh1te/ros2_ws/install/px4_msgs/include/px4_msgs/px4_msgs/msg/detail/battery_status__struct.h
[137.412s] -- Installing: /home/wh1te/ros2_ws/install/px4_msgs/include/px4_msgs/px4_msgs/msg/detail/task_stack_info__functions.h
[137.412s] -- Installing: /home/wh1te/ros2_ws/install/px4_msgs/include/px4_msgs/px4_msgs/msg/detail/ulog_stream__struct.h
[137.413s] -- Installing: /home/wh1te/ros2_ws/install/px4_msgs/include/px4_msgs/px4_msgs/msg/detail/uavcan_parameter_value__type_support.h
[137.413s] -- Installing: /home/wh1te/ros2_ws/install/px4_msgs/include/px4_msgs/px4_msgs/msg/detail/vehicle_land_detected__functions.c
[137.413s] -- Installing: /home/wh1te/ros2_ws/install/px4_msgs/include/px4_msgs/px4_msgs/msg/detail/vehicle_imu__type_support.h
[137.413s] -- Installing: /home/wh1te/ros2_ws/install/px4_msgs/include/px4_msgs/px4_msgs/msg/detail/position_controller_status__functions.h
[137.413s] -- Installing: /home/wh1te/ros2_ws/install/px4_msgs/include/px4_msgs/px4_msgs/msg/detail/sensor_preflight_mag__functions.c
[137.413s] -- Installing: /home/wh1te/ros2_ws/install/px4_msgs/include/px4_msgs/px4_msgs/msg/detail/vehicle_global_position__functions.c
[137.413s] -- Installing: /home/wh1te/ros2_ws/install/px4_msgs/include/px4_msgs/px4_msgs/msg/detail/position_setpoint__functions.h
[137.413s] -- Installing: /home/wh1te/ros2_ws/install/px4_msgs/include/px4_msgs/px4_msgs/msg/detail/vehicle_imu_status__functions.h
[137.413s] -- Installing: /home/wh1te/ros2_ws/install/px4_msgs/include/px4_msgs/px4_msgs/msg/detail/vehicle_local_position__functions.c
[137.413s] -- Installing: /home/wh1te/ros2_ws/install/px4_msgs/include/px4_msgs/px4_msgs/msg/detail/estimator_sensor_bias__type_support.h
[137.413s] -- Installing: /home/wh1te/ros2_ws/install/px4_msgs/include/px4_msgs/px4_msgs/msg/detail/navigator_mission_item__type_support.h
[137.413s] -- Installing: /home/wh1te/ros2_ws/install/px4_msgs/include/px4_msgs/px4_msgs/msg/detail/estimator_bias__type_support.h
[137.413s] -- Installing: /home/wh1te/ros2_ws/install/px4_msgs/include/px4_msgs/px4_msgs/msg/detail/vtol_vehicle_status__type_support.h
[137.413s] -- Installing: /home/wh1te/ros2_ws/install/px4_msgs/include/px4_msgs/px4_msgs/msg/detail/adc_report__struct.h
[137.414s] -- Installing: /home/wh1te/ros2_ws/install/px4_msgs/include/px4_msgs/px4_msgs/msg/detail/mavlink_tunnel__type_support.h
[137.414s] -- Installing: /home/wh1te/ros2_ws/install/px4_msgs/include/px4_msgs/px4_msgs/msg/detail/estimator_aid_source1d__type_support.h
[137.414s] -- Installing: /home/wh1te/ros2_ws/install/px4_msgs/include/px4_msgs/px4_msgs/msg/detail/event__type_support.h
[137.414s] -- Installing: /home/wh1te/ros2_ws/install/px4_msgs/include/px4_msgs/px4_msgs/msg/detail/telemetry_status__type_support.h
[137.414s] -- Installing: /home/wh1te/ros2_ws/install/px4_msgs/include/px4_msgs/px4_msgs/msg/detail/irlock_report__type_support.h
[137.414s] -- Installing: /home/wh1te/ros2_ws/install/px4_msgs/include/px4_msgs/px4_msgs/msg/detail/differential_pressure__struct.h
[137.414s] -- Installing: /home/wh1te/ros2_ws/install/px4_msgs/include/px4_msgs/px4_msgs/msg/detail/heater_status__functions.c
[137.414s] -- Installing: /home/wh1te/ros2_ws/install/px4_msgs/include/px4_msgs/px4_msgs/msg/detail/event__struct.h
[137.414s] -- Installing: /home/wh1te/ros2_ws/install/px4_msgs/include/px4_msgs/px4_msgs/msg/detail/vtol_vehicle_status__functions.c
[137.414s] -- Installing: /home/wh1te/ros2_ws/install/px4_msgs/include/px4_msgs/px4_msgs/msg/detail/launch_detection_status__functions.h
[137.414s] -- Installing: /home/wh1te/ros2_ws/install/px4_msgs/include/px4_msgs/px4_msgs/msg/detail/mavlink_log__struct.h
[137.414s] -- Installing: /home/wh1te/ros2_ws/install/px4_msgs/include/px4_msgs/px4_msgs/msg/detail/failure_detector_status__functions.h
[137.414s] -- Installing: /home/wh1te/ros2_ws/install/px4_msgs/include/px4_msgs/px4_msgs/msg/detail/vehicle_command_ack__struct.h
[137.414s] -- Installing: /home/wh1te/ros2_ws/install/px4_msgs/include/px4_msgs/px4_msgs/msg/detail/actuator_armed__functions.h
[137.414s] -- Installing: /home/wh1te/ros2_ws/install/px4_msgs/include/px4_msgs/px4_msgs/msg/detail/gps_dump__functions.c
[137.415s] -- Installing: /home/wh1te/ros2_ws/install/px4_msgs/include/px4_msgs/px4_msgs/msg/detail/gps_inject_data__type_support.h
[137.415s] -- Installing: /home/wh1te/ros2_ws/install/px4_msgs/include/px4_msgs/px4_msgs/msg/detail/estimator_bias3d__functions.h
[137.415s] -- Installing: /home/wh1te/ros2_ws/install/px4_msgs/include/px4_msgs/px4_msgs/msg/detail/landing_target_innovations__functions.h
[137.415s] -- Installing: /home/wh1te/ros2_ws/install/px4_msgs/include/px4_msgs/px4_msgs/msg/detail/pwm_input__struct.h
[137.415s] -- Installing: /home/wh1te/ros2_ws/install/px4_msgs/include/px4_msgs/px4_msgs/msg/detail/sensor_accel__functions.h
[137.415s] -- Installing: /home/wh1te/ros2_ws/install/px4_msgs/include/px4_msgs/px4_msgs/msg/detail/follow_target__struct.h
[137.415s] -- Installing: /home/wh1te/ros2_ws/install/px4_msgs/include/px4_msgs/px4_msgs/msg/detail/vehicle_trajectory_waypoint__struct.h
[137.415s] -- Installing: /home/wh1te/ros2_ws/install/px4_msgs/include/px4_msgs/px4_msgs/msg/detail/vehicle_thrust_setpoint__type_support.h
[137.415s] -- Installing: /home/wh1te/ros2_ws/install/px4_msgs/include/px4_msgs/px4_msgs/msg/detail/sensor_gyro_fft__functions.h
[137.415s] -- Installing: /home/wh1te/ros2_ws/install/px4_msgs/include/px4_msgs/px4_msgs/msg/detail/orbit_status__type_support.h
[137.415s] -- Installing: /home/wh1te/ros2_ws/install/px4_msgs/include/px4_msgs/px4_msgs/msg/detail/airspeed__struct.h
[137.415s] -- Installing: /home/wh1te/ros2_ws/install/px4_msgs/include/px4_msgs/px4_msgs/msg/detail/vehicle_magnetometer__functions.h
[137.415s] -- Installing: /home/wh1te/ros2_ws/install/px4_msgs/include/px4_msgs/px4_msgs/msg/detail/gps_dump__functions.h
[137.415s] -- Installing: /home/wh1te/ros2_ws/install/px4_msgs/include/px4_msgs/px4_msgs/msg/detail/sensor_gps__struct.h
[137.416s] -- Installing: /home/wh1te/ros2_ws/install/px4_msgs/include/px4_msgs/px4_msgs/msg/detail/sensor_gps__functions.c
[137.416s] -- Installing: /home/wh1te/ros2_ws/install/px4_msgs/include/px4_msgs/px4_msgs/msg/detail/failsafe_flags__functions.h
[137.416s] -- Installing: /home/wh1te/ros2_ws/install/px4_msgs/include/px4_msgs/px4_msgs/msg/detail/landing_gear__functions.c
[137.416s] -- Installing: /home/wh1te/ros2_ws/install/px4_msgs/include/px4_msgs/px4_msgs/msg/detail/sensor_accel__type_support.h
[137.416s] -- Installing: /home/wh1te/ros2_ws/install/px4_msgs/include/px4_msgs/px4_msgs/msg/detail/estimator_bias3d__struct.h
[137.416s] -- Installing: /home/wh1te/ros2_ws/install/px4_msgs/include/px4_msgs/px4_msgs/msg/detail/normalized_unsigned_setpoint__type_support.h
[137.416s] -- Installing: /home/wh1te/ros2_ws/install/px4_msgs/include/px4_msgs/px4_msgs/msg/detail/follow_target__type_support.h
[137.416s] -- Installing: /home/wh1te/ros2_ws/install/px4_msgs/include/px4_msgs/px4_msgs/msg/detail/npfg_status__struct.h
[137.416s] -- Installing: /home/wh1te/ros2_ws/install/px4_msgs/include/px4_msgs/px4_msgs/msg/detail/actuator_servos__functions.c
[137.416s] -- Installing: /home/wh1te/ros2_ws/install/px4_msgs/include/px4_msgs/px4_msgs/msg/detail/rc_parameter_map__type_support.h
[137.416s] -- Installing: /home/wh1te/ros2_ws/install/px4_msgs/include/px4_msgs/px4_msgs/msg/detail/orb_test_medium__functions.c
[137.416s] -- Installing: /home/wh1te/ros2_ws/install/px4_msgs/include/px4_msgs/px4_msgs/msg/detail/radio_status__struct.h
[137.416s] -- Installing: /home/wh1te/ros2_ws/install/px4_msgs/include/px4_msgs/px4_msgs/msg/detail/qshell_retval__functions.h
[137.416s] -- Installing: /home/wh1te/ros2_ws/install/px4_msgs/include/px4_msgs/px4_msgs/msg/detail/vehicle_constraints__type_support.h
[137.416s] -- Installing: /home/wh1te/ros2_ws/install/px4_msgs/include/px4_msgs/px4_msgs/msg/detail/debug_array__type_support.h
[137.417s] -- Installing: /home/wh1te/ros2_ws/install/px4_msgs/include/px4_msgs/px4_msgs/msg/detail/sensor_correction__functions.h
[137.417s] -- Installing: /home/wh1te/ros2_ws/install/px4_msgs/include/px4_msgs/px4_msgs/msg/detail/obstacle_distance__functions.c
[137.417s] -- Installing: /home/wh1te/ros2_ws/install/px4_msgs/include/px4_msgs/px4_msgs/msg/detail/uavcan_parameter_value__struct.h
[137.417s] -- Installing: /home/wh1te/ros2_ws/install/px4_msgs/include/px4_msgs/px4_msgs/msg/detail/uavcan_parameter_request__type_support.h
[137.417s] -- Installing: /home/wh1te/ros2_ws/install/px4_msgs/include/px4_msgs/px4_msgs/msg/detail/generator_status__struct.h
[137.417s] -- Installing: /home/wh1te/ros2_ws/install/px4_msgs/include/px4_msgs/px4_msgs/msg/detail/estimator_innovations__functions.c
[137.417s] -- Installing: /home/wh1te/ros2_ws/install/px4_msgs/include/px4_msgs/px4_msgs/msg/detail/vehicle_constraints__functions.c
[137.417s] -- Installing: /home/wh1te/ros2_ws/install/px4_msgs/include/px4_msgs/px4_msgs/msg/detail/distance_sensor__struct.h
[137.417s] -- Installing: /home/wh1te/ros2_ws/install/px4_msgs/include/px4_msgs/px4_msgs/msg/detail/estimator_aid_source2d__struct.h
[137.417s] -- Installing: /home/wh1te/ros2_ws/install/px4_msgs/include/px4_msgs/px4_msgs/msg/detail/rc_channels__type_support.h
[137.417s] -- Installing: /home/wh1te/ros2_ws/install/px4_msgs/include/px4_msgs/px4_msgs/msg/detail/rate_ctrl_status__type_support.h
[137.417s] -- Installing: /home/wh1te/ros2_ws/install/px4_msgs/include/px4_msgs/px4_msgs/msg/detail/transponder_report__functions.h
[137.417s] -- Installing: /home/wh1te/ros2_ws/install/px4_msgs/include/px4_msgs/px4_msgs/msg/detail/actuator_armed__type_support.h
[137.417s] -- Installing: /home/wh1te/ros2_ws/install/px4_msgs/include/px4_msgs/px4_msgs/msg/detail/gimbal_controls__functions.h
[137.417s] -- Installing: /home/wh1te/ros2_ws/install/px4_msgs/include/px4_msgs/px4_msgs/msg/detail/rpm__type_support.h
[137.418s] -- Installing: /home/wh1te/ros2_ws/install/px4_msgs/include/px4_msgs/px4_msgs/msg/detail/actuator_test__functions.h
[137.418s] -- Installing: /home/wh1te/ros2_ws/install/px4_msgs/include/px4_msgs/px4_msgs/msg/detail/estimator_status__functions.c
[137.418s] -- Installing: /home/wh1te/ros2_ws/install/px4_msgs/include/px4_msgs/px4_msgs/msg/detail/orbit_status__struct.h
[137.418s] -- Installing: /home/wh1te/ros2_ws/install/px4_msgs/include/px4_msgs/px4_msgs/msg/detail/orb_test_large__struct.h
[137.418s] -- Installing: /home/wh1te/ros2_ws/install/px4_msgs/include/px4_msgs/px4_msgs/msg/detail/ping__functions.c
[137.418s] -- Installing: /home/wh1te/ros2_ws/install/px4_msgs/include/px4_msgs/px4_msgs/msg/detail/failure_detector_status__struct.h
[137.418s] -- Installing: /home/wh1te/ros2_ws/install/px4_msgs/include/px4_msgs/px4_msgs/msg/detail/vehicle_local_position_setpoint__struct.h
[137.418s] -- Installing: /home/wh1te/ros2_ws/install/px4_msgs/include/px4_msgs/px4_msgs/msg/detail/trajectory_bezier__functions.h
[137.418s] -- Installing: /home/wh1te/ros2_ws/install/px4_msgs/include/px4_msgs/px4_msgs/msg/detail/sensor_accel_fifo__functions.h
[137.418s] -- Installing: /home/wh1te/ros2_ws/install/px4_msgs/include/px4_msgs/px4_msgs/msg/detail/qshell_retval__functions.c
[137.418s] -- Installing: /home/wh1te/ros2_ws/install/px4_msgs/include/px4_msgs/px4_msgs/msg/detail/qshell_retval__struct.h
[137.418s] -- Installing: /home/wh1te/ros2_ws/install/px4_msgs/include/px4_msgs/px4_msgs/msg/detail/estimator_status_flags__type_support.h
[137.418s] -- Installing: /home/wh1te/ros2_ws/install/px4_msgs/include/px4_msgs/px4_msgs/msg/detail/gps_inject_data__functions.c
[137.418s] -- Installing: /home/wh1te/ros2_ws/install/px4_msgs/include/px4_msgs/px4_msgs/msg/detail/estimator_aid_source2d__type_support.h
[137.419s] -- Installing: /home/wh1te/ros2_ws/install/px4_msgs/include/px4_msgs/px4_msgs/msg/detail/cellular_status__type_support.h
[137.419s] -- Installing: /home/wh1te/ros2_ws/install/px4_msgs/include/px4_msgs/px4_msgs/msg/detail/logger_status__functions.c
[137.419s] -- Installing: /home/wh1te/ros2_ws/install/px4_msgs/include/px4_msgs/px4_msgs/msg/detail/log_message__functions.c
[137.419s] -- Installing: /home/wh1te/ros2_ws/install/px4_msgs/include/px4_msgs/px4_msgs/msg/detail/log_message__struct.h
[137.419s] -- Installing: /home/wh1te/ros2_ws/install/px4_msgs/include/px4_msgs/px4_msgs/msg/detail/vehicle_optical_flow__type_support.h
[137.419s] -- Installing: /home/wh1te/ros2_ws/install/px4_msgs/include/px4_msgs/px4_msgs/msg/detail/magnetometer_bias_estimate__functions.h
[137.419s] -- Installing: /home/wh1te/ros2_ws/install/px4_msgs/include/px4_msgs/px4_msgs/msg/detail/debug_vect__struct.h
[137.419s] -- Installing: /home/wh1te/ros2_ws/install/px4_msgs/include/px4_msgs/px4_msgs/msg/detail/vehicle_command__struct.h
[137.419s] -- Installing: /home/wh1te/ros2_ws/install/px4_msgs/include/px4_msgs/px4_msgs/msg/detail/radio_status__functions.c
[137.419s] -- Installing: /home/wh1te/ros2_ws/install/px4_msgs/include/px4_msgs/px4_msgs/msg/detail/esc_status__struct.h
[137.419s] -- Installing: /home/wh1te/ros2_ws/install/px4_msgs/include/px4_msgs/px4_msgs/msg/detail/control_allocator_status__type_support.h
[137.419s] -- Installing: /home/wh1te/ros2_ws/install/px4_msgs/include/px4_msgs/px4_msgs/msg/detail/vehicle_trajectory_bezier__type_support.h
[137.419s] -- Installing: /home/wh1te/ros2_ws/install/px4_msgs/include/px4_msgs/px4_msgs/msg/detail/failsafe_flags__functions.c
[137.419s] -- Installing: /home/wh1te/ros2_ws/install/px4_msgs/include/px4_msgs/px4_msgs/msg/detail/sensor_baro__struct.h
[137.419s] -- Installing: /home/wh1te/ros2_ws/install/px4_msgs/include/px4_msgs/px4_msgs/msg/detail/sensor_optical_flow__functions.h
[137.420s] -- Installing: /home/wh1te/ros2_ws/install/px4_msgs/include/px4_msgs/px4_msgs/msg/detail/landing_target_pose__struct.h
[137.420s] -- Installing: /home/wh1te/ros2_ws/install/px4_msgs/include/px4_msgs/px4_msgs/msg/detail/failsafe_flags__type_support.h
[137.420s] -- Installing: /home/wh1te/ros2_ws/install/px4_msgs/include/px4_msgs/px4_msgs/msg/detail/ekf2_timestamps__functions.c
[137.420s] -- Installing: /home/wh1te/ros2_ws/install/px4_msgs/include/px4_msgs/px4_msgs/msg/detail/gps_dump__struct.h
[137.420s] -- Installing: /home/wh1te/ros2_ws/install/px4_msgs/include/px4_msgs/px4_msgs/msg/detail/estimator_states__functions.h
[137.420s] -- Installing: /home/wh1te/ros2_ws/install/px4_msgs/include/px4_msgs/px4_msgs/msg/detail/vehicle_attitude_setpoint__functions.c
[137.420s] -- Installing: /home/wh1te/ros2_ws/install/px4_msgs/include/px4_msgs/px4_msgs/msg/detail/vehicle_optical_flow__functions.c
[137.420s] -- Installing: /home/wh1te/ros2_ws/install/px4_msgs/include/px4_msgs/px4_msgs/msg/detail/actuator_motors__type_support.h
[137.420s] -- Installing: /home/wh1te/ros2_ws/install/px4_msgs/include/px4_msgs/px4_msgs/msg/detail/cpuload__type_support.h
[137.420s] -- Installing: /home/wh1te/ros2_ws/install/px4_msgs/include/px4_msgs/px4_msgs/msg/detail/gimbal_manager_status__struct.h
[137.420s] -- Installing: /home/wh1te/ros2_ws/install/px4_msgs/include/px4_msgs/px4_msgs/msg/obstacle_distance.h
[137.420s] -- Installing: /home/wh1te/ros2_ws/install/px4_msgs/include/px4_msgs/px4_msgs/msg/manual_control_switches.h
[137.420s] -- Installing: /home/wh1te/ros2_ws/install/px4_msgs/include/px4_msgs/px4_msgs/msg/hover_thrust_estimate.h
[137.420s] -- Installing: /home/wh1te/ros2_ws/install/px4_msgs/include/px4_msgs/px4_msgs/msg/position_setpoint.h
[137.421s] -- Installing: /home/wh1te/ros2_ws/install/px4_msgs/include/px4_msgs/px4_msgs/msg/vehicle_status.h
[137.421s] -- Installing: /home/wh1te/ros2_ws/install/px4_msgs/include/px4_msgs/px4_msgs/msg/input_rc.h
[137.421s] -- Installing: /home/wh1te/ros2_ws/install/px4_msgs/include/px4_msgs/px4_msgs/msg/gimbal_device_attitude_status.h
[137.421s] -- Installing: /home/wh1te/ros2_ws/install/px4_msgs/include/px4_msgs/px4_msgs/msg/magnetometer_bias_estimate.h
[137.421s] -- Installing: /home/wh1te/ros2_ws/install/px4_msgs/include/px4_msgs/px4_msgs/msg/position_setpoint_triplet.h
[137.421s] -- Installing: /home/wh1te/ros2_ws/install/px4_msgs/include/px4_msgs/px4_msgs/msg/vehicle_trajectory_bezier.h
[137.421s] -- Installing: /home/wh1te/ros2_ws/install/px4_msgs/include/px4_msgs/px4_msgs/msg/mavlink_tunnel.h
[137.421s] -- Installing: /home/wh1te/ros2_ws/install/px4_msgs/include/px4_msgs/px4_msgs/msg/sensor_correction.h
[137.421s] -- Installing: /home/wh1te/ros2_ws/install/px4_msgs/include/px4_msgs/px4_msgs/msg/gimbal_controls.h
[137.421s] -- Installing: /home/wh1te/ros2_ws/install/px4_msgs/include/px4_msgs/px4_msgs/msg/sensor_baro.h
[137.421s] -- Installing: /home/wh1te/ros2_ws/install/px4_msgs/include/px4_msgs/px4_msgs/msg/vehicle_trajectory_waypoint.h
[137.421s] -- Installing: /home/wh1te/ros2_ws/install/px4_msgs/include/px4_msgs/px4_msgs/msg/distance_sensor.h
[137.421s] -- Installing: /home/wh1te/ros2_ws/install/px4_msgs/include/px4_msgs/px4_msgs/msg/uavcan_parameter_value.h
[137.421s] -- Installing: /home/wh1te/ros2_ws/install/px4_msgs/include/px4_msgs/px4_msgs/msg/differential_pressure.h
[137.421s] -- Installing: /home/wh1te/ros2_ws/install/px4_msgs/include/px4_msgs/px4_msgs/msg/actuator_outputs.h
[137.421s] -- Installing: /home/wh1te/ros2_ws/install/px4_msgs/include/px4_msgs/px4_msgs/msg/vehicle_local_position.h
[137.422s] -- Installing: /home/wh1te/ros2_ws/install/px4_msgs/include/px4_msgs/px4_msgs/msg/gps_dump.h
[137.422s] -- Installing: /home/wh1te/ros2_ws/install/px4_msgs/include/px4_msgs/px4_msgs/msg/orbit_status.h
[137.422s] -- Installing: /home/wh1te/ros2_ws/install/px4_msgs/include/px4_msgs/px4_msgs/msg/airspeed_validated.h
[137.422s] -- Installing: /home/wh1te/ros2_ws/install/px4_msgs/include/px4_msgs/px4_msgs/msg/sensor_optical_flow.h
[137.422s] -- Installing: /home/wh1te/ros2_ws/install/px4_msgs/include/px4_msgs/px4_msgs/msg/rpm.h
[137.422s] -- Installing: /home/wh1te/ros2_ws/install/px4_msgs/include/px4_msgs/px4_msgs/msg/sensors_status_imu.h
[137.422s] -- Installing: /home/wh1te/ros2_ws/install/px4_msgs/include/px4_msgs/px4_msgs/msg/vehicle_local_position_setpoint.h
[137.422s] -- Installing: /home/wh1te/ros2_ws/install/px4_msgs/include/px4_msgs/px4_msgs/msg/vehicle_angular_acceleration_setpoint.h
[137.422s] -- Installing: /home/wh1te/ros2_ws/install/px4_msgs/include/px4_msgs/px4_msgs/msg/landing_gear_wheel.h
[137.422s] -- Installing: /home/wh1te/ros2_ws/install/px4_msgs/include/px4_msgs/px4_msgs/msg/uavcan_parameter_request.h
[137.422s] -- Installing: /home/wh1te/ros2_ws/install/px4_msgs/include/px4_msgs/px4_msgs/msg/rc_parameter_map.h
[137.422s] -- Installing: /home/wh1te/ros2_ws/install/px4_msgs/include/px4_msgs/px4_msgs/msg/vehicle_roi.h
[137.422s] -- Installing: /home/wh1te/ros2_ws/install/px4_msgs/include/px4_msgs/px4_msgs/msg/estimator_aid_source1d.h
[137.422s] -- Installing: /home/wh1te/ros2_ws/install/px4_msgs/include/px4_msgs/px4_msgs/msg/esc_status.h
[137.422s] -- Installing: /home/wh1te/ros2_ws/install/px4_msgs/include/px4_msgs/px4_msgs/msg/estimator_selector_status.h
[137.422s] -- Installing: /home/wh1te/ros2_ws/install/px4_msgs/include/px4_msgs/px4_msgs/msg/sensor_gyro_fft.h
[137.423s] -- Installing: /home/wh1te/ros2_ws/install/px4_msgs/include/px4_msgs/px4_msgs/msg/satellite_info.h
[137.423s] -- Installing: /home/wh1te/ros2_ws/install/px4_msgs/include/px4_msgs/px4_msgs/msg/vehicle_imu_status.h
[137.423s] -- Installing: /home/wh1te/ros2_ws/install/px4_msgs/include/px4_msgs/px4_msgs/msg/ulog_stream.h
[137.423s] -- Installing: /home/wh1te/ros2_ws/install/px4_msgs/include/px4_msgs/px4_msgs/msg/onboard_computer_status.h
[137.423s] -- Installing: /home/wh1te/ros2_ws/install/px4_msgs/include/px4_msgs/px4_msgs/msg/sensor_gps.h
[137.423s] -- Installing: /home/wh1te/ros2_ws/install/px4_msgs/include/px4_msgs/px4_msgs/msg/tune_control.h
[137.423s] -- Installing: /home/wh1te/ros2_ws/install/px4_msgs/include/px4_msgs/px4_msgs/msg/landing_target_innovations.h
[137.423s] -- Installing: /home/wh1te/ros2_ws/install/px4_msgs/include/px4_msgs/px4_msgs/msg/vehicle_command_ack.h
[137.423s] -- Installing: /home/wh1te/ros2_ws/install/px4_msgs/include/px4_msgs/px4_msgs/msg/adc_report.h
[137.423s] -- Installing: /home/wh1te/ros2_ws/install/px4_msgs/include/px4_msgs/px4_msgs/msg/vtol_vehicle_status.h
[137.423s] -- Installing: /home/wh1te/ros2_ws/install/px4_msgs/include/px4_msgs/px4_msgs/msg/gimbal_manager_information.h
[137.423s] -- Installing: /home/wh1te/ros2_ws/install/px4_msgs/include/px4_msgs/px4_msgs/msg/tiltrotor_extra_controls.h
[137.423s] -- Installing: /home/wh1te/ros2_ws/install/px4_msgs/include/px4_msgs/px4_msgs/msg/rosidl_generator_c__visibility_control.h
[137.423s] -- Installing: /home/wh1te/ros2_ws/install/px4_msgs/include/px4_msgs/px4_msgs/msg/mission_result.h
[137.423s] -- Installing: /home/wh1te/ros2_ws/install/px4_msgs/include/px4_msgs/px4_msgs/msg/offboard_control_mode.h
[137.423s] -- Installing: /home/wh1te/ros2_ws/install/px4_msgs/include/px4_msgs/px4_msgs/msg/estimator_sensor_bias.h
[137.424s] -- Installing: /home/wh1te/ros2_ws/install/px4_msgs/include/px4_msgs/px4_msgs/msg/irlock_report.h
[137.424s] -- Installing: /home/wh1te/ros2_ws/install/px4_msgs/include/px4_msgs/px4_msgs/msg/actuator_test.h
[137.424s] -- Installing: /home/wh1te/ros2_ws/install/px4_msgs/include/px4_msgs/px4_msgs/msg/button_event.h
[137.424s] -- Installing: /home/wh1te/ros2_ws/install/px4_msgs/include/px4_msgs/px4_msgs/msg/parameter_update.h
[137.424s] -- Installing: /home/wh1te/ros2_ws/install/px4_msgs/include/px4_msgs/px4_msgs/msg/logger_status.h
[137.424s] -- Installing: /home/wh1te/ros2_ws/install/px4_msgs/include/px4_msgs/px4_msgs/msg/estimator_bias3d.h
[137.424s] -- Installing: /home/wh1te/ros2_ws/install/px4_msgs/include/px4_msgs/px4_msgs/msg/wind.h
[137.424s] -- Installing: /home/wh1te/ros2_ws/install/px4_msgs/include/px4_msgs/px4_msgs/msg/estimator_bias.h
[137.424s] -- Installing: /home/wh1te/ros2_ws/install/px4_msgs/include/px4_msgs/px4_msgs/msg/sensor_selection.h
[137.424s] -- Installing: /home/wh1te/ros2_ws/install/px4_msgs/include/px4_msgs/px4_msgs/msg/vehicle_rates_setpoint.h
[137.424s] -- Installing: /home/wh1te/ros2_ws/install/px4_msgs/include/px4_msgs/px4_msgs/msg/vehicle_torque_setpoint.h
[137.424s] -- Installing: /home/wh1te/ros2_ws/install/px4_msgs/include/px4_msgs/px4_msgs/msg/estimator_aid_source2d.h
[137.424s] -- Installing: /home/wh1te/ros2_ws/install/px4_msgs/include/px4_msgs/px4_msgs/msg/landing_target_pose.h
[137.424s] -- Installing: /home/wh1te/ros2_ws/install/px4_msgs/include/px4_msgs/px4_msgs/msg/follow_target_status.h
[137.425s] -- Installing: /home/wh1te/ros2_ws/install/px4_msgs/include/px4_msgs/px4_msgs/msg/follow_target_estimator.h
[137.425s] -- Installing: /home/wh1te/ros2_ws/install/px4_msgs/include/px4_msgs/px4_msgs/msg/vehicle_global_position.h
[137.425s] -- Installing: /home/wh1te/ros2_ws/install/px4_msgs/include/px4_msgs/px4_msgs/msg/sensor_mag.h
[137.425s] -- Installing: /home/wh1te/ros2_ws/install/px4_msgs/include/px4_msgs/px4_msgs/msg/takeoff_status.h
[137.425s] -- Installing: /home/wh1te/ros2_ws/install/px4_msgs/include/px4_msgs/px4_msgs/msg/gimbal_device_information.h
[137.425s] -- Installing: /home/wh1te/ros2_ws/install/px4_msgs/include/px4_msgs/px4_msgs/msg/sensor_gnss_relative.h
[137.425s] -- Installing: /home/wh1te/ros2_ws/install/px4_msgs/include/px4_msgs/px4_msgs/msg/mount_orientation.h
[137.425s] -- Installing: /home/wh1te/ros2_ws/install/px4_msgs/include/px4_msgs/px4_msgs/msg/debug_value.h
[137.425s] -- Installing: /home/wh1te/ros2_ws/install/px4_msgs/include/px4_msgs/px4_msgs/msg/rc_channels.h
[137.425s] -- Installing: /home/wh1te/ros2_ws/install/px4_msgs/include/px4_msgs/px4_msgs/msg/radio_status.h
[137.425s] -- Installing: /home/wh1te/ros2_ws/install/px4_msgs/include/px4_msgs/px4_msgs/msg/camera_capture.h
[137.425s] -- Installing: /home/wh1te/ros2_ws/install/px4_msgs/include/px4_msgs/px4_msgs/msg/trajectory_bezier.h
[137.425s] -- Installing: /home/wh1te/ros2_ws/install/px4_msgs/include/px4_msgs/px4_msgs/msg/ping.h
[137.425s] -- Installing: /home/wh1te/ros2_ws/install/px4_msgs/include/px4_msgs/px4_msgs/msg/px4io_status.h
[137.425s] -- Installing: /home/wh1te/ros2_ws/install/px4_msgs/include/px4_msgs/px4_msgs/msg/actuator_armed.h
[137.426s] -- Installing: /home/wh1te/ros2_ws/install/px4_msgs/include/px4_msgs/px4_msgs/msg/launch_detection_status.h
[137.426s] -- Installing: /home/wh1te/ros2_ws/install/px4_msgs/include/px4_msgs/px4_msgs/msg/mode_completed.h
[137.426s] -- Installing: /home/wh1te/ros2_ws/install/px4_msgs/include/px4_msgs/px4_msgs/msg/vehicle_thrust_setpoint.h
[137.426s] -- Installing: /home/wh1te/ros2_ws/install/px4_msgs/include/px4_msgs/px4_msgs/msg/system_power.h
[137.426s] -- Installing: /home/wh1te/ros2_ws/install/px4_msgs/include/px4_msgs/px4_msgs/msg/vehicle_angular_velocity.h
[137.426s] -- Installing: /home/wh1te/ros2_ws/install/px4_msgs/include/px4_msgs/px4_msgs/msg/timesync_status.h
[137.426s] -- Installing: /home/wh1te/ros2_ws/install/px4_msgs/include/px4_msgs/px4_msgs/msg/sensor_accel.h
[137.426s] -- Installing: /home/wh1te/ros2_ws/install/px4_msgs/include/px4_msgs/px4_msgs/msg/sensor_accel_fifo.h
[137.426s] -- Installing: /home/wh1te/ros2_ws/install/px4_msgs/include/px4_msgs/px4_msgs/msg/battery_status.h
[137.426s] -- Installing: /home/wh1te/ros2_ws/install/px4_msgs/include/px4_msgs/px4_msgs/msg/estimator_gps_status.h
[137.426s] -- Installing: /home/wh1te/ros2_ws/install/px4_msgs/include/px4_msgs/px4_msgs/msg/orb_test_medium.h
[137.426s] -- Installing: /home/wh1te/ros2_ws/install/px4_msgs/include/px4_msgs/px4_msgs/msg/estimator_event_flags.h
[137.426s] -- Installing: /home/wh1te/ros2_ws/install/px4_msgs/include/px4_msgs/px4_msgs/msg/vehicle_acceleration.h
[137.426s] -- Installing: /home/wh1te/ros2_ws/install/px4_msgs/include/px4_msgs/px4_msgs/msg/qshell_req.h
[137.427s] -- Installing: /home/wh1te/ros2_ws/install/px4_msgs/include/px4_msgs/px4_msgs/msg/cellular_status.h
[137.427s] -- Installing: /home/wh1te/ros2_ws/install/px4_msgs/include/px4_msgs/px4_msgs/msg/mavlink_log.h
[137.427s] -- Installing: /home/wh1te/ros2_ws/install/px4_msgs/include/px4_msgs/px4_msgs/msg/vehicle_optical_flow_vel.h
[137.427s] -- Installing: /home/wh1te/ros2_ws/install/px4_msgs/include/px4_msgs/px4_msgs/msg/trajectory_setpoint.h
[137.427s] -- Installing: /home/wh1te/ros2_ws/install/px4_msgs/include/px4_msgs/px4_msgs/msg/tecs_status.h
[137.427s] -- Installing: /home/wh1te/ros2_ws/install/px4_msgs/include/px4_msgs/px4_msgs/msg/gimbal_manager_status.h
[137.427s] -- Installing: /home/wh1te/ros2_ws/install/px4_msgs/include/px4_msgs/px4_msgs/msg/follow_target.h
[137.427s] -- Installing: /home/wh1te/ros2_ws/install/px4_msgs/include/px4_msgs/px4_msgs/msg/rtl_time_estimate.h
[137.427s] -- Installing: /home/wh1te/ros2_ws/install/px4_msgs/include/px4_msgs/px4_msgs/msg/vehicle_imu.h
[137.427s] -- Installing: /home/wh1te/ros2_ws/install/px4_msgs/include/px4_msgs/px4_msgs/msg/vehicle_magnetometer.h
[137.427s] -- Installing: /home/wh1te/ros2_ws/install/px4_msgs/include/px4_msgs/px4_msgs/msg/vehicle_command.h
[137.427s] -- Installing: /home/wh1te/ros2_ws/install/px4_msgs/include/px4_msgs/px4_msgs/msg/iridiumsbd_status.h
[137.427s] -- Installing: /home/wh1te/ros2_ws/install/px4_msgs/include/px4_msgs/px4_msgs/msg/estimator_aid_source3d.h
[137.427s] -- Installing: /home/wh1te/ros2_ws/install/px4_msgs/include/px4_msgs/px4_msgs/msg/collision_report.h
[137.427s] -- Installing: /home/wh1te/ros2_ws/install/px4_msgs/include/px4_msgs/px4_msgs/msg/yaw_estimator_status.h
[137.428s] -- Installing: /home/wh1te/ros2_ws/install/px4_msgs/include/px4_msgs/px4_msgs/msg/vehicle_attitude.h
[137.428s] -- Installing: /home/wh1te/ros2_ws/install/px4_msgs/include/px4_msgs/px4_msgs/msg/log_message.h
[137.428s] -- Installing: /home/wh1te/ros2_ws/install/px4_msgs/include/px4_msgs/px4_msgs/msg/debug_array.h
[137.428s] -- Installing: /home/wh1te/ros2_ws/install/px4_msgs/include/px4_msgs/px4_msgs/msg/camera_status.h
[137.428s] -- Installing: /home/wh1te/ros2_ws/install/px4_msgs/include/px4_msgs/px4_msgs/msg/position_controller_landing_status.h
[137.428s] -- Installing: /home/wh1te/ros2_ws/install/px4_msgs/include/px4_msgs/px4_msgs/msg/led_control.h
[137.428s] -- Installing: /home/wh1te/ros2_ws/install/px4_msgs/include/px4_msgs/px4_msgs/msg/airspeed.h
[137.428s] -- Installing: /home/wh1te/ros2_ws/install/px4_msgs/include/px4_msgs/px4_msgs/msg/actuator_servos.h
[137.428s] -- Installing: /home/wh1te/ros2_ws/install/px4_msgs/include/px4_msgs/px4_msgs/msg/task_stack_info.h
[137.428s] -- Installing: /home/wh1te/ros2_ws/install/px4_msgs/include/px4_msgs/px4_msgs/msg/cpuload.h
[137.428s] -- Installing: /home/wh1te/ros2_ws/install/px4_msgs/include/px4_msgs/px4_msgs/msg/camera_trigger.h
[137.428s] -- Installing: /home/wh1te/ros2_ws/install/px4_msgs/include/px4_msgs/px4_msgs/msg/gimbal_manager_set_attitude.h
[137.428s] -- Installing: /home/wh1te/ros2_ws/install/px4_msgs/include/px4_msgs/px4_msgs/msg/power_monitor.h
[137.428s] -- Installing: /home/wh1te/ros2_ws/install/px4_msgs/include/px4_msgs/px4_msgs/msg/sensor_gyro.h
[137.429s] -- Installing: /home/wh1te/ros2_ws/install/px4_msgs/include/px4_msgs/px4_msgs/msg/sensor_hygrometer.h
[137.429s] -- Installing: /home/wh1te/ros2_ws/install/px4_msgs/include/px4_msgs/px4_msgs/msg/esc_report.h
[137.429s] -- Installing: /home/wh1te/ros2_ws/install/px4_msgs/include/px4_msgs/px4_msgs/msg/position_controller_status.h
[137.429s] -- Installing: /home/wh1te/ros2_ws/install/px4_msgs/include/px4_msgs/px4_msgs/msg/debug_key_value.h
[137.429s] -- Installing: /home/wh1te/ros2_ws/install/px4_msgs/include/px4_msgs/px4_msgs/msg/ekf2_timestamps.h
[137.429s] -- Installing: /home/wh1te/ros2_ws/install/px4_msgs/include/px4_msgs/px4_msgs/msg/telemetry_status.h
[137.429s] -- Installing: /home/wh1te/ros2_ws/install/px4_msgs/include/px4_msgs/px4_msgs/msg/transponder_report.h
[137.429s] -- Installing: /home/wh1te/ros2_ws/install/px4_msgs/include/px4_msgs/px4_msgs/msg/event.h
[137.429s] -- Installing: /home/wh1te/ros2_ws/install/px4_msgs/include/px4_msgs/px4_msgs/msg/sensors_status.h
[137.429s] -- Installing: /home/wh1te/ros2_ws/install/px4_msgs/include/px4_msgs/px4_msgs/msg/trajectory_waypoint.h
[137.429s] -- Installing: /home/wh1te/ros2_ws/install/px4_msgs/include/px4_msgs/px4_msgs/msg/home_position.h
[137.429s] -- Installing: /home/wh1te/ros2_ws/install/px4_msgs/include/px4_msgs/px4_msgs/msg/vehicle_constraints.h
[137.429s] -- Installing: /home/wh1te/ros2_ws/install/px4_msgs/include/px4_msgs/px4_msgs/msg/vehicle_control_mode.h
[137.429s] -- Installing: /home/wh1te/ros2_ws/install/px4_msgs/include/px4_msgs/px4_msgs/msg/landing_gear.h
[137.430s] -- Installing: /home/wh1te/ros2_ws/install/px4_msgs/include/px4_msgs/px4_msgs/msg/orb_test_large.h
[137.430s] -- Installing: /home/wh1te/ros2_ws/install/px4_msgs/include/px4_msgs/px4_msgs/msg/gimbal_device_set_attitude.h
[137.430s] -- Installing: /home/wh1te/ros2_ws/install/px4_msgs/include/px4_msgs/px4_msgs/msg/gimbal_manager_set_manual_control.h
[137.430s] -- Installing: /home/wh1te/ros2_ws/install/px4_msgs/include/px4_msgs/px4_msgs/msg/manual_control_setpoint.h
[137.430s] -- Installing: /home/wh1te/ros2_ws/install/px4_msgs/include/px4_msgs/px4_msgs/msg/power_button_state.h
[137.430s] -- Installing: /home/wh1te/ros2_ws/install/px4_msgs/include/px4_msgs/px4_msgs/msg/actuator_servos_trim.h
[137.430s] -- Installing: /home/wh1te/ros2_ws/install/px4_msgs/include/px4_msgs/px4_msgs/msg/vehicle_air_data.h
[137.430s] -- Installing: /home/wh1te/ros2_ws/install/px4_msgs/include/px4_msgs/px4_msgs/msg/actuator_controls_status.h
[137.430s] -- Installing: /home/wh1te/ros2_ws/install/px4_msgs/include/px4_msgs/px4_msgs/msg/failsafe_flags.h
[137.430s] -- Installing: /home/wh1te/ros2_ws/install/px4_msgs/include/px4_msgs/px4_msgs/msg/generator_status.h
[137.430s] -- Installing: /home/wh1te/ros2_ws/install/px4_msgs/include/px4_msgs/px4_msgs/msg/heater_status.h
[137.430s] -- Installing: /home/wh1te/ros2_ws/install/px4_msgs/include/px4_msgs/px4_msgs/msg/pps_capture.h
[137.430s] -- Installing: /home/wh1te/ros2_ws/install/px4_msgs/include/px4_msgs/px4_msgs/msg/navigator_mission_item.h
[137.431s] -- Installing: /home/wh1te/ros2_ws/install/px4_msgs/include/px4_msgs/px4_msgs/msg/vehicle_optical_flow.h
[137.431s] -- Installing: /home/wh1te/ros2_ws/install/px4_msgs/include/px4_msgs/px4_msgs/msg/sensor_combined.h
[137.431s] -- Installing: /home/wh1te/ros2_ws/install/px4_msgs/include/px4_msgs/px4_msgs/msg/mag_worker_data.h
[137.431s] -- Installing: /home/wh1te/ros2_ws/install/px4_msgs/include/px4_msgs/px4_msgs/msg/failure_detector_status.h
[137.431s] -- Installing: /home/wh1te/ros2_ws/install/px4_msgs/include/px4_msgs/px4_msgs/msg/ulog_stream_ack.h
[137.431s] -- Installing: /home/wh1te/ros2_ws/install/px4_msgs/include/px4_msgs/px4_msgs/msg/gripper.h
[137.431s] -- Installing: /home/wh1te/ros2_ws/install/px4_msgs/include/px4_msgs/px4_msgs/msg/internal_combustion_engine_status.h
[137.431s] -- Installing: /home/wh1te/ros2_ws/install/px4_msgs/include/px4_msgs/px4_msgs/msg/estimator_status_flags.h
[137.431s] -- Installing: /home/wh1te/ros2_ws/install/px4_msgs/include/px4_msgs/px4_msgs/msg/sensor_uwb.h
[137.431s] -- Installing: /home/wh1te/ros2_ws/install/px4_msgs/include/px4_msgs/px4_msgs/msg/control_allocator_status.h
[137.431s] -- Installing: /home/wh1te/ros2_ws/install/px4_msgs/include/px4_msgs/px4_msgs/msg/sensor_gyro_fifo.h
[137.431s] -- Installing: /home/wh1te/ros2_ws/install/px4_msgs/include/px4_msgs/px4_msgs/msg/mission.h
[137.431s] -- Installing: /home/wh1te/ros2_ws/install/px4_msgs/include/px4_msgs/px4_msgs/msg/rate_ctrl_status.h
[137.431s] -- Installing: /home/wh1te/ros2_ws/install/px4_msgs/include/px4_msgs/px4_msgs/msg/collision_constraints.h
[137.431s] -- Installing: /home/wh1te/ros2_ws/install/px4_msgs/include/px4_msgs/px4_msgs/msg/vehicle_odometry.h
[137.432s] -- Installing: /home/wh1te/ros2_ws/install/px4_msgs/share/px4_msgs/environment/library_path.sh
[137.432s] -- Installing: /home/wh1te/ros2_ws/install/px4_msgs/share/px4_msgs/environment/library_path.dsv
[137.432s] -- Installing: /home/wh1te/ros2_ws/install/px4_msgs/lib/libpx4_msgs__rosidl_generator_c.so
[137.433s] -- Set runtime path of "/home/wh1te/ros2_ws/install/px4_msgs/lib/libpx4_msgs__rosidl_generator_c.so" to ""
[137.433s] -- Up-to-date: /home/wh1te/ros2_ws/install/px4_msgs/include/px4_msgs/px4_msgs
[137.433s] -- Up-to-date: /home/wh1te/ros2_ws/install/px4_msgs/include/px4_msgs/px4_msgs/msg
[137.433s] -- Installing: /home/wh1te/ros2_ws/install/px4_msgs/include/px4_msgs/px4_msgs/msg/rosidl_typesupport_fastrtps_c__visibility_control.h
[137.433s] -- Up-to-date: /home/wh1te/ros2_ws/install/px4_msgs/include/px4_msgs/px4_msgs/msg/detail
[137.433s] -- Installing: /home/wh1te/ros2_ws/install/px4_msgs/include/px4_msgs/px4_msgs/msg/detail/orb_test__rosidl_typesupport_fastrtps_c.h
[137.433s] -- Installing: /home/wh1te/ros2_ws/install/px4_msgs/include/px4_msgs/px4_msgs/msg/detail/sensor_accel_fifo__rosidl_typesupport_fastrtps_c.h
[137.433s] -- Installing: /home/wh1te/ros2_ws/install/px4_msgs/include/px4_msgs/px4_msgs/msg/detail/vehicle_roi__rosidl_typesupport_fastrtps_c.h
[137.433s] -- Installing: /home/wh1te/ros2_ws/install/px4_msgs/include/px4_msgs/px4_msgs/msg/detail/input_rc__rosidl_typesupport_fastrtps_c.h
[137.434s] -- Installing: /home/wh1te/ros2_ws/install/px4_msgs/include/px4_msgs/px4_msgs/msg/detail/vehicle_odometry__rosidl_typesupport_fastrtps_c.h
[137.434s] -- Installing: /home/wh1te/ros2_ws/install/px4_msgs/include/px4_msgs/px4_msgs/msg/detail/adc_report__rosidl_typesupport_fastrtps_c.h
[137.434s] -- Installing: /home/wh1te/ros2_ws/install/px4_msgs/include/px4_msgs/px4_msgs/msg/detail/sensor_selection__rosidl_typesupport_fastrtps_c.h
[137.434s] -- Installing: /home/wh1te/ros2_ws/install/px4_msgs/include/px4_msgs/px4_msgs/msg/detail/system_power__rosidl_typesupport_fastrtps_c.h
[137.434s] -- Installing: /home/wh1te/ros2_ws/install/px4_msgs/include/px4_msgs/px4_msgs/msg/detail/manual_control_setpoint__rosidl_typesupport_fastrtps_c.h
[137.434s] -- Installing: /home/wh1te/ros2_ws/install/px4_msgs/include/px4_msgs/px4_msgs/msg/detail/sensor_hygrometer__rosidl_typesupport_fastrtps_c.h
[137.434s] -- Installing: /home/wh1te/ros2_ws/install/px4_msgs/include/px4_msgs/px4_msgs/msg/detail/failure_detector_status__rosidl_typesupport_fastrtps_c.h
[137.434s] -- Installing: /home/wh1te/ros2_ws/install/px4_msgs/include/px4_msgs/px4_msgs/msg/detail/internal_combustion_engine_status__rosidl_typesupport_fastrtps_c.h
[137.434s] -- Installing: /home/wh1te/ros2_ws/install/px4_msgs/include/px4_msgs/px4_msgs/msg/detail/pwm_input__rosidl_typesupport_fastrtps_c.h
[137.434s] -- Installing: /home/wh1te/ros2_ws/install/px4_msgs/include/px4_msgs/px4_msgs/msg/detail/rc_parameter_map__rosidl_typesupport_fastrtps_c.h
[137.434s] -- Installing: /home/wh1te/ros2_ws/install/px4_msgs/include/px4_msgs/px4_msgs/msg/detail/gimbal_manager_set_manual_control__rosidl_typesupport_fastrtps_c.h
[137.434s] -- Installing: /home/wh1te/ros2_ws/install/px4_msgs/include/px4_msgs/px4_msgs/msg/detail/airspeed_wind__rosidl_typesupport_fastrtps_c.h
[137.434s] -- Installing: /home/wh1te/ros2_ws/install/px4_msgs/include/px4_msgs/px4_msgs/msg/detail/orb_test_medium__rosidl_typesupport_fastrtps_c.h
[137.434s] -- Installing: /home/wh1te/ros2_ws/install/px4_msgs/include/px4_msgs/px4_msgs/msg/detail/estimator_aid_source2d__rosidl_typesupport_fastrtps_c.h
[137.434s] -- Installing: /home/wh1te/ros2_ws/install/px4_msgs/include/px4_msgs/px4_msgs/msg/detail/mavlink_tunnel__rosidl_typesupport_fastrtps_c.h
[137.435s] -- Installing: /home/wh1te/ros2_ws/install/px4_msgs/include/px4_msgs/px4_msgs/msg/detail/estimator_bias3d__rosidl_typesupport_fastrtps_c.h
[137.435s] -- Installing: /home/wh1te/ros2_ws/install/px4_msgs/include/px4_msgs/px4_msgs/msg/detail/estimator_selector_status__rosidl_typesupport_fastrtps_c.h
[137.435s] -- Installing: /home/wh1te/ros2_ws/install/px4_msgs/include/px4_msgs/px4_msgs/msg/detail/vehicle_trajectory_waypoint__rosidl_typesupport_fastrtps_c.h
[137.435s] -- Installing: /home/wh1te/ros2_ws/install/px4_msgs/include/px4_msgs/px4_msgs/msg/detail/position_setpoint__rosidl_typesupport_fastrtps_c.h
[137.435s] -- Installing: /home/wh1te/ros2_ws/install/px4_msgs/include/px4_msgs/px4_msgs/msg/detail/sensors_status_imu__rosidl_typesupport_fastrtps_c.h
[137.435s] -- Installing: /home/wh1te/ros2_ws/install/px4_msgs/include/px4_msgs/px4_msgs/msg/detail/gimbal_manager_set_attitude__rosidl_typesupport_fastrtps_c.h
[137.435s] -- Installing: /home/wh1te/ros2_ws/install/px4_msgs/include/px4_msgs/px4_msgs/msg/detail/control_allocator_status__rosidl_typesupport_fastrtps_c.h
[137.435s] -- Installing: /home/wh1te/ros2_ws/install/px4_msgs/include/px4_msgs/px4_msgs/msg/detail/gimbal_manager_status__rosidl_typesupport_fastrtps_c.h
[137.435s] -- Installing: /home/wh1te/ros2_ws/install/px4_msgs/include/px4_msgs/px4_msgs/msg/detail/gps_dump__rosidl_typesupport_fastrtps_c.h
[137.435s] -- Installing: /home/wh1te/ros2_ws/install/px4_msgs/include/px4_msgs/px4_msgs/msg/detail/actuator_controls_status__rosidl_typesupport_fastrtps_c.h
[137.435s] -- Installing: /home/wh1te/ros2_ws/install/px4_msgs/include/px4_msgs/px4_msgs/msg/detail/vehicle_acceleration__rosidl_typesupport_fastrtps_c.h
[137.435s] -- Installing: /home/wh1te/ros2_ws/install/px4_msgs/include/px4_msgs/px4_msgs/msg/detail/gimbal_device_attitude_status__rosidl_typesupport_fastrtps_c.h
[137.435s] -- Installing: /home/wh1te/ros2_ws/install/px4_msgs/include/px4_msgs/px4_msgs/msg/detail/home_position__rosidl_typesupport_fastrtps_c.h
[137.435s] -- Installing: /home/wh1te/ros2_ws/install/px4_msgs/include/px4_msgs/px4_msgs/msg/detail/yaw_estimator_status__rosidl_typesupport_fastrtps_c.h
[137.435s] -- Installing: /home/wh1te/ros2_ws/install/px4_msgs/include/px4_msgs/px4_msgs/msg/detail/hover_thrust_estimate__rosidl_typesupport_fastrtps_c.h
[137.436s] -- Installing: /home/wh1te/ros2_ws/install/px4_msgs/include/px4_msgs/px4_msgs/msg/detail/ekf2_timestamps__rosidl_typesupport_fastrtps_c.h
[137.436s] -- Installing: /home/wh1te/ros2_ws/install/px4_msgs/include/px4_msgs/px4_msgs/msg/detail/sensor_uwb__rosidl_typesupport_fastrtps_c.h
[137.436s] -- Installing: /home/wh1te/ros2_ws/install/px4_msgs/include/px4_msgs/px4_msgs/msg/detail/gimbal_controls__rosidl_typesupport_fastrtps_c.h
[137.436s] -- Installing: /home/wh1te/ros2_ws/install/px4_msgs/include/px4_msgs/px4_msgs/msg/detail/px4io_status__rosidl_typesupport_fastrtps_c.h
[137.436s] -- Installing: /home/wh1te/ros2_ws/install/px4_msgs/include/px4_msgs/px4_msgs/msg/detail/vehicle_attitude__rosidl_typesupport_fastrtps_c.h
[137.436s] -- Installing: /home/wh1te/ros2_ws/install/px4_msgs/include/px4_msgs/px4_msgs/msg/detail/esc_report__rosidl_typesupport_fastrtps_c.h
[137.436s] -- Installing: /home/wh1te/ros2_ws/install/px4_msgs/include/px4_msgs/px4_msgs/msg/detail/sensor_gps__rosidl_typesupport_fastrtps_c.h
[137.436s] -- Installing: /home/wh1te/ros2_ws/install/px4_msgs/include/px4_msgs/px4_msgs/msg/detail/estimator_aid_source1d__rosidl_typesupport_fastrtps_c.h
[137.436s] -- Installing: /home/wh1te/ros2_ws/install/px4_msgs/include/px4_msgs/px4_msgs/msg/detail/landing_gear__rosidl_typesupport_fastrtps_c.h
[137.436s] -- Installing: /home/wh1te/ros2_ws/install/px4_msgs/include/px4_msgs/px4_msgs/msg/detail/heater_status__rosidl_typesupport_fastrtps_c.h
[137.436s] -- Installing: /home/wh1te/ros2_ws/install/px4_msgs/include/px4_msgs/px4_msgs/msg/detail/iridiumsbd_status__rosidl_typesupport_fastrtps_c.h
[137.436s] -- Installing: /home/wh1te/ros2_ws/install/px4_msgs/include/px4_msgs/px4_msgs/msg/detail/trajectory_bezier__rosidl_typesupport_fastrtps_c.h
[137.436s] -- Installing: /home/wh1te/ros2_ws/install/px4_msgs/include/px4_msgs/px4_msgs/msg/detail/estimator_aid_source3d__rosidl_typesupport_fastrtps_c.h
[137.436s] -- Installing: /home/wh1te/ros2_ws/install/px4_msgs/include/px4_msgs/px4_msgs/msg/detail/mavlink_log__rosidl_typesupport_fastrtps_c.h
[137.436s] -- Installing: /home/wh1te/ros2_ws/install/px4_msgs/include/px4_msgs/px4_msgs/msg/detail/vehicle_land_detected__rosidl_typesupport_fastrtps_c.h
[137.437s] -- Installing: /home/wh1te/ros2_ws/install/px4_msgs/include/px4_msgs/px4_msgs/msg/detail/position_controller_status__rosidl_typesupport_fastrtps_c.h
[137.437s] -- Installing: /home/wh1te/ros2_ws/install/px4_msgs/include/px4_msgs/px4_msgs/msg/detail/transponder_report__rosidl_typesupport_fastrtps_c.h
[137.437s] -- Installing: /home/wh1te/ros2_ws/install/px4_msgs/include/px4_msgs/px4_msgs/msg/detail/sensor_optical_flow__rosidl_typesupport_fastrtps_c.h
[137.437s] -- Installing: /home/wh1te/ros2_ws/install/px4_msgs/include/px4_msgs/px4_msgs/msg/detail/vehicle_imu_status__rosidl_typesupport_fastrtps_c.h
[137.437s] -- Installing: /home/wh1te/ros2_ws/install/px4_msgs/include/px4_msgs/px4_msgs/msg/detail/sensor_accel__rosidl_typesupport_fastrtps_c.h
[137.437s] -- Installing: /home/wh1te/ros2_ws/install/px4_msgs/include/px4_msgs/px4_msgs/msg/detail/follow_target_status__rosidl_typesupport_fastrtps_c.h
[137.437s] -- Installing: /home/wh1te/ros2_ws/install/px4_msgs/include/px4_msgs/px4_msgs/msg/detail/rtl_time_estimate__rosidl_typesupport_fastrtps_c.h
[137.437s] -- Installing: /home/wh1te/ros2_ws/install/px4_msgs/include/px4_msgs/px4_msgs/msg/detail/trajectory_setpoint__rosidl_typesupport_fastrtps_c.h
[137.437s] -- Installing: /home/wh1te/ros2_ws/install/px4_msgs/include/px4_msgs/px4_msgs/msg/detail/vehicle_optical_flow__rosidl_typesupport_fastrtps_c.h
[137.437s] -- Installing: /home/wh1te/ros2_ws/install/px4_msgs/include/px4_msgs/px4_msgs/msg/detail/health_report__rosidl_typesupport_fastrtps_c.h
[137.437s] -- Installing: /home/wh1te/ros2_ws/install/px4_msgs/include/px4_msgs/px4_msgs/msg/detail/gps_inject_data__rosidl_typesupport_fastrtps_c.h
[137.437s] -- Installing: /home/wh1te/ros2_ws/install/px4_msgs/include/px4_msgs/px4_msgs/msg/detail/log_message__rosidl_typesupport_fastrtps_c.h
[137.437s] -- Installing: /home/wh1te/ros2_ws/install/px4_msgs/include/px4_msgs/px4_msgs/msg/detail/gripper__rosidl_typesupport_fastrtps_c.h
[137.437s] -- Installing: /home/wh1te/ros2_ws/install/px4_msgs/include/px4_msgs/px4_msgs/msg/detail/debug_vect__rosidl_typesupport_fastrtps_c.h
[137.437s] -- Installing: /home/wh1te/ros2_ws/install/px4_msgs/include/px4_msgs/px4_msgs/msg/detail/actuator_servos__rosidl_typesupport_fastrtps_c.h
[137.438s] -- Installing: /home/wh1te/ros2_ws/install/px4_msgs/include/px4_msgs/px4_msgs/msg/detail/gimbal_device_set_attitude__rosidl_typesupport_fastrtps_c.h
[137.438s] -- Installing: /home/wh1te/ros2_ws/install/px4_msgs/include/px4_msgs/px4_msgs/msg/detail/landing_target_pose__rosidl_typesupport_fastrtps_c.h
[137.438s] -- Installing: /home/wh1te/ros2_ws/install/px4_msgs/include/px4_msgs/px4_msgs/msg/detail/trajectory_waypoint__rosidl_typesupport_fastrtps_c.h
[137.438s] -- Installing: /home/wh1te/ros2_ws/install/px4_msgs/include/px4_msgs/px4_msgs/msg/detail/power_button_state__rosidl_typesupport_fastrtps_c.h
[137.438s] -- Installing: /home/wh1te/ros2_ws/install/px4_msgs/include/px4_msgs/px4_msgs/msg/detail/irlock_report__rosidl_typesupport_fastrtps_c.h
[137.438s] -- Installing: /home/wh1te/ros2_ws/install/px4_msgs/include/px4_msgs/px4_msgs/msg/detail/collision_constraints__rosidl_typesupport_fastrtps_c.h
[137.438s] -- Installing: /home/wh1te/ros2_ws/install/px4_msgs/include/px4_msgs/px4_msgs/msg/detail/vehicle_command__rosidl_typesupport_fastrtps_c.h
[137.438s] -- Installing: /home/wh1te/ros2_ws/install/px4_msgs/include/px4_msgs/px4_msgs/msg/detail/estimator_sensor_bias__rosidl_typesupport_fastrtps_c.h
[137.438s] -- Installing: /home/wh1te/ros2_ws/install/px4_msgs/include/px4_msgs/px4_msgs/msg/detail/qshell_retval__rosidl_typesupport_fastrtps_c.h
[137.438s] -- Installing: /home/wh1te/ros2_ws/install/px4_msgs/include/px4_msgs/px4_msgs/msg/detail/airspeed_validated__rosidl_typesupport_fastrtps_c.h
[137.438s] -- Installing: /home/wh1te/ros2_ws/install/px4_msgs/include/px4_msgs/px4_msgs/msg/detail/actuator_test__rosidl_typesupport_fastrtps_c.h
[137.438s] -- Installing: /home/wh1te/ros2_ws/install/px4_msgs/include/px4_msgs/px4_msgs/msg/detail/vehicle_thrust_setpoint__rosidl_typesupport_fastrtps_c.h
[137.438s] -- Installing: /home/wh1te/ros2_ws/install/px4_msgs/include/px4_msgs/px4_msgs/msg/detail/button_event__rosidl_typesupport_fastrtps_c.h
[137.438s] -- Installing: /home/wh1te/ros2_ws/install/px4_msgs/include/px4_msgs/px4_msgs/msg/detail/ulog_stream_ack__rosidl_typesupport_fastrtps_c.h
[137.438s] -- Installing: /home/wh1te/ros2_ws/install/px4_msgs/include/px4_msgs/px4_msgs/msg/detail/airspeed__rosidl_typesupport_fastrtps_c.h
[137.439s] -- Installing: /home/wh1te/ros2_ws/install/px4_msgs/include/px4_msgs/px4_msgs/msg/detail/position_setpoint_triplet__rosidl_typesupport_fastrtps_c.h
[137.439s] -- Installing: /home/wh1te/ros2_ws/install/px4_msgs/include/px4_msgs/px4_msgs/msg/detail/qshell_req__rosidl_typesupport_fastrtps_c.h
[137.439s] -- Installing: /home/wh1te/ros2_ws/install/px4_msgs/include/px4_msgs/px4_msgs/msg/detail/sensors_status__rosidl_typesupport_fastrtps_c.h
[137.439s] -- Installing: /home/wh1te/ros2_ws/install/px4_msgs/include/px4_msgs/px4_msgs/msg/detail/vehicle_trajectory_bezier__rosidl_typesupport_fastrtps_c.h
[137.439s] -- Installing: /home/wh1te/ros2_ws/install/px4_msgs/include/px4_msgs/px4_msgs/msg/detail/sensor_baro__rosidl_typesupport_fastrtps_c.h
[137.439s] -- Installing: /home/wh1te/ros2_ws/install/px4_msgs/include/px4_msgs/px4_msgs/msg/detail/sensor_combined__rosidl_typesupport_fastrtps_c.h
[137.439s] -- Installing: /home/wh1te/ros2_ws/install/px4_msgs/include/px4_msgs/px4_msgs/msg/detail/uavcan_parameter_request__rosidl_typesupport_fastrtps_c.h
[137.439s] -- Installing: /home/wh1te/ros2_ws/install/px4_msgs/include/px4_msgs/px4_msgs/msg/detail/satellite_info__rosidl_typesupport_fastrtps_c.h
[137.439s] -- Installing: /home/wh1te/ros2_ws/install/px4_msgs/include/px4_msgs/px4_msgs/msg/detail/navigator_mission_item__rosidl_typesupport_fastrtps_c.h
[137.439s] -- Installing: /home/wh1te/ros2_ws/install/px4_msgs/include/px4_msgs/px4_msgs/msg/detail/action_request__rosidl_typesupport_fastrtps_c.h
[137.439s] -- Installing: /home/wh1te/ros2_ws/install/px4_msgs/include/px4_msgs/px4_msgs/msg/detail/cellular_status__rosidl_typesupport_fastrtps_c.h
[137.439s] -- Installing: /home/wh1te/ros2_ws/install/px4_msgs/include/px4_msgs/px4_msgs/msg/detail/onboard_computer_status__rosidl_typesupport_fastrtps_c.h
[137.439s] -- Installing: /home/wh1te/ros2_ws/install/px4_msgs/include/px4_msgs/px4_msgs/msg/detail/autotune_attitude_control_status__rosidl_typesupport_fastrtps_c.h
[137.439s] -- Installing: /home/wh1te/ros2_ws/install/px4_msgs/include/px4_msgs/px4_msgs/msg/detail/uavcan_parameter_value__rosidl_typesupport_fastrtps_c.h
[137.439s] -- Installing: /home/wh1te/ros2_ws/install/px4_msgs/include/px4_msgs/px4_msgs/msg/detail/normalized_unsigned_setpoint__rosidl_typesupport_fastrtps_c.h
[137.440s] -- Installing: /home/wh1te/ros2_ws/install/px4_msgs/include/px4_msgs/px4_msgs/msg/detail/vehicle_angular_acceleration_setpoint__rosidl_typesupport_fastrtps_c.h
[137.440s] -- Installing: /home/wh1te/ros2_ws/install/px4_msgs/include/px4_msgs/px4_msgs/msg/detail/vehicle_imu__rosidl_typesupport_fastrtps_c.h
[137.440s] -- Installing: /home/wh1te/ros2_ws/install/px4_msgs/include/px4_msgs/px4_msgs/msg/detail/debug_array__rosidl_typesupport_fastrtps_c.h
[137.440s] -- Installing: /home/wh1te/ros2_ws/install/px4_msgs/include/px4_msgs/px4_msgs/msg/detail/esc_status__rosidl_typesupport_fastrtps_c.h
[137.440s] -- Installing: /home/wh1te/ros2_ws/install/px4_msgs/include/px4_msgs/px4_msgs/msg/detail/power_monitor__rosidl_typesupport_fastrtps_c.h
[137.440s] -- Installing: /home/wh1te/ros2_ws/install/px4_msgs/include/px4_msgs/px4_msgs/msg/detail/battery_status__rosidl_typesupport_fastrtps_c.h
[137.440s] -- Installing: /home/wh1te/ros2_ws/install/px4_msgs/include/px4_msgs/px4_msgs/msg/detail/landing_gear_wheel__rosidl_typesupport_fastrtps_c.h
[137.440s] -- Installing: /home/wh1te/ros2_ws/install/px4_msgs/include/px4_msgs/px4_msgs/msg/detail/estimator_event_flags__rosidl_typesupport_fastrtps_c.h
[137.440s] -- Installing: /home/wh1te/ros2_ws/install/px4_msgs/include/px4_msgs/px4_msgs/msg/detail/cpuload__rosidl_typesupport_fastrtps_c.h
[137.440s] -- Installing: /home/wh1te/ros2_ws/install/px4_msgs/include/px4_msgs/px4_msgs/msg/detail/pps_capture__rosidl_typesupport_fastrtps_c.h
[137.440s] -- Installing: /home/wh1te/ros2_ws/install/px4_msgs/include/px4_msgs/px4_msgs/msg/detail/orb_test_large__rosidl_typesupport_fastrtps_c.h
[137.440s] -- Installing: /home/wh1te/ros2_ws/install/px4_msgs/include/px4_msgs/px4_msgs/msg/detail/logger_status__rosidl_typesupport_fastrtps_c.h
[137.440s] -- Installing: /home/wh1te/ros2_ws/install/px4_msgs/include/px4_msgs/px4_msgs/msg/detail/vtol_vehicle_status__rosidl_typesupport_fastrtps_c.h
[137.440s] -- Installing: /home/wh1te/ros2_ws/install/px4_msgs/include/px4_msgs/px4_msgs/msg/detail/position_controller_landing_status__rosidl_typesupport_fastrtps_c.h
[137.440s] -- Installing: /home/wh1te/ros2_ws/install/px4_msgs/include/px4_msgs/px4_msgs/msg/detail/camera_capture__rosidl_typesupport_fastrtps_c.h
[137.441s] -- Installing: /home/wh1te/ros2_ws/install/px4_msgs/include/px4_msgs/px4_msgs/msg/detail/generator_status__rosidl_typesupport_fastrtps_c.h
[137.441s] -- Installing: /home/wh1te/ros2_ws/install/px4_msgs/include/px4_msgs/px4_msgs/msg/detail/vehicle_control_mode__rosidl_typesupport_fastrtps_c.h
[137.441s] -- Installing: /home/wh1te/ros2_ws/install/px4_msgs/include/px4_msgs/px4_msgs/msg/detail/rate_ctrl_status__rosidl_typesupport_fastrtps_c.h
[137.441s] -- Installing: /home/wh1te/ros2_ws/install/px4_msgs/include/px4_msgs/px4_msgs/msg/detail/gimbal_device_information__rosidl_typesupport_fastrtps_c.h
[137.441s] -- Installing: /home/wh1te/ros2_ws/install/px4_msgs/include/px4_msgs/px4_msgs/msg/detail/vehicle_rates_setpoint__rosidl_typesupport_fastrtps_c.h
[137.441s] -- Installing: /home/wh1te/ros2_ws/install/px4_msgs/include/px4_msgs/px4_msgs/msg/detail/obstacle_distance__rosidl_typesupport_fastrtps_c.h
[137.441s] -- Installing: /home/wh1te/ros2_ws/install/px4_msgs/include/px4_msgs/px4_msgs/msg/detail/follow_target_estimator__rosidl_typesupport_fastrtps_c.h
[137.441s] -- Installing: /home/wh1te/ros2_ws/install/px4_msgs/include/px4_msgs/px4_msgs/msg/detail/sensor_correction__rosidl_typesupport_fastrtps_c.h
[137.441s] -- Installing: /home/wh1te/ros2_ws/install/px4_msgs/include/px4_msgs/px4_msgs/msg/detail/radio_status__rosidl_typesupport_fastrtps_c.h
[137.441s] -- Installing: /home/wh1te/ros2_ws/install/px4_msgs/include/px4_msgs/px4_msgs/msg/detail/mission__rosidl_typesupport_fastrtps_c.h
[137.441s] -- Installing: /home/wh1te/ros2_ws/install/px4_msgs/include/px4_msgs/px4_msgs/msg/detail/vehicle_angular_velocity__rosidl_typesupport_fastrtps_c.h
[137.441s] -- Installing: /home/wh1te/ros2_ws/install/px4_msgs/include/px4_msgs/px4_msgs/msg/detail/ping__rosidl_typesupport_fastrtps_c.h
[137.441s] -- Installing: /home/wh1te/ros2_ws/install/px4_msgs/include/px4_msgs/px4_msgs/msg/detail/estimator_innovations__rosidl_typesupport_fastrtps_c.h
[137.441s] -- Installing: /home/wh1te/ros2_ws/install/px4_msgs/include/px4_msgs/px4_msgs/msg/detail/sensor_gyro__rosidl_typesupport_fastrtps_c.h
[137.441s] -- Installing: /home/wh1te/ros2_ws/install/px4_msgs/include/px4_msgs/px4_msgs/msg/detail/vehicle_torque_setpoint__rosidl_typesupport_fastrtps_c.h
[137.442s] -- Installing: /home/wh1te/ros2_ws/install/px4_msgs/include/px4_msgs/px4_msgs/msg/detail/estimator_states__rosidl_typesupport_fastrtps_c.h
[137.442s] -- Installing: /home/wh1te/ros2_ws/install/px4_msgs/include/px4_msgs/px4_msgs/msg/detail/mag_worker_data__rosidl_typesupport_fastrtps_c.h
[137.442s] -- Installing: /home/wh1te/ros2_ws/install/px4_msgs/include/px4_msgs/px4_msgs/msg/detail/tiltrotor_extra_controls__rosidl_typesupport_fastrtps_c.h
[137.442s] -- Installing: /home/wh1te/ros2_ws/install/px4_msgs/include/px4_msgs/px4_msgs/msg/detail/actuator_motors__rosidl_typesupport_fastrtps_c.h
[137.442s] -- Installing: /home/wh1te/ros2_ws/install/px4_msgs/include/px4_msgs/px4_msgs/msg/detail/sensor_mag__rosidl_typesupport_fastrtps_c.h
[137.442s] -- Installing: /home/wh1te/ros2_ws/install/px4_msgs/include/px4_msgs/px4_msgs/msg/detail/estimator_status_flags__rosidl_typesupport_fastrtps_c.h
[137.442s] -- Installing: /home/wh1te/ros2_ws/install/px4_msgs/include/px4_msgs/px4_msgs/msg/detail/vehicle_command_ack__rosidl_typesupport_fastrtps_c.h
[137.442s] -- Installing: /home/wh1te/ros2_ws/install/px4_msgs/include/px4_msgs/px4_msgs/msg/detail/collision_report__rosidl_typesupport_fastrtps_c.h
[137.442s] -- Installing: /home/wh1te/ros2_ws/install/px4_msgs/include/px4_msgs/px4_msgs/msg/detail/mount_orientation__rosidl_typesupport_fastrtps_c.h
[137.442s] -- Installing: /home/wh1te/ros2_ws/install/px4_msgs/include/px4_msgs/px4_msgs/msg/detail/parameter_update__rosidl_typesupport_fastrtps_c.h
[137.442s] -- Installing: /home/wh1te/ros2_ws/install/px4_msgs/include/px4_msgs/px4_msgs/msg/detail/landing_target_innovations__rosidl_typesupport_fastrtps_c.h
[137.442s] -- Installing: /home/wh1te/ros2_ws/install/px4_msgs/include/px4_msgs/px4_msgs/msg/detail/vehicle_global_position__rosidl_typesupport_fastrtps_c.h
[137.442s] -- Installing: /home/wh1te/ros2_ws/install/px4_msgs/include/px4_msgs/px4_msgs/msg/detail/led_control__rosidl_typesupport_fastrtps_c.h
[137.442s] -- Installing: /home/wh1te/ros2_ws/install/px4_msgs/include/px4_msgs/px4_msgs/msg/detail/timesync_status__rosidl_typesupport_fastrtps_c.h
[137.442s] -- Installing: /home/wh1te/ros2_ws/install/px4_msgs/include/px4_msgs/px4_msgs/msg/detail/vehicle_status__rosidl_typesupport_fastrtps_c.h
[137.443s] -- Installing: /home/wh1te/ros2_ws/install/px4_msgs/include/px4_msgs/px4_msgs/msg/detail/tune_control__rosidl_typesupport_fastrtps_c.h
[137.443s] -- Installing: /home/wh1te/ros2_ws/install/px4_msgs/include/px4_msgs/px4_msgs/msg/detail/geofence_result__rosidl_typesupport_fastrtps_c.h
[137.443s] -- Installing: /home/wh1te/ros2_ws/install/px4_msgs/include/px4_msgs/px4_msgs/msg/detail/manual_control_switches__rosidl_typesupport_fastrtps_c.h
[137.443s] -- Installing: /home/wh1te/ros2_ws/install/px4_msgs/include/px4_msgs/px4_msgs/msg/detail/tecs_status__rosidl_typesupport_fastrtps_c.h
[137.443s] -- Installing: /home/wh1te/ros2_ws/install/px4_msgs/include/px4_msgs/px4_msgs/msg/detail/actuator_outputs__rosidl_typesupport_fastrtps_c.h
[137.443s] -- Installing: /home/wh1te/ros2_ws/install/px4_msgs/include/px4_msgs/px4_msgs/msg/detail/mode_completed__rosidl_typesupport_fastrtps_c.h
[137.443s] -- Installing: /home/wh1te/ros2_ws/install/px4_msgs/include/px4_msgs/px4_msgs/msg/detail/actuator_armed__rosidl_typesupport_fastrtps_c.h
[137.443s] -- Installing: /home/wh1te/ros2_ws/install/px4_msgs/include/px4_msgs/px4_msgs/msg/detail/estimator_status__rosidl_typesupport_fastrtps_c.h
[137.443s] -- Installing: /home/wh1te/ros2_ws/install/px4_msgs/include/px4_msgs/px4_msgs/msg/detail/estimator_gps_status__rosidl_typesupport_fastrtps_c.h
[137.443s] -- Installing: /home/wh1te/ros2_ws/install/px4_msgs/include/px4_msgs/px4_msgs/msg/detail/distance_sensor__rosidl_typesupport_fastrtps_c.h
[137.443s] -- Installing: /home/wh1te/ros2_ws/install/px4_msgs/include/px4_msgs/px4_msgs/msg/detail/sensor_gyro_fft__rosidl_typesupport_fastrtps_c.h
[137.443s] -- Installing: /home/wh1te/ros2_ws/install/px4_msgs/include/px4_msgs/px4_msgs/msg/detail/gimbal_manager_information__rosidl_typesupport_fastrtps_c.h
[137.443s] -- Installing: /home/wh1te/ros2_ws/install/px4_msgs/include/px4_msgs/px4_msgs/msg/detail/event__rosidl_typesupport_fastrtps_c.h
[137.443s] -- Installing: /home/wh1te/ros2_ws/install/px4_msgs/include/px4_msgs/px4_msgs/msg/detail/vehicle_attitude_setpoint__rosidl_typesupport_fastrtps_c.h
[137.443s] -- Installing: /home/wh1te/ros2_ws/install/px4_msgs/include/px4_msgs/px4_msgs/msg/detail/follow_target__rosidl_typesupport_fastrtps_c.h
[137.443s] -- Installing: /home/wh1te/ros2_ws/install/px4_msgs/include/px4_msgs/px4_msgs/msg/detail/camera_status__rosidl_typesupport_fastrtps_c.h
[137.444s] -- Installing: /home/wh1te/ros2_ws/install/px4_msgs/include/px4_msgs/px4_msgs/msg/detail/differential_pressure__rosidl_typesupport_fastrtps_c.h
[137.444s] -- Installing: /home/wh1te/ros2_ws/install/px4_msgs/include/px4_msgs/px4_msgs/msg/detail/debug_value__rosidl_typesupport_fastrtps_c.h
[137.444s] -- Installing: /home/wh1te/ros2_ws/install/px4_msgs/include/px4_msgs/px4_msgs/msg/detail/vehicle_optical_flow_vel__rosidl_typesupport_fastrtps_c.h
[137.444s] -- Installing: /home/wh1te/ros2_ws/install/px4_msgs/include/px4_msgs/px4_msgs/msg/detail/vehicle_magnetometer__rosidl_typesupport_fastrtps_c.h
[137.444s] -- Installing: /home/wh1te/ros2_ws/install/px4_msgs/include/px4_msgs/px4_msgs/msg/detail/ulog_stream__rosidl_typesupport_fastrtps_c.h
[137.444s] -- Installing: /home/wh1te/ros2_ws/install/px4_msgs/include/px4_msgs/px4_msgs/msg/detail/camera_trigger__rosidl_typesupport_fastrtps_c.h
[137.444s] -- Installing: /home/wh1te/ros2_ws/install/px4_msgs/include/px4_msgs/px4_msgs/msg/detail/sensor_gnss_relative__rosidl_typesupport_fastrtps_c.h
[137.444s] -- Installing: /home/wh1te/ros2_ws/install/px4_msgs/include/px4_msgs/px4_msgs/msg/detail/npfg_status__rosidl_typesupport_fastrtps_c.h
[137.444s] -- Installing: /home/wh1te/ros2_ws/install/px4_msgs/include/px4_msgs/px4_msgs/msg/detail/telemetry_status__rosidl_typesupport_fastrtps_c.h
[137.444s] -- Installing: /home/wh1te/ros2_ws/install/px4_msgs/include/px4_msgs/px4_msgs/msg/detail/task_stack_info__rosidl_typesupport_fastrtps_c.h
[137.444s] -- Installing: /home/wh1te/ros2_ws/install/px4_msgs/include/px4_msgs/px4_msgs/msg/detail/takeoff_status__rosidl_typesupport_fastrtps_c.h
[137.444s] -- Installing: /home/wh1te/ros2_ws/install/px4_msgs/include/px4_msgs/px4_msgs/msg/detail/orbit_status__rosidl_typesupport_fastrtps_c.h
[137.444s] -- Installing: /home/wh1te/ros2_ws/install/px4_msgs/include/px4_msgs/px4_msgs/msg/detail/magnetometer_bias_estimate__rosidl_typesupport_fastrtps_c.h
[137.444s] -- Installing: /home/wh1te/ros2_ws/install/px4_msgs/include/px4_msgs/px4_msgs/msg/detail/failsafe_flags__rosidl_typesupport_fastrtps_c.h
[137.444s] -- Installing: /home/wh1te/ros2_ws/install/px4_msgs/include/px4_msgs/px4_msgs/msg/detail/vehicle_air_data__rosidl_typesupport_fastrtps_c.h
[137.445s] -- Installing: /home/wh1te/ros2_ws/install/px4_msgs/include/px4_msgs/px4_msgs/msg/detail/sensor_gyro_fifo__rosidl_typesupport_fastrtps_c.h
[137.445s] -- Installing: /home/wh1te/ros2_ws/install/px4_msgs/include/px4_msgs/px4_msgs/msg/detail/mission_result__rosidl_typesupport_fastrtps_c.h
[137.445s] -- Installing: /home/wh1te/ros2_ws/install/px4_msgs/include/px4_msgs/px4_msgs/msg/detail/rpm__rosidl_typesupport_fastrtps_c.h
[137.445s] -- Installing: /home/wh1te/ros2_ws/install/px4_msgs/include/px4_msgs/px4_msgs/msg/detail/actuator_servos_trim__rosidl_typesupport_fastrtps_c.h
[137.445s] -- Installing: /home/wh1te/ros2_ws/install/px4_msgs/include/px4_msgs/px4_msgs/msg/detail/estimator_bias__rosidl_typesupport_fastrtps_c.h
[137.445s] -- Installing: /home/wh1te/ros2_ws/install/px4_msgs/include/px4_msgs/px4_msgs/msg/detail/vehicle_local_position__rosidl_typesupport_fastrtps_c.h
[137.445s] -- Installing: /home/wh1te/ros2_ws/install/px4_msgs/include/px4_msgs/px4_msgs/msg/detail/sensor_preflight_mag__rosidl_typesupport_fastrtps_c.h
[137.445s] -- Installing: /home/wh1te/ros2_ws/install/px4_msgs/include/px4_msgs/px4_msgs/msg/detail/vehicle_local_position_setpoint__rosidl_typesupport_fastrtps_c.h
[137.445s] -- Installing: /home/wh1te/ros2_ws/install/px4_msgs/include/px4_msgs/px4_msgs/msg/detail/offboard_control_mode__rosidl_typesupport_fastrtps_c.h
[137.445s] -- Installing: /home/wh1te/ros2_ws/install/px4_msgs/include/px4_msgs/px4_msgs/msg/detail/launch_detection_status__rosidl_typesupport_fastrtps_c.h
[137.445s] -- Installing: /home/wh1te/ros2_ws/install/px4_msgs/include/px4_msgs/px4_msgs/msg/detail/vehicle_constraints__rosidl_typesupport_fastrtps_c.h
[137.445s] -- Installing: /home/wh1te/ros2_ws/install/px4_msgs/include/px4_msgs/px4_msgs/msg/detail/debug_key_value__rosidl_typesupport_fastrtps_c.h
[137.445s] -- Installing: /home/wh1te/ros2_ws/install/px4_msgs/include/px4_msgs/px4_msgs/msg/detail/wind__rosidl_typesupport_fastrtps_c.h
[137.445s] -- Installing: /home/wh1te/ros2_ws/install/px4_msgs/include/px4_msgs/px4_msgs/msg/detail/rc_channels__rosidl_typesupport_fastrtps_c.h
[137.446s] -- Installing: /home/wh1te/ros2_ws/install/px4_msgs/lib/libpx4_msgs__rosidl_typesupport_fastrtps_c.so
[137.446s] -- Set runtime path of "/home/wh1te/ros2_ws/install/px4_msgs/lib/libpx4_msgs__rosidl_typesupport_fastrtps_c.so" to ""
[137.446s] -- Up-to-date: /home/wh1te/ros2_ws/install/px4_msgs/include/px4_msgs/px4_msgs
[137.446s] -- Up-to-date: /home/wh1te/ros2_ws/install/px4_msgs/include/px4_msgs/px4_msgs/msg
[137.446s] -- Installing: /home/wh1te/ros2_ws/install/px4_msgs/include/px4_msgs/px4_msgs/msg/iridiumsbd_status.hpp
[137.446s] -- Installing: /home/wh1te/ros2_ws/install/px4_msgs/include/px4_msgs/px4_msgs/msg/vehicle_angular_acceleration_setpoint.hpp
[137.447s] -- Installing: /home/wh1te/ros2_ws/install/px4_msgs/include/px4_msgs/px4_msgs/msg/mavlink_tunnel.hpp
[137.447s] -- Installing: /home/wh1te/ros2_ws/install/px4_msgs/include/px4_msgs/px4_msgs/msg/follow_target.hpp
[137.447s] -- Installing: /home/wh1te/ros2_ws/install/px4_msgs/include/px4_msgs/px4_msgs/msg/radio_status.hpp
[137.447s] -- Installing: /home/wh1te/ros2_ws/install/px4_msgs/include/px4_msgs/px4_msgs/msg/estimator_aid_source2d.hpp
[137.447s] -- Installing: /home/wh1te/ros2_ws/install/px4_msgs/include/px4_msgs/px4_msgs/msg/vehicle_torque_setpoint.hpp
[137.447s] -- Installing: /home/wh1te/ros2_ws/install/px4_msgs/include/px4_msgs/px4_msgs/msg/uavcan_parameter_value.hpp
[137.447s] -- Installing: /home/wh1te/ros2_ws/install/px4_msgs/include/px4_msgs/px4_msgs/msg/follow_target_status.hpp
[137.447s] -- Installing: /home/wh1te/ros2_ws/install/px4_msgs/include/px4_msgs/px4_msgs/msg/estimator_selector_status.hpp
[137.447s] -- Installing: /home/wh1te/ros2_ws/install/px4_msgs/include/px4_msgs/px4_msgs/msg/position_setpoint_triplet.hpp
[137.447s] -- Installing: /home/wh1te/ros2_ws/install/px4_msgs/include/px4_msgs/px4_msgs/msg/vehicle_status.hpp
[137.447s] -- Installing: /home/wh1te/ros2_ws/install/px4_msgs/include/px4_msgs/px4_msgs/msg/heater_status.hpp
[137.447s] -- Installing: /home/wh1te/ros2_ws/install/px4_msgs/include/px4_msgs/px4_msgs/msg/task_stack_info.hpp
[137.447s] -- Installing: /home/wh1te/ros2_ws/install/px4_msgs/include/px4_msgs/px4_msgs/msg/sensor_uwb.hpp
[137.447s] -- Installing: /home/wh1te/ros2_ws/install/px4_msgs/include/px4_msgs/px4_msgs/msg/debug_value.hpp
[137.448s] -- Installing: /home/wh1te/ros2_ws/install/px4_msgs/include/px4_msgs/px4_msgs/msg/rc_parameter_map.hpp
[137.448s] -- Installing: /home/wh1te/ros2_ws/install/px4_msgs/include/px4_msgs/px4_msgs/msg/sensor_hygrometer.hpp
[137.448s] -- Installing: /home/wh1te/ros2_ws/install/px4_msgs/include/px4_msgs/px4_msgs/msg/input_rc.hpp
[137.448s] -- Installing: /home/wh1te/ros2_ws/install/px4_msgs/include/px4_msgs/px4_msgs/msg/failure_detector_status.hpp
[137.448s] -- Installing: /home/wh1te/ros2_ws/install/px4_msgs/include/px4_msgs/px4_msgs/msg/landing_gear.hpp
[137.448s] -- Installing: /home/wh1te/ros2_ws/install/px4_msgs/include/px4_msgs/px4_msgs/msg/normalized_unsigned_setpoint.hpp
[137.448s] -- Installing: /home/wh1te/ros2_ws/install/px4_msgs/include/px4_msgs/px4_msgs/msg/estimator_aid_source1d.hpp
[137.448s] -- Installing: /home/wh1te/ros2_ws/install/px4_msgs/include/px4_msgs/px4_msgs/msg/vehicle_constraints.hpp
[137.448s] -- Installing: /home/wh1te/ros2_ws/install/px4_msgs/include/px4_msgs/px4_msgs/msg/autotune_attitude_control_status.hpp
[137.448s] -- Installing: /home/wh1te/ros2_ws/install/px4_msgs/include/px4_msgs/px4_msgs/msg/collision_constraints.hpp
[137.448s] -- Installing: /home/wh1te/ros2_ws/install/px4_msgs/include/px4_msgs/px4_msgs/msg/transponder_report.hpp
[137.448s] -- Up-to-date: /home/wh1te/ros2_ws/install/px4_msgs/include/px4_msgs/px4_msgs/msg/detail
[137.449s] -- Installing: /home/wh1te/ros2_ws/install/px4_msgs/include/px4_msgs/px4_msgs/msg/detail/estimator_aid_source1d__builder.hpp
[137.449s] -- Installing: /home/wh1te/ros2_ws/install/px4_msgs/include/px4_msgs/px4_msgs/msg/detail/vehicle_global_position__builder.hpp
[137.449s] -- Installing: /home/wh1te/ros2_ws/install/px4_msgs/include/px4_msgs/px4_msgs/msg/detail/mission__struct.hpp
[137.449s] -- Installing: /home/wh1te/ros2_ws/install/px4_msgs/include/px4_msgs/px4_msgs/msg/detail/sensor_gyro_fft__type_support.hpp
[137.449s] -- Installing: /home/wh1te/ros2_ws/install/px4_msgs/include/px4_msgs/px4_msgs/msg/detail/radio_status__struct.hpp
[137.449s] -- Installing: /home/wh1te/ros2_ws/install/px4_msgs/include/px4_msgs/px4_msgs/msg/detail/landing_target_innovations__type_support.hpp
[137.449s] -- Installing: /home/wh1te/ros2_ws/install/px4_msgs/include/px4_msgs/px4_msgs/msg/detail/control_allocator_status__type_support.hpp
[137.449s] -- Installing: /home/wh1te/ros2_ws/install/px4_msgs/include/px4_msgs/px4_msgs/msg/detail/vehicle_command_ack__struct.hpp
[137.449s] -- Installing: /home/wh1te/ros2_ws/install/px4_msgs/include/px4_msgs/px4_msgs/msg/detail/estimator_bias__traits.hpp
[137.449s] -- Installing: /home/wh1te/ros2_ws/install/px4_msgs/include/px4_msgs/px4_msgs/msg/detail/px4io_status__struct.hpp
[137.449s] -- Installing: /home/wh1te/ros2_ws/install/px4_msgs/include/px4_msgs/px4_msgs/msg/detail/collision_constraints__builder.hpp
[137.449s] -- Installing: /home/wh1te/ros2_ws/install/px4_msgs/include/px4_msgs/px4_msgs/msg/detail/failure_detector_status__builder.hpp
[137.449s] -- Installing: /home/wh1te/ros2_ws/install/px4_msgs/include/px4_msgs/px4_msgs/msg/detail/actuator_outputs__builder.hpp
[137.449s] -- Installing: /home/wh1te/ros2_ws/install/px4_msgs/include/px4_msgs/px4_msgs/msg/detail/rc_parameter_map__builder.hpp
[137.449s] -- Installing: /home/wh1te/ros2_ws/install/px4_msgs/include/px4_msgs/px4_msgs/msg/detail/failure_detector_status__type_support.hpp
[137.450s] -- Installing: /home/wh1te/ros2_ws/install/px4_msgs/include/px4_msgs/px4_msgs/msg/detail/autotune_attitude_control_status__type_support.hpp
[137.450s] -- Installing: /home/wh1te/ros2_ws/install/px4_msgs/include/px4_msgs/px4_msgs/msg/detail/estimator_status__type_support.hpp
[137.450s] -- Installing: /home/wh1te/ros2_ws/install/px4_msgs/include/px4_msgs/px4_msgs/msg/detail/vehicle_roi__struct.hpp
[137.450s] -- Installing: /home/wh1te/ros2_ws/install/px4_msgs/include/px4_msgs/px4_msgs/msg/detail/landing_gear__builder.hpp
[137.450s] -- Installing: /home/wh1te/ros2_ws/install/px4_msgs/include/px4_msgs/px4_msgs/msg/detail/vehicle_angular_acceleration_setpoint__traits.hpp
[137.450s] -- Installing: /home/wh1te/ros2_ws/install/px4_msgs/include/px4_msgs/px4_msgs/msg/detail/irlock_report__builder.hpp
[137.450s] -- Installing: /home/wh1te/ros2_ws/install/px4_msgs/include/px4_msgs/px4_msgs/msg/detail/actuator_motors__type_support.hpp
[137.450s] -- Installing: /home/wh1te/ros2_ws/install/px4_msgs/include/px4_msgs/px4_msgs/msg/detail/estimator_states__builder.hpp
[137.450s] -- Installing: /home/wh1te/ros2_ws/install/px4_msgs/include/px4_msgs/px4_msgs/msg/detail/orb_test_medium__traits.hpp
[137.450s] -- Installing: /home/wh1te/ros2_ws/install/px4_msgs/include/px4_msgs/px4_msgs/msg/detail/sensors_status_imu__builder.hpp
[137.450s] -- Installing: /home/wh1te/ros2_ws/install/px4_msgs/include/px4_msgs/px4_msgs/msg/detail/system_power__type_support.hpp
[137.450s] -- Installing: /home/wh1te/ros2_ws/install/px4_msgs/include/px4_msgs/px4_msgs/msg/detail/internal_combustion_engine_status__struct.hpp
[137.450s] -- Installing: /home/wh1te/ros2_ws/install/px4_msgs/include/px4_msgs/px4_msgs/msg/detail/pwm_input__traits.hpp
[137.450s] -- Installing: /home/wh1te/ros2_ws/install/px4_msgs/include/px4_msgs/px4_msgs/msg/detail/sensor_combined__struct.hpp
[137.451s] -- Installing: /home/wh1te/ros2_ws/install/px4_msgs/include/px4_msgs/px4_msgs/msg/detail/gimbal_manager_information__struct.hpp
[137.451s] -- Installing: /home/wh1te/ros2_ws/install/px4_msgs/include/px4_msgs/px4_msgs/msg/detail/sensor_gps__traits.hpp
[137.451s] -- Installing: /home/wh1te/ros2_ws/install/px4_msgs/include/px4_msgs/px4_msgs/msg/detail/health_report__type_support.hpp
[137.451s] -- Installing: /home/wh1te/ros2_ws/install/px4_msgs/include/px4_msgs/px4_msgs/msg/detail/estimator_innovations__builder.hpp
[137.451s] -- Installing: /home/wh1te/ros2_ws/install/px4_msgs/include/px4_msgs/px4_msgs/msg/detail/gripper__builder.hpp
[137.451s] -- Installing: /home/wh1te/ros2_ws/install/px4_msgs/include/px4_msgs/px4_msgs/msg/detail/heater_status__type_support.hpp
[137.451s] -- Installing: /home/wh1te/ros2_ws/install/px4_msgs/include/px4_msgs/px4_msgs/msg/detail/distance_sensor__struct.hpp
[137.451s] -- Installing: /home/wh1te/ros2_ws/install/px4_msgs/include/px4_msgs/px4_msgs/msg/detail/estimator_selector_status__builder.hpp
[137.451s] -- Installing: /home/wh1te/ros2_ws/install/px4_msgs/include/px4_msgs/px4_msgs/msg/detail/irlock_report__traits.hpp
[137.451s] -- Installing: /home/wh1te/ros2_ws/install/px4_msgs/include/px4_msgs/px4_msgs/msg/detail/sensor_preflight_mag__type_support.hpp
[137.451s] -- Installing: /home/wh1te/ros2_ws/install/px4_msgs/include/px4_msgs/px4_msgs/msg/detail/actuator_controls_status__traits.hpp
[137.451s] -- Installing: /home/wh1te/ros2_ws/install/px4_msgs/include/px4_msgs/px4_msgs/msg/detail/generator_status__traits.hpp
[137.451s] -- Installing: /home/wh1te/ros2_ws/install/px4_msgs/include/px4_msgs/px4_msgs/msg/detail/sensor_accel__struct.hpp
[137.451s] -- Installing: /home/wh1te/ros2_ws/install/px4_msgs/include/px4_msgs/px4_msgs/msg/detail/sensor_optical_flow__traits.hpp
[137.452s] -- Installing: /home/wh1te/ros2_ws/install/px4_msgs/include/px4_msgs/px4_msgs/msg/detail/airspeed_wind__builder.hpp
[137.452s] -- Installing: /home/wh1te/ros2_ws/install/px4_msgs/include/px4_msgs/px4_msgs/msg/detail/landing_target_pose__builder.hpp
[137.452s] -- Installing: /home/wh1te/ros2_ws/install/px4_msgs/include/px4_msgs/px4_msgs/msg/detail/gimbal_manager_status__type_support.hpp
[137.452s] -- Installing: /home/wh1te/ros2_ws/install/px4_msgs/include/px4_msgs/px4_msgs/msg/detail/manual_control_switches__struct.hpp
[137.452s] -- Installing: /home/wh1te/ros2_ws/install/px4_msgs/include/px4_msgs/px4_msgs/msg/detail/navigator_mission_item__builder.hpp
[137.452s] -- Installing: /home/wh1te/ros2_ws/install/px4_msgs/include/px4_msgs/px4_msgs/msg/detail/vehicle_trajectory_waypoint__type_support.hpp
[137.452s] -- Installing: /home/wh1te/ros2_ws/install/px4_msgs/include/px4_msgs/px4_msgs/msg/detail/task_stack_info__struct.hpp
[137.452s] -- Installing: /home/wh1te/ros2_ws/install/px4_msgs/include/px4_msgs/px4_msgs/msg/detail/esc_report__struct.hpp
[137.452s] -- Installing: /home/wh1te/ros2_ws/install/px4_msgs/include/px4_msgs/px4_msgs/msg/detail/vehicle_optical_flow_vel__struct.hpp
[137.452s] -- Installing: /home/wh1te/ros2_ws/install/px4_msgs/include/px4_msgs/px4_msgs/msg/detail/yaw_estimator_status__struct.hpp
[137.452s] -- Installing: /home/wh1te/ros2_ws/install/px4_msgs/include/px4_msgs/px4_msgs/msg/detail/sensor_uwb__traits.hpp
[137.452s] -- Installing: /home/wh1te/ros2_ws/install/px4_msgs/include/px4_msgs/px4_msgs/msg/detail/position_controller_status__builder.hpp
[137.452s] -- Installing: /home/wh1te/ros2_ws/install/px4_msgs/include/px4_msgs/px4_msgs/msg/detail/vehicle_command_ack__type_support.hpp
[137.452s] -- Installing: /home/wh1te/ros2_ws/install/px4_msgs/include/px4_msgs/px4_msgs/msg/detail/offboard_control_mode__traits.hpp
[137.453s] -- Installing: /home/wh1te/ros2_ws/install/px4_msgs/include/px4_msgs/px4_msgs/msg/detail/vehicle_angular_velocity__type_support.hpp
[137.453s] -- Installing: /home/wh1te/ros2_ws/install/px4_msgs/include/px4_msgs/px4_msgs/msg/detail/debug_array__struct.hpp
[137.453s] -- Installing: /home/wh1te/ros2_ws/install/px4_msgs/include/px4_msgs/px4_msgs/msg/detail/sensor_selection__type_support.hpp
[137.453s] -- Installing: /home/wh1te/ros2_ws/install/px4_msgs/include/px4_msgs/px4_msgs/msg/detail/vehicle_torque_setpoint__struct.hpp
[137.453s] -- Installing: /home/wh1te/ros2_ws/install/px4_msgs/include/px4_msgs/px4_msgs/msg/detail/esc_report__traits.hpp
[137.453s] -- Installing: /home/wh1te/ros2_ws/install/px4_msgs/include/px4_msgs/px4_msgs/msg/detail/estimator_bias3d__struct.hpp
[137.453s] -- Installing: /home/wh1te/ros2_ws/install/px4_msgs/include/px4_msgs/px4_msgs/msg/detail/vehicle_magnetometer__traits.hpp
[137.453s] -- Installing: /home/wh1te/ros2_ws/install/px4_msgs/include/px4_msgs/px4_msgs/msg/detail/vehicle_attitude__traits.hpp
[137.453s] -- Installing: /home/wh1te/ros2_ws/install/px4_msgs/include/px4_msgs/px4_msgs/msg/detail/magnetometer_bias_estimate__struct.hpp
[137.453s] -- Installing: /home/wh1te/ros2_ws/install/px4_msgs/include/px4_msgs/px4_msgs/msg/detail/navigator_mission_item__traits.hpp
[137.453s] -- Installing: /home/wh1te/ros2_ws/install/px4_msgs/include/px4_msgs/px4_msgs/msg/detail/vehicle_command__type_support.hpp
[137.453s] -- Installing: /home/wh1te/ros2_ws/install/px4_msgs/include/px4_msgs/px4_msgs/msg/detail/vehicle_trajectory_bezier__type_support.hpp
[137.453s] -- Installing: /home/wh1te/ros2_ws/install/px4_msgs/include/px4_msgs/px4_msgs/msg/detail/rpm__type_support.hpp
[137.454s] -- Installing: /home/wh1te/ros2_ws/install/px4_msgs/include/px4_msgs/px4_msgs/msg/detail/vehicle_roi__traits.hpp
[137.454s] -- Installing: /home/wh1te/ros2_ws/install/px4_msgs/include/px4_msgs/px4_msgs/msg/detail/log_message__builder.hpp
[137.454s] -- Installing: /home/wh1te/ros2_ws/install/px4_msgs/include/px4_msgs/px4_msgs/msg/detail/actuator_motors__traits.hpp
[137.454s] -- Installing: /home/wh1te/ros2_ws/install/px4_msgs/include/px4_msgs/px4_msgs/msg/detail/estimator_aid_source1d__type_support.hpp
[137.454s] -- Installing: /home/wh1te/ros2_ws/install/px4_msgs/include/px4_msgs/px4_msgs/msg/detail/estimator_aid_source1d__struct.hpp
[137.454s] -- Installing: /home/wh1te/ros2_ws/install/px4_msgs/include/px4_msgs/px4_msgs/msg/detail/gimbal_manager_status__struct.hpp
[137.454s] -- Installing: /home/wh1te/ros2_ws/install/px4_msgs/include/px4_msgs/px4_msgs/msg/detail/gimbal_controls__type_support.hpp
[137.454s] -- Installing: /home/wh1te/ros2_ws/install/px4_msgs/include/px4_msgs/px4_msgs/msg/detail/estimator_aid_source2d__struct.hpp
[137.454s] -- Installing: /home/wh1te/ros2_ws/install/px4_msgs/include/px4_msgs/px4_msgs/msg/detail/adc_report__traits.hpp
[137.454s] -- Installing: /home/wh1te/ros2_ws/install/px4_msgs/include/px4_msgs/px4_msgs/msg/detail/power_monitor__struct.hpp
[137.454s] -- Installing: /home/wh1te/ros2_ws/install/px4_msgs/include/px4_msgs/px4_msgs/msg/detail/gimbal_device_information__traits.hpp
[137.454s] -- Installing: /home/wh1te/ros2_ws/install/px4_msgs/include/px4_msgs/px4_msgs/msg/detail/wind__type_support.hpp
[137.454s] -- Installing: /home/wh1te/ros2_ws/install/px4_msgs/include/px4_msgs/px4_msgs/msg/detail/yaw_estimator_status__traits.hpp
[137.454s] -- Installing: /home/wh1te/ros2_ws/install/px4_msgs/include/px4_msgs/px4_msgs/msg/detail/debug_array__type_support.hpp
[137.454s] -- Installing: /home/wh1te/ros2_ws/install/px4_msgs/include/px4_msgs/px4_msgs/msg/detail/cpuload__builder.hpp
[137.455s] -- Installing: /home/wh1te/ros2_ws/install/px4_msgs/include/px4_msgs/px4_msgs/msg/detail/sensors_status_imu__traits.hpp
[137.455s] -- Installing: /home/wh1te/ros2_ws/install/px4_msgs/include/px4_msgs/px4_msgs/msg/detail/vehicle_command_ack__traits.hpp
[137.455s] -- Installing: /home/wh1te/ros2_ws/install/px4_msgs/include/px4_msgs/px4_msgs/msg/detail/orbit_status__type_support.hpp
[137.455s] -- Installing: /home/wh1te/ros2_ws/install/px4_msgs/include/px4_msgs/px4_msgs/msg/detail/magnetometer_bias_estimate__traits.hpp
[137.455s] -- Installing: /home/wh1te/ros2_ws/install/px4_msgs/include/px4_msgs/px4_msgs/msg/detail/position_controller_landing_status__traits.hpp
[137.455s] -- Installing: /home/wh1te/ros2_ws/install/px4_msgs/include/px4_msgs/px4_msgs/msg/detail/trajectory_bezier__traits.hpp
[137.455s] -- Installing: /home/wh1te/ros2_ws/install/px4_msgs/include/px4_msgs/px4_msgs/msg/detail/uavcan_parameter_request__builder.hpp
[137.455s] -- Installing: /home/wh1te/ros2_ws/install/px4_msgs/include/px4_msgs/px4_msgs/msg/detail/launch_detection_status__traits.hpp
[137.455s] -- Installing: /home/wh1te/ros2_ws/install/px4_msgs/include/px4_msgs/px4_msgs/msg/detail/onboard_computer_status__traits.hpp
[137.455s] -- Installing: /home/wh1te/ros2_ws/install/px4_msgs/include/px4_msgs/px4_msgs/msg/detail/hover_thrust_estimate__builder.hpp
[137.455s] -- Installing: /home/wh1te/ros2_ws/install/px4_msgs/include/px4_msgs/px4_msgs/msg/detail/rate_ctrl_status__builder.hpp
[137.455s] -- Installing: /home/wh1te/ros2_ws/install/px4_msgs/include/px4_msgs/px4_msgs/msg/detail/ulog_stream__type_support.hpp
[137.455s] -- Installing: /home/wh1te/ros2_ws/install/px4_msgs/include/px4_msgs/px4_msgs/msg/detail/estimator_innovations__struct.hpp
[137.455s] -- Installing: /home/wh1te/ros2_ws/install/px4_msgs/include/px4_msgs/px4_msgs/msg/detail/health_report__traits.hpp
[137.456s] -- Installing: /home/wh1te/ros2_ws/install/px4_msgs/include/px4_msgs/px4_msgs/msg/detail/actuator_servos_trim__builder.hpp
[137.456s] -- Installing: /home/wh1te/ros2_ws/install/px4_msgs/include/px4_msgs/px4_msgs/msg/detail/trajectory_setpoint__struct.hpp
[137.456s] -- Installing: /home/wh1te/ros2_ws/install/px4_msgs/include/px4_msgs/px4_msgs/msg/detail/takeoff_status__traits.hpp
[137.456s] -- Installing: /home/wh1te/ros2_ws/install/px4_msgs/include/px4_msgs/px4_msgs/msg/detail/manual_control_setpoint__struct.hpp
[137.456s] -- Installing: /home/wh1te/ros2_ws/install/px4_msgs/include/px4_msgs/px4_msgs/msg/detail/vehicle_constraints__struct.hpp
[137.456s] -- Installing: /home/wh1te/ros2_ws/install/px4_msgs/include/px4_msgs/px4_msgs/msg/detail/ping__type_support.hpp
[137.456s] -- Installing: /home/wh1te/ros2_ws/install/px4_msgs/include/px4_msgs/px4_msgs/msg/detail/debug_value__builder.hpp
[137.456s] -- Installing: /home/wh1te/ros2_ws/install/px4_msgs/include/px4_msgs/px4_msgs/msg/detail/sensor_selection__builder.hpp
[137.456s] -- Installing: /home/wh1te/ros2_ws/install/px4_msgs/include/px4_msgs/px4_msgs/msg/detail/launch_detection_status__struct.hpp
[137.456s] -- Installing: /home/wh1te/ros2_ws/install/px4_msgs/include/px4_msgs/px4_msgs/msg/detail/obstacle_distance__traits.hpp
[137.456s] -- Installing: /home/wh1te/ros2_ws/install/px4_msgs/include/px4_msgs/px4_msgs/msg/detail/vehicle_local_position_setpoint__type_support.hpp
[137.456s] -- Installing: /home/wh1te/ros2_ws/install/px4_msgs/include/px4_msgs/px4_msgs/msg/detail/pps_capture__traits.hpp
[137.456s] -- Installing: /home/wh1te/ros2_ws/install/px4_msgs/include/px4_msgs/px4_msgs/msg/detail/navigator_mission_item__type_support.hpp
[137.457s] -- Installing: /home/wh1te/ros2_ws/install/px4_msgs/include/px4_msgs/px4_msgs/msg/detail/pps_capture__builder.hpp
[137.457s] -- Installing: /home/wh1te/ros2_ws/install/px4_msgs/include/px4_msgs/px4_msgs/msg/detail/mavlink_log__traits.hpp
[137.457s] -- Installing: /home/wh1te/ros2_ws/install/px4_msgs/include/px4_msgs/px4_msgs/msg/detail/vehicle_constraints__builder.hpp
[137.457s] -- Installing: /home/wh1te/ros2_ws/install/px4_msgs/include/px4_msgs/px4_msgs/msg/detail/vehicle_imu_status__type_support.hpp
[137.457s] -- Installing: /home/wh1te/ros2_ws/install/px4_msgs/include/px4_msgs/px4_msgs/msg/detail/obstacle_distance__type_support.hpp
[137.457s] -- Installing: /home/wh1te/ros2_ws/install/px4_msgs/include/px4_msgs/px4_msgs/msg/detail/vehicle_angular_acceleration_setpoint__builder.hpp
[137.457s] -- Installing: /home/wh1te/ros2_ws/install/px4_msgs/include/px4_msgs/px4_msgs/msg/detail/control_allocator_status__struct.hpp
[137.457s] -- Installing: /home/wh1te/ros2_ws/install/px4_msgs/include/px4_msgs/px4_msgs/msg/detail/follow_target_estimator__builder.hpp
[137.457s] -- Installing: /home/wh1te/ros2_ws/install/px4_msgs/include/px4_msgs/px4_msgs/msg/detail/mount_orientation__struct.hpp
[137.457s] -- Installing: /home/wh1te/ros2_ws/install/px4_msgs/include/px4_msgs/px4_msgs/msg/detail/gimbal_device_information__builder.hpp
[137.457s] -- Installing: /home/wh1te/ros2_ws/install/px4_msgs/include/px4_msgs/px4_msgs/msg/detail/estimator_event_flags__type_support.hpp
[137.457s] -- Installing: /home/wh1te/ros2_ws/install/px4_msgs/include/px4_msgs/px4_msgs/msg/detail/vehicle_air_data__traits.hpp
[137.457s] -- Installing: /home/wh1te/ros2_ws/install/px4_msgs/include/px4_msgs/px4_msgs/msg/detail/landing_gear__traits.hpp
[137.457s] -- Installing: /home/wh1te/ros2_ws/install/px4_msgs/include/px4_msgs/px4_msgs/msg/detail/mavlink_tunnel__builder.hpp
[137.458s] -- Installing: /home/wh1te/ros2_ws/install/px4_msgs/include/px4_msgs/px4_msgs/msg/detail/event__builder.hpp
[137.458s] -- Installing: /home/wh1te/ros2_ws/install/px4_msgs/include/px4_msgs/px4_msgs/msg/detail/airspeed_wind__traits.hpp
[137.458s] -- Installing: /home/wh1te/ros2_ws/install/px4_msgs/include/px4_msgs/px4_msgs/msg/detail/rc_channels__traits.hpp
[137.458s] -- Installing: /home/wh1te/ros2_ws/install/px4_msgs/include/px4_msgs/px4_msgs/msg/detail/trajectory_waypoint__builder.hpp
[137.458s] -- Installing: /home/wh1te/ros2_ws/install/px4_msgs/include/px4_msgs/px4_msgs/msg/detail/vehicle_global_position__type_support.hpp
[137.458s] -- Installing: /home/wh1te/ros2_ws/install/px4_msgs/include/px4_msgs/px4_msgs/msg/detail/npfg_status__builder.hpp
[137.458s] -- Installing: /home/wh1te/ros2_ws/install/px4_msgs/include/px4_msgs/px4_msgs/msg/detail/failsafe_flags__type_support.hpp
[137.458s] -- Installing: /home/wh1te/ros2_ws/install/px4_msgs/include/px4_msgs/px4_msgs/msg/detail/vehicle_control_mode__type_support.hpp
[137.458s] -- Installing: /home/wh1te/ros2_ws/install/px4_msgs/include/px4_msgs/px4_msgs/msg/detail/manual_control_setpoint__builder.hpp
[137.458s] -- Installing: /home/wh1te/ros2_ws/install/px4_msgs/include/px4_msgs/px4_msgs/msg/detail/rpm__traits.hpp
[137.458s] -- Installing: /home/wh1te/ros2_ws/install/px4_msgs/include/px4_msgs/px4_msgs/msg/detail/estimator_status_flags__traits.hpp
[137.458s] -- Installing: /home/wh1te/ros2_ws/install/px4_msgs/include/px4_msgs/px4_msgs/msg/detail/vehicle_trajectory_waypoint__struct.hpp
[137.458s] -- Installing: /home/wh1te/ros2_ws/install/px4_msgs/include/px4_msgs/px4_msgs/msg/detail/airspeed_validated__traits.hpp
[137.458s] -- Installing: /home/wh1te/ros2_ws/install/px4_msgs/include/px4_msgs/px4_msgs/msg/detail/pwm_input__struct.hpp
[137.459s] -- Installing: /home/wh1te/ros2_ws/install/px4_msgs/include/px4_msgs/px4_msgs/msg/detail/rc_channels__struct.hpp
[137.459s] -- Installing: /home/wh1te/ros2_ws/install/px4_msgs/include/px4_msgs/px4_msgs/msg/detail/esc_status__struct.hpp
[137.459s] -- Installing: /home/wh1te/ros2_ws/install/px4_msgs/include/px4_msgs/px4_msgs/msg/detail/estimator_aid_source1d__traits.hpp
[137.459s] -- Installing: /home/wh1te/ros2_ws/install/px4_msgs/include/px4_msgs/px4_msgs/msg/detail/transponder_report__type_support.hpp
[137.459s] -- Installing: /home/wh1te/ros2_ws/install/px4_msgs/include/px4_msgs/px4_msgs/msg/detail/vehicle_trajectory_waypoint__builder.hpp
[137.459s] -- Installing: /home/wh1te/ros2_ws/install/px4_msgs/include/px4_msgs/px4_msgs/msg/detail/vehicle_land_detected__builder.hpp
[137.459s] -- Installing: /home/wh1te/ros2_ws/install/px4_msgs/include/px4_msgs/px4_msgs/msg/detail/vehicle_status__struct.hpp
[137.459s] -- Installing: /home/wh1te/ros2_ws/install/px4_msgs/include/px4_msgs/px4_msgs/msg/detail/sensor_baro__type_support.hpp
[137.459s] -- Installing: /home/wh1te/ros2_ws/install/px4_msgs/include/px4_msgs/px4_msgs/msg/detail/vehicle_local_position_setpoint__traits.hpp
[137.459s] -- Installing: /home/wh1te/ros2_ws/install/px4_msgs/include/px4_msgs/px4_msgs/msg/detail/system_power__traits.hpp
[137.459s] -- Installing: /home/wh1te/ros2_ws/install/px4_msgs/include/px4_msgs/px4_msgs/msg/detail/actuator_servos__builder.hpp
[137.459s] -- Installing: /home/wh1te/ros2_ws/install/px4_msgs/include/px4_msgs/px4_msgs/msg/detail/px4io_status__traits.hpp
[137.459s] -- Installing: /home/wh1te/ros2_ws/install/px4_msgs/include/px4_msgs/px4_msgs/msg/detail/sensor_gyro__builder.hpp
[137.459s] -- Installing: /home/wh1te/ros2_ws/install/px4_msgs/include/px4_msgs/px4_msgs/msg/detail/sensor_gnss_relative__struct.hpp
[137.460s] -- Installing: /home/wh1te/ros2_ws/install/px4_msgs/include/px4_msgs/px4_msgs/msg/detail/iridiumsbd_status__type_support.hpp
[137.460s] -- Installing: /home/wh1te/ros2_ws/install/px4_msgs/include/px4_msgs/px4_msgs/msg/detail/debug_key_value__type_support.hpp
[137.460s] -- Installing: /home/wh1te/ros2_ws/install/px4_msgs/include/px4_msgs/px4_msgs/msg/detail/onboard_computer_status__type_support.hpp
[137.460s] -- Installing: /home/wh1te/ros2_ws/install/px4_msgs/include/px4_msgs/px4_msgs/msg/detail/debug_vect__traits.hpp
[137.460s] -- Installing: /home/wh1te/ros2_ws/install/px4_msgs/include/px4_msgs/px4_msgs/msg/detail/debug_array__builder.hpp
[137.460s] -- Installing: /home/wh1te/ros2_ws/install/px4_msgs/include/px4_msgs/px4_msgs/msg/detail/ping__struct.hpp
[137.460s] -- Installing: /home/wh1te/ros2_ws/install/px4_msgs/include/px4_msgs/px4_msgs/msg/detail/estimator_sensor_bias__struct.hpp
[137.460s] -- Installing: /home/wh1te/ros2_ws/install/px4_msgs/include/px4_msgs/px4_msgs/msg/detail/ulog_stream_ack__type_support.hpp
[137.460s] -- Installing: /home/wh1te/ros2_ws/install/px4_msgs/include/px4_msgs/px4_msgs/msg/detail/sensor_gnss_relative__type_support.hpp
[137.460s] -- Installing: /home/wh1te/ros2_ws/install/px4_msgs/include/px4_msgs/px4_msgs/msg/detail/debug_vect__type_support.hpp
[137.460s] -- Installing: /home/wh1te/ros2_ws/install/px4_msgs/include/px4_msgs/px4_msgs/msg/detail/collision_constraints__type_support.hpp
[137.460s] -- Installing: /home/wh1te/ros2_ws/install/px4_msgs/include/px4_msgs/px4_msgs/msg/detail/vehicle_angular_acceleration_setpoint__struct.hpp
[137.460s] -- Installing: /home/wh1te/ros2_ws/install/px4_msgs/include/px4_msgs/px4_msgs/msg/detail/trajectory_setpoint__builder.hpp
[137.460s] -- Installing: /home/wh1te/ros2_ws/install/px4_msgs/include/px4_msgs/px4_msgs/msg/detail/transponder_report__struct.hpp
[137.460s] -- Installing: /home/wh1te/ros2_ws/install/px4_msgs/include/px4_msgs/px4_msgs/msg/detail/ekf2_timestamps__builder.hpp
[137.461s] -- Installing: /home/wh1te/ros2_ws/install/px4_msgs/include/px4_msgs/px4_msgs/msg/detail/ekf2_timestamps__type_support.hpp
[137.461s] -- Installing: /home/wh1te/ros2_ws/install/px4_msgs/include/px4_msgs/px4_msgs/msg/detail/timesync_status__builder.hpp
[137.461s] -- Installing: /home/wh1te/ros2_ws/install/px4_msgs/include/px4_msgs/px4_msgs/msg/detail/position_controller_landing_status__struct.hpp
[137.461s] -- Installing: /home/wh1te/ros2_ws/install/px4_msgs/include/px4_msgs/px4_msgs/msg/detail/vehicle_imu__builder.hpp
[137.461s] -- Installing: /home/wh1te/ros2_ws/install/px4_msgs/include/px4_msgs/px4_msgs/msg/detail/vehicle_land_detected__traits.hpp
[137.461s] -- Installing: /home/wh1te/ros2_ws/install/px4_msgs/include/px4_msgs/px4_msgs/msg/detail/rtl_time_estimate__traits.hpp
[137.461s] -- Installing: /home/wh1te/ros2_ws/install/px4_msgs/include/px4_msgs/px4_msgs/msg/detail/heater_status__traits.hpp
[137.461s] -- Installing: /home/wh1te/ros2_ws/install/px4_msgs/include/px4_msgs/px4_msgs/msg/detail/mount_orientation__type_support.hpp
[137.461s] -- Installing: /home/wh1te/ros2_ws/install/px4_msgs/include/px4_msgs/px4_msgs/msg/detail/mount_orientation__builder.hpp
[137.461s] -- Installing: /home/wh1te/ros2_ws/install/px4_msgs/include/px4_msgs/px4_msgs/msg/detail/gimbal_manager_information__type_support.hpp
[137.461s] -- Installing: /home/wh1te/ros2_ws/install/px4_msgs/include/px4_msgs/px4_msgs/msg/detail/gimbal_manager_set_manual_control__builder.hpp
[137.461s] -- Installing: /home/wh1te/ros2_ws/install/px4_msgs/include/px4_msgs/px4_msgs/msg/detail/rpm__struct.hpp
[137.461s] -- Installing: /home/wh1te/ros2_ws/install/px4_msgs/include/px4_msgs/px4_msgs/msg/detail/camera_capture__type_support.hpp
[137.461s] -- Installing: /home/wh1te/ros2_ws/install/px4_msgs/include/px4_msgs/px4_msgs/msg/detail/rate_ctrl_status__traits.hpp
[137.461s] -- Installing: /home/wh1te/ros2_ws/install/px4_msgs/include/px4_msgs/px4_msgs/msg/detail/magnetometer_bias_estimate__builder.hpp
[137.462s] -- Installing: /home/wh1te/ros2_ws/install/px4_msgs/include/px4_msgs/px4_msgs/msg/detail/vehicle_rates_setpoint__traits.hpp
[137.462s] -- Installing: /home/wh1te/ros2_ws/install/px4_msgs/include/px4_msgs/px4_msgs/msg/detail/qshell_retval__type_support.hpp
[137.462s] -- Installing: /home/wh1te/ros2_ws/install/px4_msgs/include/px4_msgs/px4_msgs/msg/detail/qshell_req__traits.hpp
[137.462s] -- Installing: /home/wh1te/ros2_ws/install/px4_msgs/include/px4_msgs/px4_msgs/msg/detail/normalized_unsigned_setpoint__type_support.hpp
[137.462s] -- Installing: /home/wh1te/ros2_ws/install/px4_msgs/include/px4_msgs/px4_msgs/msg/detail/differential_pressure__struct.hpp
[137.462s] -- Installing: /home/wh1te/ros2_ws/install/px4_msgs/include/px4_msgs/px4_msgs/msg/detail/mode_completed__struct.hpp
[137.462s] -- Installing: /home/wh1te/ros2_ws/install/px4_msgs/include/px4_msgs/px4_msgs/msg/detail/actuator_armed__struct.hpp
[137.462s] -- Installing: /home/wh1te/ros2_ws/install/px4_msgs/include/px4_msgs/px4_msgs/msg/detail/vehicle_trajectory_bezier__struct.hpp
[137.462s] -- Installing: /home/wh1te/ros2_ws/install/px4_msgs/include/px4_msgs/px4_msgs/msg/detail/position_controller_status__struct.hpp
[137.462s] -- Installing: /home/wh1te/ros2_ws/install/px4_msgs/include/px4_msgs/px4_msgs/msg/detail/telemetry_status__struct.hpp
[137.462s] -- Installing: /home/wh1te/ros2_ws/install/px4_msgs/include/px4_msgs/px4_msgs/msg/detail/gps_dump__struct.hpp
[137.463s] -- Installing: /home/wh1te/ros2_ws/install/px4_msgs/include/px4_msgs/px4_msgs/msg/detail/vehicle_control_mode__traits.hpp
[137.463s] -- Installing: /home/wh1te/ros2_ws/install/px4_msgs/include/px4_msgs/px4_msgs/msg/detail/vehicle_angular_velocity__struct.hpp
[137.463s] -- Installing: /home/wh1te/ros2_ws/install/px4_msgs/include/px4_msgs/px4_msgs/msg/detail/rc_parameter_map__traits.hpp
[137.463s] -- Installing: /home/wh1te/ros2_ws/install/px4_msgs/include/px4_msgs/px4_msgs/msg/detail/differential_pressure__builder.hpp
[137.463s] -- Installing: /home/wh1te/ros2_ws/install/px4_msgs/include/px4_msgs/px4_msgs/msg/detail/sensor_correction__traits.hpp
[137.463s] -- Installing: /home/wh1te/ros2_ws/install/px4_msgs/include/px4_msgs/px4_msgs/msg/detail/uavcan_parameter_value__traits.hpp
[137.463s] -- Installing: /home/wh1te/ros2_ws/install/px4_msgs/include/px4_msgs/px4_msgs/msg/detail/autotune_attitude_control_status__struct.hpp
[137.463s] -- Installing: /home/wh1te/ros2_ws/install/px4_msgs/include/px4_msgs/px4_msgs/msg/detail/estimator_aid_source2d__type_support.hpp
[137.463s] -- Installing: /home/wh1te/ros2_ws/install/px4_msgs/include/px4_msgs/px4_msgs/msg/detail/parameter_update__traits.hpp
[137.463s] -- Installing: /home/wh1te/ros2_ws/install/px4_msgs/include/px4_msgs/px4_msgs/msg/detail/tecs_status__traits.hpp
[137.464s] -- Installing: /home/wh1te/ros2_ws/install/px4_msgs/include/px4_msgs/px4_msgs/msg/detail/sensor_preflight_mag__traits.hpp
[137.464s] -- Installing: /home/wh1te/ros2_ws/install/px4_msgs/include/px4_msgs/px4_msgs/msg/detail/geofence_result__struct.hpp
[137.464s] -- Installing: /home/wh1te/ros2_ws/install/px4_msgs/include/px4_msgs/px4_msgs/msg/detail/estimator_gps_status__struct.hpp
[137.464s] -- Installing: /home/wh1te/ros2_ws/install/px4_msgs/include/px4_msgs/px4_msgs/msg/detail/failsafe_flags__builder.hpp
[137.464s] -- Installing: /home/wh1te/ros2_ws/install/px4_msgs/include/px4_msgs/px4_msgs/msg/detail/estimator_bias__type_support.hpp
[137.464s] -- Installing: /home/wh1te/ros2_ws/install/px4_msgs/include/px4_msgs/px4_msgs/msg/detail/uavcan_parameter_value__builder.hpp
[137.464s] -- Installing: /home/wh1te/ros2_ws/install/px4_msgs/include/px4_msgs/px4_msgs/msg/detail/logger_status__traits.hpp
[137.464s] -- Installing: /home/wh1te/ros2_ws/install/px4_msgs/include/px4_msgs/px4_msgs/msg/detail/sensor_accel_fifo__traits.hpp
[137.464s] -- Installing: /home/wh1te/ros2_ws/install/px4_msgs/include/px4_msgs/px4_msgs/msg/detail/irlock_report__struct.hpp
[137.464s] -- Installing: /home/wh1te/ros2_ws/install/px4_msgs/include/px4_msgs/px4_msgs/msg/detail/task_stack_info__type_support.hpp
[137.464s] -- Installing: /home/wh1te/ros2_ws/install/px4_msgs/include/px4_msgs/px4_msgs/msg/detail/uavcan_parameter_request__type_support.hpp
[137.464s] -- Installing: /home/wh1te/ros2_ws/install/px4_msgs/include/px4_msgs/px4_msgs/msg/detail/sensor_correction__type_support.hpp
[137.465s] -- Installing: /home/wh1te/ros2_ws/install/px4_msgs/include/px4_msgs/px4_msgs/msg/detail/input_rc__struct.hpp
[137.465s] -- Installing: /home/wh1te/ros2_ws/install/px4_msgs/include/px4_msgs/px4_msgs/msg/detail/estimator_status_flags__type_support.hpp
[137.465s] -- Installing: /home/wh1te/ros2_ws/install/px4_msgs/include/px4_msgs/px4_msgs/msg/detail/iridiumsbd_status__traits.hpp
[137.465s] -- Installing: /home/wh1te/ros2_ws/install/px4_msgs/include/px4_msgs/px4_msgs/msg/detail/tune_control__struct.hpp
[137.465s] -- Installing: /home/wh1te/ros2_ws/install/px4_msgs/include/px4_msgs/px4_msgs/msg/detail/manual_control_setpoint__type_support.hpp
[137.465s] -- Installing: /home/wh1te/ros2_ws/install/px4_msgs/include/px4_msgs/px4_msgs/msg/detail/telemetry_status__traits.hpp
[137.465s] -- Installing: /home/wh1te/ros2_ws/install/px4_msgs/include/px4_msgs/px4_msgs/msg/detail/estimator_states__struct.hpp
[137.465s] -- Installing: /home/wh1te/ros2_ws/install/px4_msgs/include/px4_msgs/px4_msgs/msg/detail/actuator_armed__builder.hpp
[137.465s] -- Installing: /home/wh1te/ros2_ws/install/px4_msgs/include/px4_msgs/px4_msgs/msg/detail/position_setpoint__type_support.hpp
[137.465s] -- Installing: /home/wh1te/ros2_ws/install/px4_msgs/include/px4_msgs/px4_msgs/msg/detail/uavcan_parameter_value__struct.hpp
[137.465s] -- Installing: /home/wh1te/ros2_ws/install/px4_msgs/include/px4_msgs/px4_msgs/msg/detail/ekf2_timestamps__traits.hpp
[137.465s] -- Installing: /home/wh1te/ros2_ws/install/px4_msgs/include/px4_msgs/px4_msgs/msg/detail/airspeed__builder.hpp
[137.465s] -- Installing: /home/wh1te/ros2_ws/install/px4_msgs/include/px4_msgs/px4_msgs/msg/detail/airspeed_validated__builder.hpp
[137.465s] -- Installing: /home/wh1te/ros2_ws/install/px4_msgs/include/px4_msgs/px4_msgs/msg/detail/debug_key_value__builder.hpp
[137.466s] -- Installing: /home/wh1te/ros2_ws/install/px4_msgs/include/px4_msgs/px4_msgs/msg/detail/vehicle_rates_setpoint__builder.hpp
[137.466s] -- Installing: /home/wh1te/ros2_ws/install/px4_msgs/include/px4_msgs/px4_msgs/msg/detail/control_allocator_status__traits.hpp
[137.466s] -- Installing: /home/wh1te/ros2_ws/install/px4_msgs/include/px4_msgs/px4_msgs/msg/detail/gimbal_manager_set_attitude__builder.hpp
[137.466s] -- Installing: /home/wh1te/ros2_ws/install/px4_msgs/include/px4_msgs/px4_msgs/msg/detail/radio_status__type_support.hpp
[137.466s] -- Installing: /home/wh1te/ros2_ws/install/px4_msgs/include/px4_msgs/px4_msgs/msg/detail/sensor_accel__traits.hpp
[137.466s] -- Installing: /home/wh1te/ros2_ws/install/px4_msgs/include/px4_msgs/px4_msgs/msg/detail/orb_test_medium__struct.hpp
[137.466s] -- Installing: /home/wh1te/ros2_ws/install/px4_msgs/include/px4_msgs/px4_msgs/msg/detail/vehicle_acceleration__type_support.hpp
[137.466s] -- Installing: /home/wh1te/ros2_ws/install/px4_msgs/include/px4_msgs/px4_msgs/msg/detail/rate_ctrl_status__type_support.hpp
[137.466s] -- Installing: /home/wh1te/ros2_ws/install/px4_msgs/include/px4_msgs/px4_msgs/msg/detail/sensor_mag__traits.hpp
[137.466s] -- Installing: /home/wh1te/ros2_ws/install/px4_msgs/include/px4_msgs/px4_msgs/msg/detail/estimator_aid_source3d__type_support.hpp
[137.466s] -- Installing: /home/wh1te/ros2_ws/install/px4_msgs/include/px4_msgs/px4_msgs/msg/detail/magnetometer_bias_estimate__type_support.hpp
[137.466s] -- Installing: /home/wh1te/ros2_ws/install/px4_msgs/include/px4_msgs/px4_msgs/msg/detail/cpuload__struct.hpp
[137.466s] -- Installing: /home/wh1te/ros2_ws/install/px4_msgs/include/px4_msgs/px4_msgs/msg/detail/mode_completed__builder.hpp
[137.466s] -- Installing: /home/wh1te/ros2_ws/install/px4_msgs/include/px4_msgs/px4_msgs/msg/detail/vehicle_attitude__type_support.hpp
[137.467s] -- Installing: /home/wh1te/ros2_ws/install/px4_msgs/include/px4_msgs/px4_msgs/msg/detail/orb_test_medium__type_support.hpp
[137.467s] -- Installing: /home/wh1te/ros2_ws/install/px4_msgs/include/px4_msgs/px4_msgs/msg/detail/vehicle_land_detected__struct.hpp
[137.467s] -- Installing: /home/wh1te/ros2_ws/install/px4_msgs/include/px4_msgs/px4_msgs/msg/detail/hover_thrust_estimate__type_support.hpp
[137.467s] -- Installing: /home/wh1te/ros2_ws/install/px4_msgs/include/px4_msgs/px4_msgs/msg/detail/gimbal_device_attitude_status__traits.hpp
[137.467s] -- Installing: /home/wh1te/ros2_ws/install/px4_msgs/include/px4_msgs/px4_msgs/msg/detail/task_stack_info__builder.hpp
[137.467s] -- Installing: /home/wh1te/ros2_ws/install/px4_msgs/include/px4_msgs/px4_msgs/msg/detail/heater_status__builder.hpp
[137.467s] -- Installing: /home/wh1te/ros2_ws/install/px4_msgs/include/px4_msgs/px4_msgs/msg/detail/satellite_info__struct.hpp
[137.467s] -- Installing: /home/wh1te/ros2_ws/install/px4_msgs/include/px4_msgs/px4_msgs/msg/detail/mavlink_tunnel__traits.hpp
[137.467s] -- Installing: /home/wh1te/ros2_ws/install/px4_msgs/include/px4_msgs/px4_msgs/msg/detail/vehicle_status__traits.hpp
[137.467s] -- Installing: /home/wh1te/ros2_ws/install/px4_msgs/include/px4_msgs/px4_msgs/msg/detail/ulog_stream_ack__traits.hpp
[137.467s] -- Installing: /home/wh1te/ros2_ws/install/px4_msgs/include/px4_msgs/px4_msgs/msg/detail/collision_constraints__traits.hpp
[137.467s] -- Installing: /home/wh1te/ros2_ws/install/px4_msgs/include/px4_msgs/px4_msgs/msg/detail/actuator_servos_trim__type_support.hpp
[137.467s] -- Installing: /home/wh1te/ros2_ws/install/px4_msgs/include/px4_msgs/px4_msgs/msg/detail/power_monitor__traits.hpp
[137.468s] -- Installing: /home/wh1te/ros2_ws/install/px4_msgs/include/px4_msgs/px4_msgs/msg/detail/estimator_aid_source3d__struct.hpp
[137.468s] -- Installing: /home/wh1te/ros2_ws/install/px4_msgs/include/px4_msgs/px4_msgs/msg/detail/timesync_status__type_support.hpp
[137.468s] -- Installing: /home/wh1te/ros2_ws/install/px4_msgs/include/px4_msgs/px4_msgs/msg/detail/cellular_status__traits.hpp
[137.468s] -- Installing: /home/wh1te/ros2_ws/install/px4_msgs/include/px4_msgs/px4_msgs/msg/detail/airspeed_wind__type_support.hpp
[137.468s] -- Installing: /home/wh1te/ros2_ws/install/px4_msgs/include/px4_msgs/px4_msgs/msg/detail/estimator_aid_source3d__traits.hpp
[137.468s] -- Installing: /home/wh1te/ros2_ws/install/px4_msgs/include/px4_msgs/px4_msgs/msg/detail/mission__traits.hpp
[137.468s] -- Installing: /home/wh1te/ros2_ws/install/px4_msgs/include/px4_msgs/px4_msgs/msg/detail/yaw_estimator_status__builder.hpp
[137.468s] -- Installing: /home/wh1te/ros2_ws/install/px4_msgs/include/px4_msgs/px4_msgs/msg/detail/estimator_selector_status__struct.hpp
[137.468s] -- Installing: /home/wh1te/ros2_ws/install/px4_msgs/include/px4_msgs/px4_msgs/msg/detail/estimator_status_flags__struct.hpp
[137.468s] -- Installing: /home/wh1te/ros2_ws/install/px4_msgs/include/px4_msgs/px4_msgs/msg/detail/camera_trigger__traits.hpp
[137.468s] -- Installing: /home/wh1te/ros2_ws/install/px4_msgs/include/px4_msgs/px4_msgs/msg/detail/sensor_mag__builder.hpp
[137.468s] -- Installing: /home/wh1te/ros2_ws/install/px4_msgs/include/px4_msgs/px4_msgs/msg/detail/log_message__struct.hpp
[137.469s] -- Installing: /home/wh1te/ros2_ws/install/px4_msgs/include/px4_msgs/px4_msgs/msg/detail/vehicle_thrust_setpoint__struct.hpp
[137.469s] -- Installing: /home/wh1te/ros2_ws/install/px4_msgs/include/px4_msgs/px4_msgs/msg/detail/home_position__builder.hpp
[137.469s] -- Installing: /home/wh1te/ros2_ws/install/px4_msgs/include/px4_msgs/px4_msgs/msg/detail/satellite_info__type_support.hpp
[137.469s] -- Installing: /home/wh1te/ros2_ws/install/px4_msgs/include/px4_msgs/px4_msgs/msg/detail/iridiumsbd_status__struct.hpp
[137.469s] -- Installing: /home/wh1te/ros2_ws/install/px4_msgs/include/px4_msgs/px4_msgs/msg/detail/gripper__traits.hpp
[137.469s] -- Installing: /home/wh1te/ros2_ws/install/px4_msgs/include/px4_msgs/px4_msgs/msg/detail/vehicle_attitude_setpoint__struct.hpp
[137.469s] -- Installing: /home/wh1te/ros2_ws/install/px4_msgs/include/px4_msgs/px4_msgs/msg/detail/gimbal_manager_set_manual_control__traits.hpp
[137.469s] -- Installing: /home/wh1te/ros2_ws/install/px4_msgs/include/px4_msgs/px4_msgs/msg/detail/heater_status__struct.hpp
[137.469s] -- Installing: /home/wh1te/ros2_ws/install/px4_msgs/include/px4_msgs/px4_msgs/msg/detail/vehicle_torque_setpoint__traits.hpp
[137.469s] -- Installing: /home/wh1te/ros2_ws/install/px4_msgs/include/px4_msgs/px4_msgs/msg/detail/estimator_status__traits.hpp
[137.469s] -- Installing: /home/wh1te/ros2_ws/install/px4_msgs/include/px4_msgs/px4_msgs/msg/detail/vehicle_optical_flow_vel__type_support.hpp
[137.469s] -- Installing: /home/wh1te/ros2_ws/install/px4_msgs/include/px4_msgs/px4_msgs/msg/detail/gps_dump__traits.hpp
[137.469s] -- Installing: /home/wh1te/ros2_ws/install/px4_msgs/include/px4_msgs/px4_msgs/msg/detail/actuator_motors__builder.hpp
[137.469s] -- Installing: /home/wh1te/ros2_ws/install/px4_msgs/include/px4_msgs/px4_msgs/msg/detail/landing_target_pose__traits.hpp
[137.469s] -- Installing: /home/wh1te/ros2_ws/install/px4_msgs/include/px4_msgs/px4_msgs/msg/detail/estimator_event_flags__builder.hpp
[137.470s] -- Installing: /home/wh1te/ros2_ws/install/px4_msgs/include/px4_msgs/px4_msgs/msg/detail/vehicle_land_detected__type_support.hpp
[137.470s] -- Installing: /home/wh1te/ros2_ws/install/px4_msgs/include/px4_msgs/px4_msgs/msg/detail/tiltrotor_extra_controls__struct.hpp
[137.470s] -- Installing: /home/wh1te/ros2_ws/install/px4_msgs/include/px4_msgs/px4_msgs/msg/detail/vehicle_roi__builder.hpp
[137.470s] -- Installing: /home/wh1te/ros2_ws/install/px4_msgs/include/px4_msgs/px4_msgs/msg/detail/position_setpoint_triplet__struct.hpp
[137.470s] -- Installing: /home/wh1te/ros2_ws/install/px4_msgs/include/px4_msgs/px4_msgs/msg/detail/vehicle_odometry__struct.hpp
[137.470s] -- Installing: /home/wh1te/ros2_ws/install/px4_msgs/include/px4_msgs/px4_msgs/msg/detail/sensor_gyro_fifo__traits.hpp
[137.470s] -- Installing: /home/wh1te/ros2_ws/install/px4_msgs/include/px4_msgs/px4_msgs/msg/detail/gimbal_device_attitude_status__type_support.hpp
[137.470s] -- Installing: /home/wh1te/ros2_ws/install/px4_msgs/include/px4_msgs/px4_msgs/msg/detail/esc_status__type_support.hpp
[137.470s] -- Installing: /home/wh1te/ros2_ws/install/px4_msgs/include/px4_msgs/px4_msgs/msg/detail/logger_status__builder.hpp
[137.470s] -- Installing: /home/wh1te/ros2_ws/install/px4_msgs/include/px4_msgs/px4_msgs/msg/detail/debug_key_value__traits.hpp
[137.470s] -- Installing: /home/wh1te/ros2_ws/install/px4_msgs/include/px4_msgs/px4_msgs/msg/detail/vehicle_constraints__type_support.hpp
[137.470s] -- Installing: /home/wh1te/ros2_ws/install/px4_msgs/include/px4_msgs/px4_msgs/msg/detail/landing_gear_wheel__builder.hpp
[137.470s] -- Installing: /home/wh1te/ros2_ws/install/px4_msgs/include/px4_msgs/px4_msgs/msg/detail/onboard_computer_status__builder.hpp
[137.470s] -- Installing: /home/wh1te/ros2_ws/install/px4_msgs/include/px4_msgs/px4_msgs/msg/detail/sensor_baro__builder.hpp
[137.471s] -- Installing: /home/wh1te/ros2_ws/install/px4_msgs/include/px4_msgs/px4_msgs/msg/detail/actuator_motors__struct.hpp
[137.471s] -- Installing: /home/wh1te/ros2_ws/install/px4_msgs/include/px4_msgs/px4_msgs/msg/detail/sensor_accel_fifo__struct.hpp
[137.471s] -- Installing: /home/wh1te/ros2_ws/install/px4_msgs/include/px4_msgs/px4_msgs/msg/detail/sensor_gyro_fft__builder.hpp
[137.471s] -- Installing: /home/wh1te/ros2_ws/install/px4_msgs/include/px4_msgs/px4_msgs/msg/detail/vehicle_imu__struct.hpp
[137.471s] -- Installing: /home/wh1te/ros2_ws/install/px4_msgs/include/px4_msgs/px4_msgs/msg/detail/camera_capture__traits.hpp
[137.471s] -- Installing: /home/wh1te/ros2_ws/install/px4_msgs/include/px4_msgs/px4_msgs/msg/detail/launch_detection_status__builder.hpp
[137.471s] -- Installing: /home/wh1te/ros2_ws/install/px4_msgs/include/px4_msgs/px4_msgs/msg/detail/event__traits.hpp
[137.471s] -- Installing: /home/wh1te/ros2_ws/install/px4_msgs/include/px4_msgs/px4_msgs/msg/detail/landing_target_innovations__traits.hpp
[137.471s] -- Installing: /home/wh1te/ros2_ws/install/px4_msgs/include/px4_msgs/px4_msgs/msg/detail/sensors_status__builder.hpp
[137.471s] -- Installing: /home/wh1te/ros2_ws/install/px4_msgs/include/px4_msgs/px4_msgs/msg/detail/npfg_status__type_support.hpp
[137.471s] -- Installing: /home/wh1te/ros2_ws/install/px4_msgs/include/px4_msgs/px4_msgs/msg/detail/gimbal_device_information__type_support.hpp
[137.471s] -- Installing: /home/wh1te/ros2_ws/install/px4_msgs/include/px4_msgs/px4_msgs/msg/detail/gps_dump__builder.hpp
[137.471s] -- Installing: /home/wh1te/ros2_ws/install/px4_msgs/include/px4_msgs/px4_msgs/msg/detail/estimator_aid_source3d__builder.hpp
[137.471s] -- Installing: /home/wh1te/ros2_ws/install/px4_msgs/include/px4_msgs/px4_msgs/msg/detail/landing_gear_wheel__struct.hpp
[137.472s] -- Installing: /home/wh1te/ros2_ws/install/px4_msgs/include/px4_msgs/px4_msgs/msg/detail/differential_pressure__traits.hpp
[137.472s] -- Installing: /home/wh1te/ros2_ws/install/px4_msgs/include/px4_msgs/px4_msgs/msg/detail/actuator_test__type_support.hpp
[137.472s] -- Installing: /home/wh1te/ros2_ws/install/px4_msgs/include/px4_msgs/px4_msgs/msg/detail/irlock_report__type_support.hpp
[137.472s] -- Installing: /home/wh1te/ros2_ws/install/px4_msgs/include/px4_msgs/px4_msgs/msg/detail/sensor_selection__struct.hpp
[137.472s] -- Installing: /home/wh1te/ros2_ws/install/px4_msgs/include/px4_msgs/px4_msgs/msg/detail/pwm_input__builder.hpp
[137.472s] -- Installing: /home/wh1te/ros2_ws/install/px4_msgs/include/px4_msgs/px4_msgs/msg/detail/cellular_status__struct.hpp
[137.472s] -- Installing: /home/wh1te/ros2_ws/install/px4_msgs/include/px4_msgs/px4_msgs/msg/detail/ulog_stream__traits.hpp
[137.472s] -- Installing: /home/wh1te/ros2_ws/install/px4_msgs/include/px4_msgs/px4_msgs/msg/detail/gimbal_manager_information__traits.hpp
[137.472s] -- Installing: /home/wh1te/ros2_ws/install/px4_msgs/include/px4_msgs/px4_msgs/msg/detail/sensor_gnss_relative__builder.hpp
[137.472s] -- Installing: /home/wh1te/ros2_ws/install/px4_msgs/include/px4_msgs/px4_msgs/msg/detail/sensor_combined__type_support.hpp
[137.472s] -- Installing: /home/wh1te/ros2_ws/install/px4_msgs/include/px4_msgs/px4_msgs/msg/detail/actuator_outputs__struct.hpp
[137.472s] -- Installing: /home/wh1te/ros2_ws/install/px4_msgs/include/px4_msgs/px4_msgs/msg/detail/estimator_states__traits.hpp
[137.472s] -- Installing: /home/wh1te/ros2_ws/install/px4_msgs/include/px4_msgs/px4_msgs/msg/detail/estimator_sensor_bias__builder.hpp
[137.472s] -- Installing: /home/wh1te/ros2_ws/install/px4_msgs/include/px4_msgs/px4_msgs/msg/detail/action_request__type_support.hpp
[137.473s] -- Installing: /home/wh1te/ros2_ws/install/px4_msgs/include/px4_msgs/px4_msgs/msg/detail/vehicle_magnetometer__struct.hpp
[137.473s] -- Installing: /home/wh1te/ros2_ws/install/px4_msgs/include/px4_msgs/px4_msgs/msg/detail/uavcan_parameter_request__struct.hpp
[137.473s] -- Installing: /home/wh1te/ros2_ws/install/px4_msgs/include/px4_msgs/px4_msgs/msg/detail/cpuload__traits.hpp
[137.473s] -- Installing: /home/wh1te/ros2_ws/install/px4_msgs/include/px4_msgs/px4_msgs/msg/detail/vehicle_command_ack__builder.hpp
[137.473s] -- Installing: /home/wh1te/ros2_ws/install/px4_msgs/include/px4_msgs/px4_msgs/msg/detail/power_button_state__struct.hpp
[137.473s] -- Installing: /home/wh1te/ros2_ws/install/px4_msgs/include/px4_msgs/px4_msgs/msg/detail/takeoff_status__struct.hpp
[137.473s] -- Installing: /home/wh1te/ros2_ws/install/px4_msgs/include/px4_msgs/px4_msgs/msg/detail/gps_dump__type_support.hpp
[137.473s] -- Installing: /home/wh1te/ros2_ws/install/px4_msgs/include/px4_msgs/px4_msgs/msg/detail/gripper__struct.hpp
[137.473s] -- Installing: /home/wh1te/ros2_ws/install/px4_msgs/include/px4_msgs/px4_msgs/msg/detail/sensor_gnss_relative__traits.hpp
[137.473s] -- Installing: /home/wh1te/ros2_ws/install/px4_msgs/include/px4_msgs/px4_msgs/msg/detail/distance_sensor__traits.hpp
[137.473s] -- Installing: /home/wh1te/ros2_ws/install/px4_msgs/include/px4_msgs/px4_msgs/msg/detail/actuator_servos__struct.hpp
[137.473s] -- Installing: /home/wh1te/ros2_ws/install/px4_msgs/include/px4_msgs/px4_msgs/msg/detail/vehicle_odometry__builder.hpp
[137.473s] -- Installing: /home/wh1te/ros2_ws/install/px4_msgs/include/px4_msgs/px4_msgs/msg/detail/vehicle_optical_flow_vel__traits.hpp
[137.474s] -- Installing: /home/wh1te/ros2_ws/install/px4_msgs/include/px4_msgs/px4_msgs/msg/detail/yaw_estimator_status__type_support.hpp
[137.474s] -- Installing: /home/wh1te/ros2_ws/install/px4_msgs/include/px4_msgs/px4_msgs/msg/detail/orb_test__traits.hpp
[137.474s] -- Installing: /home/wh1te/ros2_ws/install/px4_msgs/include/px4_msgs/px4_msgs/msg/detail/esc_status__builder.hpp
[137.474s] -- Installing: /home/wh1te/ros2_ws/install/px4_msgs/include/px4_msgs/px4_msgs/msg/detail/sensor_uwb__struct.hpp
[137.474s] -- Installing: /home/wh1te/ros2_ws/install/px4_msgs/include/px4_msgs/px4_msgs/msg/detail/mavlink_log__type_support.hpp
[137.474s] -- Installing: /home/wh1te/ros2_ws/install/px4_msgs/include/px4_msgs/px4_msgs/msg/detail/sensor_preflight_mag__struct.hpp
[137.474s] -- Installing: /home/wh1te/ros2_ws/install/px4_msgs/include/px4_msgs/px4_msgs/msg/detail/failsafe_flags__struct.hpp
[137.474s] -- Installing: /home/wh1te/ros2_ws/install/px4_msgs/include/px4_msgs/px4_msgs/msg/detail/npfg_status__traits.hpp
[137.474s] -- Installing: /home/wh1te/ros2_ws/install/px4_msgs/include/px4_msgs/px4_msgs/msg/detail/sensor_uwb__builder.hpp
[137.474s] -- Installing: /home/wh1te/ros2_ws/install/px4_msgs/include/px4_msgs/px4_msgs/msg/detail/vehicle_local_position__builder.hpp
[137.474s] -- Installing: /home/wh1te/ros2_ws/install/px4_msgs/include/px4_msgs/px4_msgs/msg/detail/vehicle_imu_status__struct.hpp
[137.474s] -- Installing: /home/wh1te/ros2_ws/install/px4_msgs/include/px4_msgs/px4_msgs/msg/detail/vehicle_magnetometer__builder.hpp
[137.474s] -- Installing: /home/wh1te/ros2_ws/install/px4_msgs/include/px4_msgs/px4_msgs/msg/detail/airspeed_validated__type_support.hpp
[137.475s] -- Installing: /home/wh1te/ros2_ws/install/px4_msgs/include/px4_msgs/px4_msgs/msg/detail/trajectory_setpoint__type_support.hpp
[137.475s] -- Installing: /home/wh1te/ros2_ws/install/px4_msgs/include/px4_msgs/px4_msgs/msg/detail/rate_ctrl_status__struct.hpp
[137.475s] -- Installing: /home/wh1te/ros2_ws/install/px4_msgs/include/px4_msgs/px4_msgs/msg/detail/gps_inject_data__struct.hpp
[137.475s] -- Installing: /home/wh1te/ros2_ws/install/px4_msgs/include/px4_msgs/px4_msgs/msg/detail/vehicle_optical_flow_vel__builder.hpp
[137.475s] -- Installing: /home/wh1te/ros2_ws/install/px4_msgs/include/px4_msgs/px4_msgs/msg/detail/offboard_control_mode__type_support.hpp
[137.475s] -- Installing: /home/wh1te/ros2_ws/install/px4_msgs/include/px4_msgs/px4_msgs/msg/detail/gimbal_controls__traits.hpp
[137.475s] -- Installing: /home/wh1te/ros2_ws/install/px4_msgs/include/px4_msgs/px4_msgs/msg/detail/qshell_req__struct.hpp
[137.475s] -- Installing: /home/wh1te/ros2_ws/install/px4_msgs/include/px4_msgs/px4_msgs/msg/detail/manual_control_setpoint__traits.hpp
[137.475s] -- Installing: /home/wh1te/ros2_ws/install/px4_msgs/include/px4_msgs/px4_msgs/msg/detail/mavlink_log__builder.hpp
[137.475s] -- Installing: /home/wh1te/ros2_ws/install/px4_msgs/include/px4_msgs/px4_msgs/msg/detail/action_request__struct.hpp
[137.475s] -- Installing: /home/wh1te/ros2_ws/install/px4_msgs/include/px4_msgs/px4_msgs/msg/detail/hover_thrust_estimate__traits.hpp
[137.475s] -- Installing: /home/wh1te/ros2_ws/install/px4_msgs/include/px4_msgs/px4_msgs/msg/detail/power_button_state__traits.hpp
[137.475s] -- Installing: /home/wh1te/ros2_ws/install/px4_msgs/include/px4_msgs/px4_msgs/msg/detail/landing_target_pose__type_support.hpp
[137.475s] -- Installing: /home/wh1te/ros2_ws/install/px4_msgs/include/px4_msgs/px4_msgs/msg/detail/sensor_hygrometer__traits.hpp
[137.476s] -- Installing: /home/wh1te/ros2_ws/install/px4_msgs/include/px4_msgs/px4_msgs/msg/detail/vehicle_local_position__traits.hpp
[137.476s] -- Installing: /home/wh1te/ros2_ws/install/px4_msgs/include/px4_msgs/px4_msgs/msg/detail/npfg_status__struct.hpp
[137.476s] -- Installing: /home/wh1te/ros2_ws/install/px4_msgs/include/px4_msgs/px4_msgs/msg/detail/estimator_aid_source2d__traits.hpp
[137.476s] -- Installing: /home/wh1te/ros2_ws/install/px4_msgs/include/px4_msgs/px4_msgs/msg/detail/sensor_hygrometer__builder.hpp
[137.476s] -- Installing: /home/wh1te/ros2_ws/install/px4_msgs/include/px4_msgs/px4_msgs/msg/detail/action_request__traits.hpp
[137.476s] -- Installing: /home/wh1te/ros2_ws/install/px4_msgs/include/px4_msgs/px4_msgs/msg/detail/trajectory_bezier__type_support.hpp
[137.476s] -- Installing: /home/wh1te/ros2_ws/install/px4_msgs/include/px4_msgs/px4_msgs/msg/detail/sensor_gyro_fft__struct.hpp
[137.476s] -- Installing: /home/wh1te/ros2_ws/install/px4_msgs/include/px4_msgs/px4_msgs/msg/detail/adc_report__type_support.hpp
[137.476s] -- Installing: /home/wh1te/ros2_ws/install/px4_msgs/include/px4_msgs/px4_msgs/msg/detail/vehicle_magnetometer__type_support.hpp
[137.476s] -- Installing: /home/wh1te/ros2_ws/install/px4_msgs/include/px4_msgs/px4_msgs/msg/detail/estimator_innovations__traits.hpp
[137.476s] -- Installing: /home/wh1te/ros2_ws/install/px4_msgs/include/px4_msgs/px4_msgs/msg/detail/led_control__traits.hpp
[137.476s] -- Installing: /home/wh1te/ros2_ws/install/px4_msgs/include/px4_msgs/px4_msgs/msg/detail/internal_combustion_engine_status__builder.hpp
[137.476s] -- Installing: /home/wh1te/ros2_ws/install/px4_msgs/include/px4_msgs/px4_msgs/msg/detail/manual_control_switches__type_support.hpp
[137.476s] -- Installing: /home/wh1te/ros2_ws/install/px4_msgs/include/px4_msgs/px4_msgs/msg/detail/vehicle_optical_flow__builder.hpp
[137.477s] -- Installing: /home/wh1te/ros2_ws/install/px4_msgs/include/px4_msgs/px4_msgs/msg/detail/gimbal_device_set_attitude__builder.hpp
[137.477s] -- Installing: /home/wh1te/ros2_ws/install/px4_msgs/include/px4_msgs/px4_msgs/msg/detail/camera_trigger__type_support.hpp
[137.477s] -- Installing: /home/wh1te/ros2_ws/install/px4_msgs/include/px4_msgs/px4_msgs/msg/detail/sensors_status__type_support.hpp
[137.477s] -- Installing: /home/wh1te/ros2_ws/install/px4_msgs/include/px4_msgs/px4_msgs/msg/detail/power_button_state__type_support.hpp
[137.477s] -- Installing: /home/wh1te/ros2_ws/install/px4_msgs/include/px4_msgs/px4_msgs/msg/detail/normalized_unsigned_setpoint__builder.hpp
[137.477s] -- Installing: /home/wh1te/ros2_ws/install/px4_msgs/include/px4_msgs/px4_msgs/msg/detail/generator_status__builder.hpp
[137.477s] -- Installing: /home/wh1te/ros2_ws/install/px4_msgs/include/px4_msgs/px4_msgs/msg/detail/vehicle_local_position_setpoint__struct.hpp
[137.477s] -- Installing: /home/wh1te/ros2_ws/install/px4_msgs/include/px4_msgs/px4_msgs/msg/detail/collision_report__traits.hpp
[137.477s] -- Installing: /home/wh1te/ros2_ws/install/px4_msgs/include/px4_msgs/px4_msgs/msg/detail/actuator_test__builder.hpp
[137.477s] -- Installing: /home/wh1te/ros2_ws/install/px4_msgs/include/px4_msgs/px4_msgs/msg/detail/sensor_accel_fifo__builder.hpp
[137.477s] -- Installing: /home/wh1te/ros2_ws/install/px4_msgs/include/px4_msgs/px4_msgs/msg/detail/actuator_outputs__type_support.hpp
[137.477s] -- Installing: /home/wh1te/ros2_ws/install/px4_msgs/include/px4_msgs/px4_msgs/msg/detail/mavlink_log__struct.hpp
[137.477s] -- Installing: /home/wh1te/ros2_ws/install/px4_msgs/include/px4_msgs/px4_msgs/msg/detail/vtol_vehicle_status__builder.hpp
[137.477s] -- Installing: /home/wh1te/ros2_ws/install/px4_msgs/include/px4_msgs/px4_msgs/msg/detail/estimator_bias3d__builder.hpp
[137.478s] -- Installing: /home/wh1te/ros2_ws/install/px4_msgs/include/px4_msgs/px4_msgs/msg/detail/follow_target_estimator__struct.hpp
[137.478s] -- Installing: /home/wh1te/ros2_ws/install/px4_msgs/include/px4_msgs/px4_msgs/msg/detail/actuator_test__traits.hpp
[137.478s] -- Installing: /home/wh1te/ros2_ws/install/px4_msgs/include/px4_msgs/px4_msgs/msg/detail/actuator_armed__type_support.hpp
[137.478s] -- Installing: /home/wh1te/ros2_ws/install/px4_msgs/include/px4_msgs/px4_msgs/msg/detail/orb_test_medium__builder.hpp
[137.478s] -- Installing: /home/wh1te/ros2_ws/install/px4_msgs/include/px4_msgs/px4_msgs/msg/detail/mode_completed__type_support.hpp
[137.478s] -- Installing: /home/wh1te/ros2_ws/install/px4_msgs/include/px4_msgs/px4_msgs/msg/detail/airspeed__type_support.hpp
[137.478s] -- Installing: /home/wh1te/ros2_ws/install/px4_msgs/include/px4_msgs/px4_msgs/msg/detail/px4io_status__type_support.hpp
[137.478s] -- Installing: /home/wh1te/ros2_ws/install/px4_msgs/include/px4_msgs/px4_msgs/msg/detail/tune_control__type_support.hpp
[137.478s] -- Installing: /home/wh1te/ros2_ws/install/px4_msgs/include/px4_msgs/px4_msgs/msg/detail/vehicle_status__type_support.hpp
[137.478s] -- Installing: /home/wh1te/ros2_ws/install/px4_msgs/include/px4_msgs/px4_msgs/msg/detail/iridiumsbd_status__builder.hpp
[137.478s] -- Installing: /home/wh1te/ros2_ws/install/px4_msgs/include/px4_msgs/px4_msgs/msg/detail/gimbal_device_set_attitude__type_support.hpp
[137.478s] -- Installing: /home/wh1te/ros2_ws/install/px4_msgs/include/px4_msgs/px4_msgs/msg/detail/offboard_control_mode__struct.hpp
[137.478s] -- Installing: /home/wh1te/ros2_ws/install/px4_msgs/include/px4_msgs/px4_msgs/msg/detail/estimator_status__builder.hpp
[137.478s] -- Installing: /home/wh1te/ros2_ws/install/px4_msgs/include/px4_msgs/px4_msgs/msg/detail/vehicle_thrust_setpoint__traits.hpp
[137.478s] -- Installing: /home/wh1te/ros2_ws/install/px4_msgs/include/px4_msgs/px4_msgs/msg/detail/sensor_combined__builder.hpp
[137.479s] -- Installing: /home/wh1te/ros2_ws/install/px4_msgs/include/px4_msgs/px4_msgs/msg/detail/sensor_baro__struct.hpp
[137.479s] -- Installing: /home/wh1te/ros2_ws/install/px4_msgs/include/px4_msgs/px4_msgs/msg/detail/gimbal_manager_set_attitude__type_support.hpp
[137.479s] -- Installing: /home/wh1te/ros2_ws/install/px4_msgs/include/px4_msgs/px4_msgs/msg/detail/telemetry_status__type_support.hpp
[137.479s] -- Installing: /home/wh1te/ros2_ws/install/px4_msgs/include/px4_msgs/px4_msgs/msg/detail/camera_capture__builder.hpp
[137.479s] -- Installing: /home/wh1te/ros2_ws/install/px4_msgs/include/px4_msgs/px4_msgs/msg/detail/input_rc__type_support.hpp
[137.479s] -- Installing: /home/wh1te/ros2_ws/install/px4_msgs/include/px4_msgs/px4_msgs/msg/detail/estimator_gps_status__builder.hpp
[137.479s] -- Installing: /home/wh1te/ros2_ws/install/px4_msgs/include/px4_msgs/px4_msgs/msg/detail/vehicle_control_mode__builder.hpp
[137.479s] -- Installing: /home/wh1te/ros2_ws/install/px4_msgs/include/px4_msgs/px4_msgs/msg/detail/gimbal_device_set_attitude__struct.hpp
[137.479s] -- Installing: /home/wh1te/ros2_ws/install/px4_msgs/include/px4_msgs/px4_msgs/msg/detail/obstacle_distance__builder.hpp
[137.479s] -- Installing: /home/wh1te/ros2_ws/install/px4_msgs/include/px4_msgs/px4_msgs/msg/detail/position_setpoint_triplet__type_support.hpp
[137.479s] -- Installing: /home/wh1te/ros2_ws/install/px4_msgs/include/px4_msgs/px4_msgs/msg/detail/qshell_retval__builder.hpp
[137.479s] -- Installing: /home/wh1te/ros2_ws/install/px4_msgs/include/px4_msgs/px4_msgs/msg/detail/mavlink_tunnel__type_support.hpp
[137.479s] -- Installing: /home/wh1te/ros2_ws/install/px4_msgs/include/px4_msgs/px4_msgs/msg/detail/ping__traits.hpp
[137.479s] -- Installing: /home/wh1te/ros2_ws/install/px4_msgs/include/px4_msgs/px4_msgs/msg/detail/sensor_combined__traits.hpp
[137.480s] -- Installing: /home/wh1te/ros2_ws/install/px4_msgs/include/px4_msgs/px4_msgs/msg/detail/gripper__type_support.hpp
[137.480s] -- Installing: /home/wh1te/ros2_ws/install/px4_msgs/include/px4_msgs/px4_msgs/msg/detail/mag_worker_data__type_support.hpp
[137.480s] -- Installing: /home/wh1te/ros2_ws/install/px4_msgs/include/px4_msgs/px4_msgs/msg/detail/rpm__builder.hpp
[137.480s] -- Installing: /home/wh1te/ros2_ws/install/px4_msgs/include/px4_msgs/px4_msgs/msg/detail/sensor_gyro__traits.hpp
[137.480s] -- Installing: /home/wh1te/ros2_ws/install/px4_msgs/include/px4_msgs/px4_msgs/msg/detail/gimbal_manager_information__builder.hpp
[137.480s] -- Installing: /home/wh1te/ros2_ws/install/px4_msgs/include/px4_msgs/px4_msgs/msg/detail/ping__builder.hpp
[137.480s] -- Installing: /home/wh1te/ros2_ws/install/px4_msgs/include/px4_msgs/px4_msgs/msg/detail/mag_worker_data__builder.hpp
[137.480s] -- Installing: /home/wh1te/ros2_ws/install/px4_msgs/include/px4_msgs/px4_msgs/msg/detail/normalized_unsigned_setpoint__traits.hpp
[137.480s] -- Installing: /home/wh1te/ros2_ws/install/px4_msgs/include/px4_msgs/px4_msgs/msg/detail/normalized_unsigned_setpoint__struct.hpp
[137.480s] -- Installing: /home/wh1te/ros2_ws/install/px4_msgs/include/px4_msgs/px4_msgs/msg/detail/qshell_req__builder.hpp
[137.480s] -- Installing: /home/wh1te/ros2_ws/install/px4_msgs/include/px4_msgs/px4_msgs/msg/detail/orbit_status__traits.hpp
[137.480s] -- Installing: /home/wh1te/ros2_ws/install/px4_msgs/include/px4_msgs/px4_msgs/msg/detail/tecs_status__struct.hpp
[137.480s] -- Installing: /home/wh1te/ros2_ws/install/px4_msgs/include/px4_msgs/px4_msgs/msg/detail/vehicle_air_data__type_support.hpp
[137.480s] -- Installing: /home/wh1te/ros2_ws/install/px4_msgs/include/px4_msgs/px4_msgs/msg/detail/estimator_innovations__type_support.hpp
[137.481s] -- Installing: /home/wh1te/ros2_ws/install/px4_msgs/include/px4_msgs/px4_msgs/msg/detail/camera_trigger__struct.hpp
[137.481s] -- Installing: /home/wh1te/ros2_ws/install/px4_msgs/include/px4_msgs/px4_msgs/msg/detail/rtl_time_estimate__builder.hpp
[137.481s] -- Installing: /home/wh1te/ros2_ws/install/px4_msgs/include/px4_msgs/px4_msgs/msg/detail/trajectory_bezier__struct.hpp
[137.481s] -- Installing: /home/wh1te/ros2_ws/install/px4_msgs/include/px4_msgs/px4_msgs/msg/detail/vehicle_imu__traits.hpp
[137.481s] -- Installing: /home/wh1te/ros2_ws/install/px4_msgs/include/px4_msgs/px4_msgs/msg/detail/internal_combustion_engine_status__type_support.hpp
[137.481s] -- Installing: /home/wh1te/ros2_ws/install/px4_msgs/include/px4_msgs/px4_msgs/msg/detail/event__type_support.hpp
[137.481s] -- Installing: /home/wh1te/ros2_ws/install/px4_msgs/include/px4_msgs/px4_msgs/msg/detail/vehicle_roi__type_support.hpp
[137.481s] -- Installing: /home/wh1te/ros2_ws/install/px4_msgs/include/px4_msgs/px4_msgs/msg/detail/orb_test_large__traits.hpp
[137.481s] -- Installing: /home/wh1te/ros2_ws/install/px4_msgs/include/px4_msgs/px4_msgs/msg/detail/mag_worker_data__struct.hpp
[137.481s] -- Installing: /home/wh1te/ros2_ws/install/px4_msgs/include/px4_msgs/px4_msgs/msg/detail/parameter_update__builder.hpp
[137.481s] -- Installing: /home/wh1te/ros2_ws/install/px4_msgs/include/px4_msgs/px4_msgs/msg/detail/mavlink_tunnel__struct.hpp
[137.481s] -- Installing: /home/wh1te/ros2_ws/install/px4_msgs/include/px4_msgs/px4_msgs/msg/detail/landing_gear__type_support.hpp
[137.481s] -- Installing: /home/wh1te/ros2_ws/install/px4_msgs/include/px4_msgs/px4_msgs/msg/detail/satellite_info__traits.hpp
[137.481s] -- Installing: /home/wh1te/ros2_ws/install/px4_msgs/include/px4_msgs/px4_msgs/msg/detail/ekf2_timestamps__struct.hpp
[137.482s] -- Installing: /home/wh1te/ros2_ws/install/px4_msgs/include/px4_msgs/px4_msgs/msg/detail/airspeed_wind__struct.hpp
[137.482s] -- Installing: /home/wh1te/ros2_ws/install/px4_msgs/include/px4_msgs/px4_msgs/msg/detail/vehicle_optical_flow__traits.hpp
[137.482s] -- Installing: /home/wh1te/ros2_ws/install/px4_msgs/include/px4_msgs/px4_msgs/msg/detail/vehicle_global_position__struct.hpp
[137.482s] -- Installing: /home/wh1te/ros2_ws/install/px4_msgs/include/px4_msgs/px4_msgs/msg/detail/manual_control_switches__traits.hpp
[137.482s] -- Installing: /home/wh1te/ros2_ws/install/px4_msgs/include/px4_msgs/px4_msgs/msg/detail/follow_target_status__type_support.hpp
[137.482s] -- Installing: /home/wh1te/ros2_ws/install/px4_msgs/include/px4_msgs/px4_msgs/msg/detail/led_control__builder.hpp
[137.482s] -- Installing: /home/wh1te/ros2_ws/install/px4_msgs/include/px4_msgs/px4_msgs/msg/detail/orbit_status__struct.hpp
[137.482s] -- Installing: /home/wh1te/ros2_ws/install/px4_msgs/include/px4_msgs/px4_msgs/msg/detail/timesync_status__traits.hpp
[137.482s] -- Installing: /home/wh1te/ros2_ws/install/px4_msgs/include/px4_msgs/px4_msgs/msg/detail/position_controller_landing_status__type_support.hpp
[137.482s] -- Installing: /home/wh1te/ros2_ws/install/px4_msgs/include/px4_msgs/px4_msgs/msg/detail/vehicle_trajectory_bezier__builder.hpp
[137.482s] -- Installing: /home/wh1te/ros2_ws/install/px4_msgs/include/px4_msgs/px4_msgs/msg/detail/gimbal_manager_status__builder.hpp
[137.482s] -- Installing: /home/wh1te/ros2_ws/install/px4_msgs/include/px4_msgs/px4_msgs/msg/detail/orb_test__builder.hpp
[137.482s] -- Installing: /home/wh1te/ros2_ws/install/px4_msgs/include/px4_msgs/px4_msgs/msg/detail/follow_target_status__struct.hpp
[137.482s] -- Installing: /home/wh1te/ros2_ws/install/px4_msgs/include/px4_msgs/px4_msgs/msg/detail/mission_result__struct.hpp
[137.483s] -- Installing: /home/wh1te/ros2_ws/install/px4_msgs/include/px4_msgs/px4_msgs/msg/detail/collision_report__type_support.hpp
[137.483s] -- Installing: /home/wh1te/ros2_ws/install/px4_msgs/include/px4_msgs/px4_msgs/msg/detail/vehicle_local_position__type_support.hpp
[137.483s] -- Installing: /home/wh1te/ros2_ws/install/px4_msgs/include/px4_msgs/px4_msgs/msg/detail/vtol_vehicle_status__struct.hpp
[137.483s] -- Installing: /home/wh1te/ros2_ws/install/px4_msgs/include/px4_msgs/px4_msgs/msg/detail/trajectory_waypoint__type_support.hpp
[137.483s] -- Installing: /home/wh1te/ros2_ws/install/px4_msgs/include/px4_msgs/px4_msgs/msg/detail/position_setpoint__traits.hpp
[137.483s] -- Installing: /home/wh1te/ros2_ws/install/px4_msgs/include/px4_msgs/px4_msgs/msg/detail/debug_vect__struct.hpp
[137.483s] -- Installing: /home/wh1te/ros2_ws/install/px4_msgs/include/px4_msgs/px4_msgs/msg/detail/vtol_vehicle_status__type_support.hpp
[137.483s] -- Installing: /home/wh1te/ros2_ws/install/px4_msgs/include/px4_msgs/px4_msgs/msg/detail/vehicle_attitude_setpoint__builder.hpp
[137.483s] -- Installing: /home/wh1te/ros2_ws/install/px4_msgs/include/px4_msgs/px4_msgs/msg/detail/wind__traits.hpp
[137.483s] -- Installing: /home/wh1te/ros2_ws/install/px4_msgs/include/px4_msgs/px4_msgs/msg/detail/camera_capture__struct.hpp
[137.483s] -- Installing: /home/wh1te/ros2_ws/install/px4_msgs/include/px4_msgs/px4_msgs/msg/detail/led_control__type_support.hpp
[137.483s] -- Installing: /home/wh1te/ros2_ws/install/px4_msgs/include/px4_msgs/px4_msgs/msg/detail/satellite_info__builder.hpp
[137.483s] -- Installing: /home/wh1te/ros2_ws/install/px4_msgs/include/px4_msgs/px4_msgs/msg/detail/landing_gear_wheel__type_support.hpp
[137.483s] -- Installing: /home/wh1te/ros2_ws/install/px4_msgs/include/px4_msgs/px4_msgs/msg/detail/radio_status__traits.hpp
[137.484s] -- Installing: /home/wh1te/ros2_ws/install/px4_msgs/include/px4_msgs/px4_msgs/msg/detail/orb_test_large__builder.hpp
[137.484s] -- Installing: /home/wh1te/ros2_ws/install/px4_msgs/include/px4_msgs/px4_msgs/msg/detail/sensor_uwb__type_support.hpp
[137.484s] -- Installing: /home/wh1te/ros2_ws/install/px4_msgs/include/px4_msgs/px4_msgs/msg/detail/camera_status__traits.hpp
[137.484s] -- Installing: /home/wh1te/ros2_ws/install/px4_msgs/include/px4_msgs/px4_msgs/msg/detail/telemetry_status__builder.hpp
[137.484s] -- Installing: /home/wh1te/ros2_ws/install/px4_msgs/include/px4_msgs/px4_msgs/msg/detail/vehicle_angular_acceleration_setpoint__type_support.hpp
[137.484s] -- Installing: /home/wh1te/ros2_ws/install/px4_msgs/include/px4_msgs/px4_msgs/msg/detail/onboard_computer_status__struct.hpp
[137.484s] -- Installing: /home/wh1te/ros2_ws/install/px4_msgs/include/px4_msgs/px4_msgs/msg/detail/sensor_preflight_mag__builder.hpp
[137.484s] -- Installing: /home/wh1te/ros2_ws/install/px4_msgs/include/px4_msgs/px4_msgs/msg/detail/vehicle_odometry__traits.hpp
[137.484s] -- Installing: /home/wh1te/ros2_ws/install/px4_msgs/include/px4_msgs/px4_msgs/msg/detail/transponder_report__builder.hpp
[137.484s] -- Installing: /home/wh1te/ros2_ws/install/px4_msgs/include/px4_msgs/px4_msgs/msg/detail/vehicle_optical_flow__struct.hpp
[137.484s] -- Installing: /home/wh1te/ros2_ws/install/px4_msgs/include/px4_msgs/px4_msgs/msg/detail/transponder_report__traits.hpp
[137.484s] -- Installing: /home/wh1te/ros2_ws/install/px4_msgs/include/px4_msgs/px4_msgs/msg/detail/vehicle_imu__type_support.hpp
[137.484s] -- Installing: /home/wh1te/ros2_ws/install/px4_msgs/include/px4_msgs/px4_msgs/msg/detail/follow_target_status__builder.hpp
[137.484s] -- Installing: /home/wh1te/ros2_ws/install/px4_msgs/include/px4_msgs/px4_msgs/msg/detail/camera_status__struct.hpp
[137.485s] -- Installing: /home/wh1te/ros2_ws/install/px4_msgs/include/px4_msgs/px4_msgs/msg/detail/landing_target_innovations__struct.hpp
[137.485s] -- Installing: /home/wh1te/ros2_ws/install/px4_msgs/include/px4_msgs/px4_msgs/msg/detail/vehicle_control_mode__struct.hpp
[137.485s] -- Installing: /home/wh1te/ros2_ws/install/px4_msgs/include/px4_msgs/px4_msgs/msg/detail/vehicle_trajectory_bezier__traits.hpp
[137.485s] -- Installing: /home/wh1te/ros2_ws/install/px4_msgs/include/px4_msgs/px4_msgs/msg/detail/position_setpoint_triplet__traits.hpp
[137.485s] -- Installing: /home/wh1te/ros2_ws/install/px4_msgs/include/px4_msgs/px4_msgs/msg/detail/gimbal_device_set_attitude__traits.hpp
[137.485s] -- Installing: /home/wh1te/ros2_ws/install/px4_msgs/include/px4_msgs/px4_msgs/msg/detail/geofence_result__traits.hpp
[137.485s] -- Installing: /home/wh1te/ros2_ws/install/px4_msgs/include/px4_msgs/px4_msgs/msg/detail/gimbal_device_attitude_status__struct.hpp
[137.485s] -- Installing: /home/wh1te/ros2_ws/install/px4_msgs/include/px4_msgs/px4_msgs/msg/detail/vehicle_rates_setpoint__type_support.hpp
[137.485s] -- Installing: /home/wh1te/ros2_ws/install/px4_msgs/include/px4_msgs/px4_msgs/msg/detail/debug_key_value__struct.hpp
[137.485s] -- Installing: /home/wh1te/ros2_ws/install/px4_msgs/include/px4_msgs/px4_msgs/msg/detail/button_event__traits.hpp
[137.485s] -- Installing: /home/wh1te/ros2_ws/install/px4_msgs/include/px4_msgs/px4_msgs/msg/detail/sensor_correction__struct.hpp
[137.485s] -- Installing: /home/wh1te/ros2_ws/install/px4_msgs/include/px4_msgs/px4_msgs/msg/detail/wind__builder.hpp
[137.485s] -- Installing: /home/wh1te/ros2_ws/install/px4_msgs/include/px4_msgs/px4_msgs/msg/detail/sensor_optical_flow__builder.hpp
[137.485s] -- Installing: /home/wh1te/ros2_ws/install/px4_msgs/include/px4_msgs/px4_msgs/msg/detail/actuator_controls_status__builder.hpp
[137.486s] -- Installing: /home/wh1te/ros2_ws/install/px4_msgs/include/px4_msgs/px4_msgs/msg/detail/rc_channels__builder.hpp
[137.486s] -- Installing: /home/wh1te/ros2_ws/install/px4_msgs/include/px4_msgs/px4_msgs/msg/detail/landing_target_pose__struct.hpp
[137.486s] -- Installing: /home/wh1te/ros2_ws/install/px4_msgs/include/px4_msgs/px4_msgs/msg/detail/estimator_bias3d__type_support.hpp
[137.486s] -- Installing: /home/wh1te/ros2_ws/install/px4_msgs/include/px4_msgs/px4_msgs/msg/detail/camera_trigger__builder.hpp
[137.486s] -- Installing: /home/wh1te/ros2_ws/install/px4_msgs/include/px4_msgs/px4_msgs/msg/detail/actuator_test__struct.hpp
[137.486s] -- Installing: /home/wh1te/ros2_ws/install/px4_msgs/include/px4_msgs/px4_msgs/msg/detail/sensor_correction__builder.hpp
[137.486s] -- Installing: /home/wh1te/ros2_ws/install/px4_msgs/include/px4_msgs/px4_msgs/msg/detail/estimator_gps_status__type_support.hpp
[137.486s] -- Installing: /home/wh1te/ros2_ws/install/px4_msgs/include/px4_msgs/px4_msgs/msg/detail/estimator_sensor_bias__traits.hpp
[137.486s] -- Installing: /home/wh1te/ros2_ws/install/px4_msgs/include/px4_msgs/px4_msgs/msg/detail/uavcan_parameter_value__type_support.hpp
[137.486s] -- Installing: /home/wh1te/ros2_ws/install/px4_msgs/include/px4_msgs/px4_msgs/msg/detail/system_power__struct.hpp
[137.486s] -- Installing: /home/wh1te/ros2_ws/install/px4_msgs/include/px4_msgs/px4_msgs/msg/detail/timesync_status__struct.hpp
[137.486s] -- Installing: /home/wh1te/ros2_ws/install/px4_msgs/include/px4_msgs/px4_msgs/msg/detail/differential_pressure__type_support.hpp
[137.486s] -- Installing: /home/wh1te/ros2_ws/install/px4_msgs/include/px4_msgs/px4_msgs/msg/detail/sensors_status_imu__type_support.hpp
[137.486s] -- Installing: /home/wh1te/ros2_ws/install/px4_msgs/include/px4_msgs/px4_msgs/msg/detail/vehicle_imu_status__builder.hpp
[137.487s] -- Installing: /home/wh1te/ros2_ws/install/px4_msgs/include/px4_msgs/px4_msgs/msg/detail/sensor_accel_fifo__type_support.hpp
[137.487s] -- Installing: /home/wh1te/ros2_ws/install/px4_msgs/include/px4_msgs/px4_msgs/msg/detail/vehicle_attitude__builder.hpp
[137.487s] -- Installing: /home/wh1te/ros2_ws/install/px4_msgs/include/px4_msgs/px4_msgs/msg/detail/collision_report__builder.hpp
[137.487s] -- Installing: /home/wh1te/ros2_ws/install/px4_msgs/include/px4_msgs/px4_msgs/msg/detail/debug_vect__builder.hpp
[137.487s] -- Installing: /home/wh1te/ros2_ws/install/px4_msgs/include/px4_msgs/px4_msgs/msg/detail/orbit_status__builder.hpp
[137.487s] -- Installing: /home/wh1te/ros2_ws/install/px4_msgs/include/px4_msgs/px4_msgs/msg/detail/vehicle_attitude__struct.hpp
[137.487s] -- Installing: /home/wh1te/ros2_ws/install/px4_msgs/include/px4_msgs/px4_msgs/msg/detail/hover_thrust_estimate__struct.hpp
[137.487s] -- Installing: /home/wh1te/ros2_ws/install/px4_msgs/include/px4_msgs/px4_msgs/msg/detail/power_monitor__builder.hpp
[137.487s] -- Installing: /home/wh1te/ros2_ws/install/px4_msgs/include/px4_msgs/px4_msgs/msg/detail/adc_report__builder.hpp
[137.487s] -- Installing: /home/wh1te/ros2_ws/install/px4_msgs/include/px4_msgs/px4_msgs/msg/detail/log_message__traits.hpp
[137.487s] -- Installing: /home/wh1te/ros2_ws/install/px4_msgs/include/px4_msgs/px4_msgs/msg/detail/mode_completed__traits.hpp
[137.487s] -- Installing: /home/wh1te/ros2_ws/install/px4_msgs/include/px4_msgs/px4_msgs/msg/detail/logger_status__struct.hpp
[137.487s] -- Installing: /home/wh1te/ros2_ws/install/px4_msgs/include/px4_msgs/px4_msgs/msg/detail/camera_status__type_support.hpp
[137.487s] -- Installing: /home/wh1te/ros2_ws/install/px4_msgs/include/px4_msgs/px4_msgs/msg/detail/geofence_result__builder.hpp
[137.488s] -- Installing: /home/wh1te/ros2_ws/install/px4_msgs/include/px4_msgs/px4_msgs/msg/detail/airspeed__struct.hpp
[137.488s] -- Installing: /home/wh1te/ros2_ws/install/px4_msgs/include/px4_msgs/px4_msgs/msg/detail/rc_channels__type_support.hpp
[137.488s] -- Installing: /home/wh1te/ros2_ws/install/px4_msgs/include/px4_msgs/px4_msgs/msg/detail/tecs_status__type_support.hpp
[137.488s] -- Installing: /home/wh1te/ros2_ws/install/px4_msgs/include/px4_msgs/px4_msgs/msg/detail/sensor_gyro_fifo__type_support.hpp
[137.488s] -- Installing: /home/wh1te/ros2_ws/install/px4_msgs/include/px4_msgs/px4_msgs/msg/detail/failure_detector_status__struct.hpp
[137.488s] -- Installing: /home/wh1te/ros2_ws/install/px4_msgs/include/px4_msgs/px4_msgs/msg/detail/actuator_controls_status__type_support.hpp
[137.488s] -- Installing: /home/wh1te/ros2_ws/install/px4_msgs/include/px4_msgs/px4_msgs/msg/detail/obstacle_distance__struct.hpp
[137.488s] -- Installing: /home/wh1te/ros2_ws/install/px4_msgs/include/px4_msgs/px4_msgs/msg/detail/vehicle_angular_velocity__builder.hpp
[137.488s] -- Installing: /home/wh1te/ros2_ws/install/px4_msgs/include/px4_msgs/px4_msgs/msg/detail/trajectory_setpoint__traits.hpp
[137.488s] -- Installing: /home/wh1te/ros2_ws/install/px4_msgs/include/px4_msgs/px4_msgs/msg/detail/sensors_status_imu__struct.hpp
[137.488s] -- Installing: /home/wh1te/ros2_ws/install/px4_msgs/include/px4_msgs/px4_msgs/msg/detail/orb_test__type_support.hpp
[137.488s] -- Installing: /home/wh1te/ros2_ws/install/px4_msgs/include/px4_msgs/px4_msgs/msg/detail/button_event__type_support.hpp
[137.488s] -- Installing: /home/wh1te/ros2_ws/install/px4_msgs/include/px4_msgs/px4_msgs/msg/detail/tiltrotor_extra_controls__traits.hpp
[137.488s] -- Installing: /home/wh1te/ros2_ws/install/px4_msgs/include/px4_msgs/px4_msgs/msg/detail/navigator_mission_item__struct.hpp
[137.488s] -- Installing: /home/wh1te/ros2_ws/install/px4_msgs/include/px4_msgs/px4_msgs/msg/detail/vehicle_trajectory_waypoint__traits.hpp
[137.489s] -- Installing: /home/wh1te/ros2_ws/install/px4_msgs/include/px4_msgs/px4_msgs/msg/detail/battery_status__type_support.hpp
[137.489s] -- Installing: /home/wh1te/ros2_ws/install/px4_msgs/include/px4_msgs/px4_msgs/msg/detail/tiltrotor_extra_controls__builder.hpp
[137.489s] -- Installing: /home/wh1te/ros2_ws/install/px4_msgs/include/px4_msgs/px4_msgs/msg/detail/estimator_bias3d__traits.hpp
[137.489s] -- Installing: /home/wh1te/ros2_ws/install/px4_msgs/include/px4_msgs/px4_msgs/msg/detail/generator_status__struct.hpp
[137.489s] -- Installing: /home/wh1te/ros2_ws/install/px4_msgs/include/px4_msgs/px4_msgs/msg/detail/pps_capture__type_support.hpp
[137.489s] -- Installing: /home/wh1te/ros2_ws/install/px4_msgs/include/px4_msgs/px4_msgs/msg/detail/led_control__struct.hpp
[137.489s] -- Installing: /home/wh1te/ros2_ws/install/px4_msgs/include/px4_msgs/px4_msgs/msg/detail/position_controller_status__traits.hpp
[137.489s] -- Installing: /home/wh1te/ros2_ws/install/px4_msgs/include/px4_msgs/px4_msgs/msg/detail/trajectory_waypoint__struct.hpp
[137.489s] -- Installing: /home/wh1te/ros2_ws/install/px4_msgs/include/px4_msgs/px4_msgs/msg/detail/vehicle_acceleration__traits.hpp
[137.489s] -- Installing: /home/wh1te/ros2_ws/install/px4_msgs/include/px4_msgs/px4_msgs/msg/detail/vehicle_attitude_setpoint__traits.hpp
[137.489s] -- Installing: /home/wh1te/ros2_ws/install/px4_msgs/include/px4_msgs/px4_msgs/msg/detail/sensor_optical_flow__type_support.hpp
[137.489s] -- Installing: /home/wh1te/ros2_ws/install/px4_msgs/include/px4_msgs/px4_msgs/msg/detail/autotune_attitude_control_status__traits.hpp
[137.489s] -- Installing: /home/wh1te/ros2_ws/install/px4_msgs/include/px4_msgs/px4_msgs/msg/detail/vehicle_status__builder.hpp
[137.489s] -- Installing: /home/wh1te/ros2_ws/install/px4_msgs/include/px4_msgs/px4_msgs/msg/detail/adc_report__struct.hpp
[137.490s] -- Installing: /home/wh1te/ros2_ws/install/px4_msgs/include/px4_msgs/px4_msgs/msg/detail/estimator_event_flags__struct.hpp
[137.490s] -- Installing: /home/wh1te/ros2_ws/install/px4_msgs/include/px4_msgs/px4_msgs/msg/detail/radio_status__builder.hpp
[137.490s] -- Installing: /home/wh1te/ros2_ws/install/px4_msgs/include/px4_msgs/px4_msgs/msg/detail/gimbal_device_attitude_status__builder.hpp
[137.490s] -- Installing: /home/wh1te/ros2_ws/install/px4_msgs/include/px4_msgs/px4_msgs/msg/detail/distance_sensor__type_support.hpp
[137.490s] -- Installing: /home/wh1te/ros2_ws/install/px4_msgs/include/px4_msgs/px4_msgs/msg/detail/estimator_bias__builder.hpp
[137.490s] -- Installing: /home/wh1te/ros2_ws/install/px4_msgs/include/px4_msgs/px4_msgs/msg/detail/position_setpoint__struct.hpp
[137.490s] -- Installing: /home/wh1te/ros2_ws/install/px4_msgs/include/px4_msgs/px4_msgs/msg/detail/sensor_gyro__struct.hpp
[137.490s] -- Installing: /home/wh1te/ros2_ws/install/px4_msgs/include/px4_msgs/px4_msgs/msg/detail/battery_status__traits.hpp
[137.490s] -- Installing: /home/wh1te/ros2_ws/install/px4_msgs/include/px4_msgs/px4_msgs/msg/detail/sensor_gps__builder.hpp
[137.490s] -- Installing: /home/wh1te/ros2_ws/install/px4_msgs/include/px4_msgs/px4_msgs/msg/detail/input_rc__traits.hpp
[137.490s] -- Installing: /home/wh1te/ros2_ws/install/px4_msgs/include/px4_msgs/px4_msgs/msg/detail/vehicle_optical_flow__type_support.hpp
[137.490s] -- Installing: /home/wh1te/ros2_ws/install/px4_msgs/include/px4_msgs/px4_msgs/msg/detail/follow_target_estimator__type_support.hpp
[137.490s] -- Installing: /home/wh1te/ros2_ws/install/px4_msgs/include/px4_msgs/px4_msgs/msg/detail/sensors_status__struct.hpp
[137.490s] -- Installing: /home/wh1te/ros2_ws/install/px4_msgs/include/px4_msgs/px4_msgs/msg/detail/event__struct.hpp
[137.491s] -- Installing: /home/wh1te/ros2_ws/install/px4_msgs/include/px4_msgs/px4_msgs/msg/detail/tiltrotor_extra_controls__type_support.hpp
[137.491s] -- Installing: /home/wh1te/ros2_ws/install/px4_msgs/include/px4_msgs/px4_msgs/msg/detail/sensor_hygrometer__struct.hpp
[137.491s] -- Installing: /home/wh1te/ros2_ws/install/px4_msgs/include/px4_msgs/px4_msgs/msg/detail/parameter_update__type_support.hpp
[137.491s] -- Installing: /home/wh1te/ros2_ws/install/px4_msgs/include/px4_msgs/px4_msgs/msg/detail/cellular_status__type_support.hpp
[137.491s] -- Installing: /home/wh1te/ros2_ws/install/px4_msgs/include/px4_msgs/px4_msgs/msg/detail/home_position__struct.hpp
[137.491s] -- Installing: /home/wh1te/ros2_ws/install/px4_msgs/include/px4_msgs/px4_msgs/msg/detail/vehicle_angular_velocity__traits.hpp
[137.491s] -- Installing: /home/wh1te/ros2_ws/install/px4_msgs/include/px4_msgs/px4_msgs/msg/detail/sensor_selection__traits.hpp
[137.491s] -- Installing: /home/wh1te/ros2_ws/install/px4_msgs/include/px4_msgs/px4_msgs/msg/detail/estimator_gps_status__traits.hpp
[137.491s] -- Installing: /home/wh1te/ros2_ws/install/px4_msgs/include/px4_msgs/px4_msgs/msg/detail/follow_target__type_support.hpp
[137.491s] -- Installing: /home/wh1te/ros2_ws/install/px4_msgs/include/px4_msgs/px4_msgs/msg/detail/vehicle_odometry__type_support.hpp
[137.491s] -- Installing: /home/wh1te/ros2_ws/install/px4_msgs/include/px4_msgs/px4_msgs/msg/detail/vehicle_acceleration__builder.hpp
[137.491s] -- Installing: /home/wh1te/ros2_ws/install/px4_msgs/include/px4_msgs/px4_msgs/msg/detail/debug_value__traits.hpp
[137.491s] -- Installing: /home/wh1te/ros2_ws/install/px4_msgs/include/px4_msgs/px4_msgs/msg/detail/debug_value__type_support.hpp
[137.491s] -- Installing: /home/wh1te/ros2_ws/install/px4_msgs/include/px4_msgs/px4_msgs/msg/detail/offboard_control_mode__builder.hpp
[137.491s] -- Installing: /home/wh1te/ros2_ws/install/px4_msgs/include/px4_msgs/px4_msgs/msg/detail/actuator_servos__traits.hpp
[137.492s] -- Installing: /home/wh1te/ros2_ws/install/px4_msgs/include/px4_msgs/px4_msgs/msg/detail/rtl_time_estimate__type_support.hpp
[137.492s] -- Installing: /home/wh1te/ros2_ws/install/px4_msgs/include/px4_msgs/px4_msgs/msg/detail/failsafe_flags__traits.hpp
[137.492s] -- Installing: /home/wh1te/ros2_ws/install/px4_msgs/include/px4_msgs/px4_msgs/msg/detail/vehicle_acceleration__struct.hpp
[137.492s] -- Installing: /home/wh1te/ros2_ws/install/px4_msgs/include/px4_msgs/px4_msgs/msg/detail/gimbal_device_information__struct.hpp
[137.492s] -- Installing: /home/wh1te/ros2_ws/install/px4_msgs/include/px4_msgs/px4_msgs/msg/detail/vehicle_local_position_setpoint__builder.hpp
[137.492s] -- Installing: /home/wh1te/ros2_ws/install/px4_msgs/include/px4_msgs/px4_msgs/msg/detail/takeoff_status__builder.hpp
[137.492s] -- Installing: /home/wh1te/ros2_ws/install/px4_msgs/include/px4_msgs/px4_msgs/msg/detail/vehicle_local_position__struct.hpp
[137.492s] -- Installing: /home/wh1te/ros2_ws/install/px4_msgs/include/px4_msgs/px4_msgs/msg/detail/tecs_status__builder.hpp
[137.492s] -- Installing: /home/wh1te/ros2_ws/install/px4_msgs/include/px4_msgs/px4_msgs/msg/detail/system_power__builder.hpp
[137.492s] -- Installing: /home/wh1te/ros2_ws/install/px4_msgs/include/px4_msgs/px4_msgs/msg/detail/follow_target_status__traits.hpp
[137.492s] -- Installing: /home/wh1te/ros2_ws/install/px4_msgs/include/px4_msgs/px4_msgs/msg/detail/vehicle_command__struct.hpp
[137.492s] -- Installing: /home/wh1te/ros2_ws/install/px4_msgs/include/px4_msgs/px4_msgs/msg/detail/autotune_attitude_control_status__builder.hpp
[137.492s] -- Installing: /home/wh1te/ros2_ws/install/px4_msgs/include/px4_msgs/px4_msgs/msg/detail/estimator_aid_source2d__builder.hpp
[137.492s] -- Installing: /home/wh1te/ros2_ws/install/px4_msgs/include/px4_msgs/px4_msgs/msg/detail/estimator_sensor_bias__type_support.hpp
[137.493s] -- Installing: /home/wh1te/ros2_ws/install/px4_msgs/include/px4_msgs/px4_msgs/msg/detail/action_request__builder.hpp
[137.493s] -- Installing: /home/wh1te/ros2_ws/install/px4_msgs/include/px4_msgs/px4_msgs/msg/detail/sensor_gyro_fft__traits.hpp
[137.493s] -- Installing: /home/wh1te/ros2_ws/install/px4_msgs/include/px4_msgs/px4_msgs/msg/detail/landing_target_innovations__builder.hpp
[137.493s] -- Installing: /home/wh1te/ros2_ws/install/px4_msgs/include/px4_msgs/px4_msgs/msg/detail/sensor_gyro_fifo__builder.hpp
[137.493s] -- Installing: /home/wh1te/ros2_ws/install/px4_msgs/include/px4_msgs/px4_msgs/msg/detail/camera_status__builder.hpp
[137.493s] -- Installing: /home/wh1te/ros2_ws/install/px4_msgs/include/px4_msgs/px4_msgs/msg/detail/position_setpoint__builder.hpp
[137.493s] -- Installing: /home/wh1te/ros2_ws/install/px4_msgs/include/px4_msgs/px4_msgs/msg/detail/sensor_optical_flow__struct.hpp
[137.493s] -- Installing: /home/wh1te/ros2_ws/install/px4_msgs/include/px4_msgs/px4_msgs/msg/detail/home_position__traits.hpp
[137.493s] -- Installing: /home/wh1te/ros2_ws/install/px4_msgs/include/px4_msgs/px4_msgs/msg/detail/vehicle_torque_setpoint__builder.hpp
[137.493s] -- Installing: /home/wh1te/ros2_ws/install/px4_msgs/include/px4_msgs/px4_msgs/msg/detail/position_setpoint_triplet__builder.hpp
[137.493s] -- Installing: /home/wh1te/ros2_ws/install/px4_msgs/include/px4_msgs/px4_msgs/msg/detail/collision_constraints__struct.hpp
[137.493s] -- Installing: /home/wh1te/ros2_ws/install/px4_msgs/include/px4_msgs/px4_msgs/msg/detail/follow_target__struct.hpp
[137.493s] -- Installing: /home/wh1te/ros2_ws/install/px4_msgs/include/px4_msgs/px4_msgs/msg/detail/vehicle_attitude_setpoint__type_support.hpp
[137.493s] -- Installing: /home/wh1te/ros2_ws/install/px4_msgs/include/px4_msgs/px4_msgs/msg/detail/vehicle_command__builder.hpp
[137.494s] -- Installing: /home/wh1te/ros2_ws/install/px4_msgs/include/px4_msgs/px4_msgs/msg/detail/power_monitor__type_support.hpp
[137.494s] -- Installing: /home/wh1te/ros2_ws/install/px4_msgs/include/px4_msgs/px4_msgs/msg/detail/launch_detection_status__type_support.hpp
[137.494s] -- Installing: /home/wh1te/ros2_ws/install/px4_msgs/include/px4_msgs/px4_msgs/msg/detail/mission__builder.hpp
[137.494s] -- Installing: /home/wh1te/ros2_ws/install/px4_msgs/include/px4_msgs/px4_msgs/msg/detail/vehicle_thrust_setpoint__type_support.hpp
[137.494s] -- Installing: /home/wh1te/ros2_ws/install/px4_msgs/include/px4_msgs/px4_msgs/msg/detail/failure_detector_status__traits.hpp
[137.494s] -- Installing: /home/wh1te/ros2_ws/install/px4_msgs/include/px4_msgs/px4_msgs/msg/detail/gimbal_manager_set_attitude__traits.hpp
[137.494s] -- Installing: /home/wh1te/ros2_ws/install/px4_msgs/include/px4_msgs/px4_msgs/msg/detail/gimbal_manager_set_attitude__struct.hpp
[137.494s] -- Installing: /home/wh1te/ros2_ws/install/px4_msgs/include/px4_msgs/px4_msgs/msg/detail/mount_orientation__traits.hpp
[137.494s] -- Installing: /home/wh1te/ros2_ws/install/px4_msgs/include/px4_msgs/px4_msgs/msg/detail/sensor_gps__struct.hpp
[137.494s] -- Installing: /home/wh1te/ros2_ws/install/px4_msgs/include/px4_msgs/px4_msgs/msg/detail/actuator_controls_status__struct.hpp
[137.494s] -- Installing: /home/wh1te/ros2_ws/install/px4_msgs/include/px4_msgs/px4_msgs/msg/detail/log_message__type_support.hpp
[137.494s] -- Installing: /home/wh1te/ros2_ws/install/px4_msgs/include/px4_msgs/px4_msgs/msg/detail/estimator_selector_status__traits.hpp
[137.494s] -- Installing: /home/wh1te/ros2_ws/install/px4_msgs/include/px4_msgs/px4_msgs/msg/detail/uavcan_parameter_request__traits.hpp
[137.494s] -- Installing: /home/wh1te/ros2_ws/install/px4_msgs/include/px4_msgs/px4_msgs/msg/detail/actuator_servos__type_support.hpp
[137.495s] -- Installing: /home/wh1te/ros2_ws/install/px4_msgs/include/px4_msgs/px4_msgs/msg/detail/home_position__type_support.hpp
[137.495s] -- Installing: /home/wh1te/ros2_ws/install/px4_msgs/include/px4_msgs/px4_msgs/msg/detail/debug_value__struct.hpp
[137.495s] -- Installing: /home/wh1te/ros2_ws/install/px4_msgs/include/px4_msgs/px4_msgs/msg/detail/collision_report__struct.hpp
[137.495s] -- Installing: /home/wh1te/ros2_ws/install/px4_msgs/include/px4_msgs/px4_msgs/msg/detail/actuator_outputs__traits.hpp
[137.495s] -- Installing: /home/wh1te/ros2_ws/install/px4_msgs/include/px4_msgs/px4_msgs/msg/detail/sensor_mag__struct.hpp
[137.495s] -- Installing: /home/wh1te/ros2_ws/install/px4_msgs/include/px4_msgs/px4_msgs/msg/detail/vehicle_imu_status__traits.hpp
[137.495s] -- Installing: /home/wh1te/ros2_ws/install/px4_msgs/include/px4_msgs/px4_msgs/msg/detail/gps_inject_data__traits.hpp
[137.495s] -- Installing: /home/wh1te/ros2_ws/install/px4_msgs/include/px4_msgs/px4_msgs/msg/detail/airspeed_validated__struct.hpp
[137.495s] -- Installing: /home/wh1te/ros2_ws/install/px4_msgs/include/px4_msgs/px4_msgs/msg/detail/esc_status__traits.hpp
[137.495s] -- Installing: /home/wh1te/ros2_ws/install/px4_msgs/include/px4_msgs/px4_msgs/msg/detail/power_button_state__builder.hpp
[137.495s] -- Installing: /home/wh1te/ros2_ws/install/px4_msgs/include/px4_msgs/px4_msgs/msg/detail/sensor_hygrometer__type_support.hpp
[137.495s] -- Installing: /home/wh1te/ros2_ws/install/px4_msgs/include/px4_msgs/px4_msgs/msg/detail/vtol_vehicle_status__traits.hpp
[137.495s] -- Installing: /home/wh1te/ros2_ws/install/px4_msgs/include/px4_msgs/px4_msgs/msg/detail/mission_result__type_support.hpp
[137.495s] -- Installing: /home/wh1te/ros2_ws/install/px4_msgs/include/px4_msgs/px4_msgs/msg/detail/battery_status__struct.hpp
[137.496s] -- Installing: /home/wh1te/ros2_ws/install/px4_msgs/include/px4_msgs/px4_msgs/msg/detail/debug_array__traits.hpp
[137.496s] -- Installing: /home/wh1te/ros2_ws/install/px4_msgs/include/px4_msgs/px4_msgs/msg/detail/cellular_status__builder.hpp
[137.496s] -- Installing: /home/wh1te/ros2_ws/install/px4_msgs/include/px4_msgs/px4_msgs/msg/detail/rc_parameter_map__struct.hpp
[137.496s] -- Installing: /home/wh1te/ros2_ws/install/px4_msgs/include/px4_msgs/px4_msgs/msg/detail/control_allocator_status__builder.hpp
[137.496s] -- Installing: /home/wh1te/ros2_ws/install/px4_msgs/include/px4_msgs/px4_msgs/msg/detail/follow_target_estimator__traits.hpp
[137.496s] -- Installing: /home/wh1te/ros2_ws/install/px4_msgs/include/px4_msgs/px4_msgs/msg/detail/tune_control__traits.hpp
[137.496s] -- Installing: /home/wh1te/ros2_ws/install/px4_msgs/include/px4_msgs/px4_msgs/msg/detail/sensor_accel__builder.hpp
[137.496s] -- Installing: /home/wh1te/ros2_ws/install/px4_msgs/include/px4_msgs/px4_msgs/msg/detail/cpuload__type_support.hpp
[137.496s] -- Installing: /home/wh1te/ros2_ws/install/px4_msgs/include/px4_msgs/px4_msgs/msg/detail/mag_worker_data__traits.hpp
[137.496s] -- Installing: /home/wh1te/ros2_ws/install/px4_msgs/include/px4_msgs/px4_msgs/msg/detail/sensor_gyro__type_support.hpp
[137.496s] -- Installing: /home/wh1te/ros2_ws/install/px4_msgs/include/px4_msgs/px4_msgs/msg/detail/sensors_status__traits.hpp
[137.496s] -- Installing: /home/wh1te/ros2_ws/install/px4_msgs/include/px4_msgs/px4_msgs/msg/detail/esc_report__type_support.hpp
[137.496s] -- Installing: /home/wh1te/ros2_ws/install/px4_msgs/include/px4_msgs/px4_msgs/msg/detail/vehicle_air_data__builder.hpp
[137.496s] -- Installing: /home/wh1te/ros2_ws/install/px4_msgs/include/px4_msgs/px4_msgs/msg/detail/estimator_status__struct.hpp
[137.497s] -- Installing: /home/wh1te/ros2_ws/install/px4_msgs/include/px4_msgs/px4_msgs/msg/detail/gps_inject_data__builder.hpp
[137.497s] -- Installing: /home/wh1te/ros2_ws/install/px4_msgs/include/px4_msgs/px4_msgs/msg/detail/landing_gear_wheel__traits.hpp
[137.497s] -- Installing: /home/wh1te/ros2_ws/install/px4_msgs/include/px4_msgs/px4_msgs/msg/detail/tune_control__builder.hpp
[137.497s] -- Installing: /home/wh1te/ros2_ws/install/px4_msgs/include/px4_msgs/px4_msgs/msg/detail/mission_result__builder.hpp
[137.497s] -- Installing: /home/wh1te/ros2_ws/install/px4_msgs/include/px4_msgs/px4_msgs/msg/detail/sensor_gyro_fifo__struct.hpp
[137.497s] -- Installing: /home/wh1te/ros2_ws/install/px4_msgs/include/px4_msgs/px4_msgs/msg/detail/follow_target__traits.hpp
[137.497s] -- Installing: /home/wh1te/ros2_ws/install/px4_msgs/include/px4_msgs/px4_msgs/msg/detail/gps_inject_data__type_support.hpp
[137.497s] -- Installing: /home/wh1te/ros2_ws/install/px4_msgs/include/px4_msgs/px4_msgs/msg/detail/pps_capture__struct.hpp
[137.497s] -- Installing: /home/wh1te/ros2_ws/install/px4_msgs/include/px4_msgs/px4_msgs/msg/detail/vehicle_torque_setpoint__type_support.hpp
[137.497s] -- Installing: /home/wh1te/ros2_ws/install/px4_msgs/include/px4_msgs/px4_msgs/msg/detail/vehicle_global_position__traits.hpp
[137.497s] -- Installing: /home/wh1te/ros2_ws/install/px4_msgs/include/px4_msgs/px4_msgs/msg/detail/vehicle_thrust_setpoint__builder.hpp
[137.497s] -- Installing: /home/wh1te/ros2_ws/install/px4_msgs/include/px4_msgs/px4_msgs/msg/detail/gimbal_manager_set_manual_control__type_support.hpp
[137.497s] -- Installing: /home/wh1te/ros2_ws/install/px4_msgs/include/px4_msgs/px4_msgs/msg/detail/task_stack_info__traits.hpp
[137.497s] -- Installing: /home/wh1te/ros2_ws/install/px4_msgs/include/px4_msgs/px4_msgs/msg/detail/position_controller_landing_status__builder.hpp
[137.498s] -- Installing: /home/wh1te/ros2_ws/install/px4_msgs/include/px4_msgs/px4_msgs/msg/detail/trajectory_bezier__builder.hpp
[137.498s] -- Installing: /home/wh1te/ros2_ws/install/px4_msgs/include/px4_msgs/px4_msgs/msg/detail/internal_combustion_engine_status__traits.hpp
[137.498s] -- Installing: /home/wh1te/ros2_ws/install/px4_msgs/include/px4_msgs/px4_msgs/msg/detail/airspeed__traits.hpp
[137.498s] -- Installing: /home/wh1te/ros2_ws/install/px4_msgs/include/px4_msgs/px4_msgs/msg/detail/mission__type_support.hpp
[137.498s] -- Installing: /home/wh1te/ros2_ws/install/px4_msgs/include/px4_msgs/px4_msgs/msg/detail/battery_status__builder.hpp
[137.498s] -- Installing: /home/wh1te/ros2_ws/install/px4_msgs/include/px4_msgs/px4_msgs/msg/detail/qshell_retval__traits.hpp
[137.498s] -- Installing: /home/wh1te/ros2_ws/install/px4_msgs/include/px4_msgs/px4_msgs/msg/detail/sensor_baro__traits.hpp
[137.498s] -- Installing: /home/wh1te/ros2_ws/install/px4_msgs/include/px4_msgs/px4_msgs/msg/detail/landing_gear__struct.hpp
[137.498s] -- Installing: /home/wh1te/ros2_ws/install/px4_msgs/include/px4_msgs/px4_msgs/msg/detail/vehicle_constraints__traits.hpp
[137.498s] -- Installing: /home/wh1te/ros2_ws/install/px4_msgs/include/px4_msgs/px4_msgs/msg/detail/estimator_event_flags__traits.hpp
[137.498s] -- Installing: /home/wh1te/ros2_ws/install/px4_msgs/include/px4_msgs/px4_msgs/msg/detail/esc_report__builder.hpp
[137.498s] -- Installing: /home/wh1te/ros2_ws/install/px4_msgs/include/px4_msgs/px4_msgs/msg/detail/estimator_status_flags__builder.hpp
[137.498s] -- Installing: /home/wh1te/ros2_ws/install/px4_msgs/include/px4_msgs/px4_msgs/msg/detail/parameter_update__struct.hpp
[137.498s] -- Installing: /home/wh1te/ros2_ws/install/px4_msgs/include/px4_msgs/px4_msgs/msg/detail/qshell_req__type_support.hpp
[137.499s] -- Installing: /home/wh1te/ros2_ws/install/px4_msgs/include/px4_msgs/px4_msgs/msg/detail/manual_control_switches__builder.hpp
[137.499s] -- Installing: /home/wh1te/ros2_ws/install/px4_msgs/include/px4_msgs/px4_msgs/msg/detail/sensor_gps__type_support.hpp
[137.499s] -- Installing: /home/wh1te/ros2_ws/install/px4_msgs/include/px4_msgs/px4_msgs/msg/detail/px4io_status__builder.hpp
[137.499s] -- Installing: /home/wh1te/ros2_ws/install/px4_msgs/include/px4_msgs/px4_msgs/msg/detail/actuator_armed__traits.hpp
[137.499s] -- Installing: /home/wh1te/ros2_ws/install/px4_msgs/include/px4_msgs/px4_msgs/msg/detail/estimator_bias__struct.hpp
[137.499s] -- Installing: /home/wh1te/ros2_ws/install/px4_msgs/include/px4_msgs/px4_msgs/msg/detail/ulog_stream__builder.hpp
[137.499s] -- Installing: /home/wh1te/ros2_ws/install/px4_msgs/include/px4_msgs/px4_msgs/msg/detail/sensor_mag__type_support.hpp
[137.499s] -- Installing: /home/wh1te/ros2_ws/install/px4_msgs/include/px4_msgs/px4_msgs/msg/detail/logger_status__type_support.hpp
[137.499s] -- Installing: /home/wh1te/ros2_ws/install/px4_msgs/include/px4_msgs/px4_msgs/msg/detail/distance_sensor__builder.hpp
[137.499s] -- Installing: /home/wh1te/ros2_ws/install/px4_msgs/include/px4_msgs/px4_msgs/msg/detail/gimbal_controls__builder.hpp
[137.499s] -- Installing: /home/wh1te/ros2_ws/install/px4_msgs/include/px4_msgs/px4_msgs/msg/detail/input_rc__builder.hpp
[137.499s] -- Installing: /home/wh1te/ros2_ws/install/px4_msgs/include/px4_msgs/px4_msgs/msg/detail/takeoff_status__type_support.hpp
[137.499s] -- Installing: /home/wh1te/ros2_ws/install/px4_msgs/include/px4_msgs/px4_msgs/msg/detail/follow_target__builder.hpp
[137.499s] -- Installing: /home/wh1te/ros2_ws/install/px4_msgs/include/px4_msgs/px4_msgs/msg/detail/ulog_stream_ack__builder.hpp
[137.499s] -- Installing: /home/wh1te/ros2_ws/install/px4_msgs/include/px4_msgs/px4_msgs/msg/detail/vehicle_command__traits.hpp
[137.500s] -- Installing: /home/wh1te/ros2_ws/install/px4_msgs/include/px4_msgs/px4_msgs/msg/detail/gimbal_manager_status__traits.hpp
[137.500s] -- Installing: /home/wh1te/ros2_ws/install/px4_msgs/include/px4_msgs/px4_msgs/msg/detail/position_controller_status__type_support.hpp
[137.500s] -- Installing: /home/wh1te/ros2_ws/install/px4_msgs/include/px4_msgs/px4_msgs/msg/detail/orb_test__struct.hpp
[137.500s] -- Installing: /home/wh1te/ros2_ws/install/px4_msgs/include/px4_msgs/px4_msgs/msg/detail/orb_test_large__type_support.hpp
[137.500s] -- Installing: /home/wh1te/ros2_ws/install/px4_msgs/include/px4_msgs/px4_msgs/msg/detail/rtl_time_estimate__struct.hpp
[137.500s] -- Installing: /home/wh1te/ros2_ws/install/px4_msgs/include/px4_msgs/px4_msgs/msg/detail/gimbal_manager_set_manual_control__struct.hpp
[137.500s] -- Installing: /home/wh1te/ros2_ws/install/px4_msgs/include/px4_msgs/px4_msgs/msg/detail/mission_result__traits.hpp
[137.500s] -- Installing: /home/wh1te/ros2_ws/install/px4_msgs/include/px4_msgs/px4_msgs/msg/detail/trajectory_waypoint__traits.hpp
[137.500s] -- Installing: /home/wh1te/ros2_ws/install/px4_msgs/include/px4_msgs/px4_msgs/msg/detail/rc_parameter_map__type_support.hpp
[137.500s] -- Installing: /home/wh1te/ros2_ws/install/px4_msgs/include/px4_msgs/px4_msgs/msg/detail/actuator_servos_trim__traits.hpp
[137.500s] -- Installing: /home/wh1te/ros2_ws/install/px4_msgs/include/px4_msgs/px4_msgs/msg/detail/button_event__builder.hpp
[137.500s] -- Installing: /home/wh1te/ros2_ws/install/px4_msgs/include/px4_msgs/px4_msgs/msg/detail/health_report__builder.hpp
[137.500s] -- Installing: /home/wh1te/ros2_ws/install/px4_msgs/include/px4_msgs/px4_msgs/msg/detail/pwm_input__type_support.hpp
[137.500s] -- Installing: /home/wh1te/ros2_ws/install/px4_msgs/include/px4_msgs/px4_msgs/msg/detail/sensor_accel__type_support.hpp
[137.501s] -- Installing: /home/wh1te/ros2_ws/install/px4_msgs/include/px4_msgs/px4_msgs/msg/detail/estimator_selector_status__type_support.hpp
[137.501s] -- Installing: /home/wh1te/ros2_ws/install/px4_msgs/include/px4_msgs/px4_msgs/msg/detail/vehicle_air_data__struct.hpp
[137.501s] -- Installing: /home/wh1te/ros2_ws/install/px4_msgs/include/px4_msgs/px4_msgs/msg/detail/geofence_result__type_support.hpp
[137.501s] -- Installing: /home/wh1te/ros2_ws/install/px4_msgs/include/px4_msgs/px4_msgs/msg/detail/estimator_states__type_support.hpp
[137.501s] -- Installing: /home/wh1te/ros2_ws/install/px4_msgs/include/px4_msgs/px4_msgs/msg/detail/gimbal_controls__struct.hpp
[137.501s] -- Installing: /home/wh1te/ros2_ws/install/px4_msgs/include/px4_msgs/px4_msgs/msg/detail/ulog_stream__struct.hpp
[137.501s] -- Installing: /home/wh1te/ros2_ws/install/px4_msgs/include/px4_msgs/px4_msgs/msg/detail/orb_test_large__struct.hpp
[137.501s] -- Installing: /home/wh1te/ros2_ws/install/px4_msgs/include/px4_msgs/px4_msgs/msg/detail/health_report__struct.hpp
[137.501s] -- Installing: /home/wh1te/ros2_ws/install/px4_msgs/include/px4_msgs/px4_msgs/msg/detail/vehicle_rates_setpoint__struct.hpp
[137.501s] -- Installing: /home/wh1te/ros2_ws/install/px4_msgs/include/px4_msgs/px4_msgs/msg/detail/wind__struct.hpp
[137.501s] -- Installing: /home/wh1te/ros2_ws/install/px4_msgs/include/px4_msgs/px4_msgs/msg/detail/generator_status__type_support.hpp
[137.501s] -- Installing: /home/wh1te/ros2_ws/install/px4_msgs/include/px4_msgs/px4_msgs/msg/detail/ulog_stream_ack__struct.hpp
[137.501s] -- Installing: /home/wh1te/ros2_ws/install/px4_msgs/include/px4_msgs/px4_msgs/msg/detail/actuator_servos_trim__struct.hpp
[137.501s] -- Installing: /home/wh1te/ros2_ws/install/px4_msgs/include/px4_msgs/px4_msgs/msg/detail/qshell_retval__struct.hpp
[137.501s] -- Installing: /home/wh1te/ros2_ws/install/px4_msgs/include/px4_msgs/px4_msgs/msg/detail/button_event__struct.hpp
[137.502s] -- Installing: /home/wh1te/ros2_ws/install/px4_msgs/include/px4_msgs/px4_msgs/msg/vehicle_attitude_setpoint.hpp
[137.502s] -- Installing: /home/wh1te/ros2_ws/install/px4_msgs/include/px4_msgs/px4_msgs/msg/uavcan_parameter_request.hpp
[137.502s] -- Installing: /home/wh1te/ros2_ws/install/px4_msgs/include/px4_msgs/px4_msgs/msg/satellite_info.hpp
[137.502s] -- Installing: /home/wh1te/ros2_ws/install/px4_msgs/include/px4_msgs/px4_msgs/msg/vehicle_attitude.hpp
[137.502s] -- Installing: /home/wh1te/ros2_ws/install/px4_msgs/include/px4_msgs/px4_msgs/msg/ulog_stream_ack.hpp
[137.502s] -- Installing: /home/wh1te/ros2_ws/install/px4_msgs/include/px4_msgs/px4_msgs/msg/actuator_controls_status.hpp
[137.502s] -- Installing: /home/wh1te/ros2_ws/install/px4_msgs/include/px4_msgs/px4_msgs/msg/log_message.hpp
[137.502s] -- Installing: /home/wh1te/ros2_ws/install/px4_msgs/include/px4_msgs/px4_msgs/msg/gps_dump.hpp
[137.502s] -- Installing: /home/wh1te/ros2_ws/install/px4_msgs/include/px4_msgs/px4_msgs/msg/trajectory_waypoint.hpp
[137.502s] -- Installing: /home/wh1te/ros2_ws/install/px4_msgs/include/px4_msgs/px4_msgs/msg/orb_test_medium.hpp
[137.502s] -- Installing: /home/wh1te/ros2_ws/install/px4_msgs/include/px4_msgs/px4_msgs/msg/rc_channels.hpp
[137.502s] -- Installing: /home/wh1te/ros2_ws/install/px4_msgs/include/px4_msgs/px4_msgs/msg/mission.hpp
[137.502s] -- Installing: /home/wh1te/ros2_ws/install/px4_msgs/include/px4_msgs/px4_msgs/msg/px4io_status.hpp
[137.502s] -- Installing: /home/wh1te/ros2_ws/install/px4_msgs/include/px4_msgs/px4_msgs/msg/estimator_gps_status.hpp
[137.503s] -- Installing: /home/wh1te/ros2_ws/install/px4_msgs/include/px4_msgs/px4_msgs/msg/onboard_computer_status.hpp
[137.503s] -- Installing: /home/wh1te/ros2_ws/install/px4_msgs/include/px4_msgs/px4_msgs/msg/actuator_motors.hpp
[137.503s] -- Installing: /home/wh1te/ros2_ws/install/px4_msgs/include/px4_msgs/px4_msgs/msg/actuator_servos_trim.hpp
[137.503s] -- Installing: /home/wh1te/ros2_ws/install/px4_msgs/include/px4_msgs/px4_msgs/msg/mount_orientation.hpp
[137.503s] -- Installing: /home/wh1te/ros2_ws/install/px4_msgs/include/px4_msgs/px4_msgs/msg/vehicle_roi.hpp
[137.503s] -- Installing: /home/wh1te/ros2_ws/install/px4_msgs/include/px4_msgs/px4_msgs/msg/camera_capture.hpp
[137.503s] -- Installing: /home/wh1te/ros2_ws/install/px4_msgs/include/px4_msgs/px4_msgs/msg/vehicle_land_detected.hpp
[137.503s] -- Installing: /home/wh1te/ros2_ws/install/px4_msgs/include/px4_msgs/px4_msgs/msg/vehicle_local_position_setpoint.hpp
[137.503s] -- Installing: /home/wh1te/ros2_ws/install/px4_msgs/include/px4_msgs/px4_msgs/msg/estimator_event_flags.hpp
[137.503s] -- Installing: /home/wh1te/ros2_ws/install/px4_msgs/include/px4_msgs/px4_msgs/msg/ekf2_timestamps.hpp
[137.503s] -- Installing: /home/wh1te/ros2_ws/install/px4_msgs/include/px4_msgs/px4_msgs/msg/npfg_status.hpp
[137.503s] -- Installing: /home/wh1te/ros2_ws/install/px4_msgs/include/px4_msgs/px4_msgs/msg/gimbal_device_set_attitude.hpp
[137.503s] -- Installing: /home/wh1te/ros2_ws/install/px4_msgs/include/px4_msgs/px4_msgs/msg/qshell_req.hpp
[137.503s] -- Installing: /home/wh1te/ros2_ws/install/px4_msgs/include/px4_msgs/px4_msgs/msg/timesync_status.hpp
[137.503s] -- Installing: /home/wh1te/ros2_ws/install/px4_msgs/include/px4_msgs/px4_msgs/msg/gimbal_manager_set_manual_control.hpp
[137.503s] -- Installing: /home/wh1te/ros2_ws/install/px4_msgs/include/px4_msgs/px4_msgs/msg/estimator_bias3d.hpp
[137.504s] -- Installing: /home/wh1te/ros2_ws/install/px4_msgs/include/px4_msgs/px4_msgs/msg/manual_control_setpoint.hpp
[137.504s] -- Installing: /home/wh1te/ros2_ws/install/px4_msgs/include/px4_msgs/px4_msgs/msg/system_power.hpp
[137.504s] -- Installing: /home/wh1te/ros2_ws/install/px4_msgs/include/px4_msgs/px4_msgs/msg/manual_control_switches.hpp
[137.504s] -- Installing: /home/wh1te/ros2_ws/install/px4_msgs/include/px4_msgs/px4_msgs/msg/generator_status.hpp
[137.504s] -- Installing: /home/wh1te/ros2_ws/install/px4_msgs/include/px4_msgs/px4_msgs/msg/adc_report.hpp
[137.504s] -- Installing: /home/wh1te/ros2_ws/install/px4_msgs/include/px4_msgs/px4_msgs/msg/airspeed_wind.hpp
[137.504s] -- Installing: /home/wh1te/ros2_ws/install/px4_msgs/include/px4_msgs/px4_msgs/msg/sensor_baro.hpp
[137.504s] -- Installing: /home/wh1te/ros2_ws/install/px4_msgs/include/px4_msgs/px4_msgs/msg/sensor_accel_fifo.hpp
[137.504s] -- Installing: /home/wh1te/ros2_ws/install/px4_msgs/include/px4_msgs/px4_msgs/msg/tune_control.hpp
[137.504s] -- Installing: /home/wh1te/ros2_ws/install/px4_msgs/include/px4_msgs/px4_msgs/msg/sensor_accel.hpp
[137.504s] -- Installing: /home/wh1te/ros2_ws/install/px4_msgs/include/px4_msgs/px4_msgs/msg/led_control.hpp
[137.504s] -- Installing: /home/wh1te/ros2_ws/install/px4_msgs/include/px4_msgs/px4_msgs/msg/parameter_update.hpp
[137.504s] -- Installing: /home/wh1te/ros2_ws/install/px4_msgs/include/px4_msgs/px4_msgs/msg/power_button_state.hpp
[137.505s] -- Installing: /home/wh1te/ros2_ws/install/px4_msgs/include/px4_msgs/px4_msgs/msg/vehicle_magnetometer.hpp
[137.505s] -- Installing: /home/wh1te/ros2_ws/install/px4_msgs/include/px4_msgs/px4_msgs/msg/internal_combustion_engine_status.hpp
[137.505s] -- Installing: /home/wh1te/ros2_ws/install/px4_msgs/include/px4_msgs/px4_msgs/msg/vehicle_global_position.hpp
[137.505s] -- Installing: /home/wh1te/ros2_ws/install/px4_msgs/include/px4_msgs/px4_msgs/msg/sensor_gnss_relative.hpp
[137.505s] -- Installing: /home/wh1te/ros2_ws/install/px4_msgs/include/px4_msgs/px4_msgs/msg/orb_test_large.hpp
[137.505s] -- Installing: /home/wh1te/ros2_ws/install/px4_msgs/include/px4_msgs/px4_msgs/msg/actuator_servos.hpp
[137.505s] -- Installing: /home/wh1te/ros2_ws/install/px4_msgs/include/px4_msgs/px4_msgs/msg/trajectory_setpoint.hpp
[137.505s] -- Installing: /home/wh1te/ros2_ws/install/px4_msgs/include/px4_msgs/px4_msgs/msg/vehicle_optical_flow.hpp
[137.505s] -- Installing: /home/wh1te/ros2_ws/install/px4_msgs/include/px4_msgs/px4_msgs/msg/sensor_combined.hpp
[137.505s] -- Installing: /home/wh1te/ros2_ws/install/px4_msgs/include/px4_msgs/px4_msgs/msg/geofence_result.hpp
[137.505s] -- Installing: /home/wh1te/ros2_ws/install/px4_msgs/include/px4_msgs/px4_msgs/msg/vehicle_imu.hpp
[137.505s] -- Installing: /home/wh1te/ros2_ws/install/px4_msgs/include/px4_msgs/px4_msgs/msg/sensors_status.hpp
[137.505s] -- Installing: /home/wh1te/ros2_ws/install/px4_msgs/include/px4_msgs/px4_msgs/msg/sensors_status_imu.hpp
[137.505s] -- Installing: /home/wh1te/ros2_ws/install/px4_msgs/include/px4_msgs/px4_msgs/msg/magnetometer_bias_estimate.hpp
[137.506s] -- Installing: /home/wh1te/ros2_ws/install/px4_msgs/include/px4_msgs/px4_msgs/msg/launch_detection_status.hpp
[137.506s] -- Installing: /home/wh1te/ros2_ws/install/px4_msgs/include/px4_msgs/px4_msgs/msg/estimator_status_flags.hpp
[137.506s] -- Installing: /home/wh1te/ros2_ws/install/px4_msgs/include/px4_msgs/px4_msgs/msg/trajectory_bezier.hpp
[137.506s] -- Installing: /home/wh1te/ros2_ws/install/px4_msgs/include/px4_msgs/px4_msgs/msg/actuator_test.hpp
[137.506s] -- Installing: /home/wh1te/ros2_ws/install/px4_msgs/include/px4_msgs/px4_msgs/msg/home_position.hpp
[137.506s] -- Installing: /home/wh1te/ros2_ws/install/px4_msgs/include/px4_msgs/px4_msgs/msg/rtl_time_estimate.hpp
[137.506s] -- Installing: /home/wh1te/ros2_ws/install/px4_msgs/include/px4_msgs/px4_msgs/msg/vehicle_acceleration.hpp
[137.506s] -- Installing: /home/wh1te/ros2_ws/install/px4_msgs/include/px4_msgs/px4_msgs/msg/esc_report.hpp
[137.506s] -- Installing: /home/wh1te/ros2_ws/install/px4_msgs/include/px4_msgs/px4_msgs/msg/landing_gear_wheel.hpp
[137.506s] -- Installing: /home/wh1te/ros2_ws/install/px4_msgs/include/px4_msgs/px4_msgs/msg/tiltrotor_extra_controls.hpp
[137.506s] -- Installing: /home/wh1te/ros2_ws/install/px4_msgs/include/px4_msgs/px4_msgs/msg/ping.hpp
[137.506s] -- Installing: /home/wh1te/ros2_ws/install/px4_msgs/include/px4_msgs/px4_msgs/msg/power_monitor.hpp
[137.506s] -- Installing: /home/wh1te/ros2_ws/install/px4_msgs/include/px4_msgs/px4_msgs/msg/vtol_vehicle_status.hpp
[137.506s] -- Installing: /home/wh1te/ros2_ws/install/px4_msgs/include/px4_msgs/px4_msgs/msg/collision_report.hpp
[137.507s] -- Installing: /home/wh1te/ros2_ws/install/px4_msgs/include/px4_msgs/px4_msgs/msg/debug_vect.hpp
[137.507s] -- Installing: /home/wh1te/ros2_ws/install/px4_msgs/include/px4_msgs/px4_msgs/msg/rate_ctrl_status.hpp
[137.507s] -- Installing: /home/wh1te/ros2_ws/install/px4_msgs/include/px4_msgs/px4_msgs/msg/airspeed.hpp
[137.507s] -- Installing: /home/wh1te/ros2_ws/install/px4_msgs/include/px4_msgs/px4_msgs/msg/offboard_control_mode.hpp
[137.507s] -- Installing: /home/wh1te/ros2_ws/install/px4_msgs/include/px4_msgs/px4_msgs/msg/vehicle_command_ack.hpp
[137.507s] -- Installing: /home/wh1te/ros2_ws/install/px4_msgs/include/px4_msgs/px4_msgs/msg/orbit_status.hpp
[137.507s] -- Installing: /home/wh1te/ros2_ws/install/px4_msgs/include/px4_msgs/px4_msgs/msg/navigator_mission_item.hpp
[137.507s] -- Installing: /home/wh1te/ros2_ws/install/px4_msgs/include/px4_msgs/px4_msgs/msg/airspeed_validated.hpp
[137.507s] -- Installing: /home/wh1te/ros2_ws/install/px4_msgs/include/px4_msgs/px4_msgs/msg/position_controller_landing_status.hpp
[137.507s] -- Installing: /home/wh1te/ros2_ws/install/px4_msgs/include/px4_msgs/px4_msgs/msg/vehicle_control_mode.hpp
[137.507s] -- Installing: /home/wh1te/ros2_ws/install/px4_msgs/include/px4_msgs/px4_msgs/msg/estimator_states.hpp
[137.507s] -- Installing: /home/wh1te/ros2_ws/install/px4_msgs/include/px4_msgs/px4_msgs/msg/control_allocator_status.hpp
[137.507s] -- Installing: /home/wh1te/ros2_ws/install/px4_msgs/include/px4_msgs/px4_msgs/msg/debug_key_value.hpp
[137.507s] -- Installing: /home/wh1te/ros2_ws/install/px4_msgs/include/px4_msgs/px4_msgs/msg/debug_array.hpp
[137.507s] -- Installing: /home/wh1te/ros2_ws/install/px4_msgs/include/px4_msgs/px4_msgs/msg/sensor_correction.hpp
[137.507s] -- Installing: /home/wh1te/ros2_ws/install/px4_msgs/include/px4_msgs/px4_msgs/msg/vehicle_trajectory_waypoint.hpp
[137.508s] -- Installing: /home/wh1te/ros2_ws/install/px4_msgs/include/px4_msgs/px4_msgs/msg/position_setpoint.hpp
[137.508s] -- Installing: /home/wh1te/ros2_ws/install/px4_msgs/include/px4_msgs/px4_msgs/msg/estimator_innovations.hpp
[137.508s] -- Installing: /home/wh1te/ros2_ws/install/px4_msgs/include/px4_msgs/px4_msgs/msg/actuator_outputs.hpp
[137.508s] -- Installing: /home/wh1te/ros2_ws/install/px4_msgs/include/px4_msgs/px4_msgs/msg/rosidl_generator_cpp__visibility_control.hpp
[137.508s] -- Installing: /home/wh1te/ros2_ws/install/px4_msgs/include/px4_msgs/px4_msgs/msg/estimator_bias.hpp
[137.508s] -- Installing: /home/wh1te/ros2_ws/install/px4_msgs/include/px4_msgs/px4_msgs/msg/distance_sensor.hpp
[137.508s] -- Installing: /home/wh1te/ros2_ws/install/px4_msgs/include/px4_msgs/px4_msgs/msg/gimbal_controls.hpp
[137.508s] -- Installing: /home/wh1te/ros2_ws/install/px4_msgs/include/px4_msgs/px4_msgs/msg/mag_worker_data.hpp
[137.508s] -- Installing: /home/wh1te/ros2_ws/install/px4_msgs/include/px4_msgs/px4_msgs/msg/landing_target_pose.hpp
[137.508s] -- Installing: /home/wh1te/ros2_ws/install/px4_msgs/include/px4_msgs/px4_msgs/msg/vehicle_local_position.hpp
[137.508s] -- Installing: /home/wh1te/ros2_ws/install/px4_msgs/include/px4_msgs/px4_msgs/msg/follow_target_estimator.hpp
[137.508s] -- Installing: /home/wh1te/ros2_ws/install/px4_msgs/include/px4_msgs/px4_msgs/msg/vehicle_imu_status.hpp
[137.508s] -- Installing: /home/wh1te/ros2_ws/install/px4_msgs/include/px4_msgs/px4_msgs/msg/action_request.hpp
[137.508s] -- Installing: /home/wh1te/ros2_ws/install/px4_msgs/include/px4_msgs/px4_msgs/msg/cellular_status.hpp
[137.509s] -- Installing: /home/wh1te/ros2_ws/install/px4_msgs/include/px4_msgs/px4_msgs/msg/camera_status.hpp
[137.509s] -- Installing: /home/wh1te/ros2_ws/install/px4_msgs/include/px4_msgs/px4_msgs/msg/sensor_gyro_fft.hpp
[137.509s] -- Installing: /home/wh1te/ros2_ws/install/px4_msgs/include/px4_msgs/px4_msgs/msg/mode_completed.hpp
[137.509s] -- Installing: /home/wh1te/ros2_ws/install/px4_msgs/include/px4_msgs/px4_msgs/msg/takeoff_status.hpp
[137.509s] -- Installing: /home/wh1te/ros2_ws/install/px4_msgs/include/px4_msgs/px4_msgs/msg/qshell_retval.hpp
[137.509s] -- Installing: /home/wh1te/ros2_ws/install/px4_msgs/include/px4_msgs/px4_msgs/msg/rpm.hpp
[137.509s] -- Installing: /home/wh1te/ros2_ws/install/px4_msgs/include/px4_msgs/px4_msgs/msg/button_event.hpp
[137.509s] -- Installing: /home/wh1te/ros2_ws/install/px4_msgs/include/px4_msgs/px4_msgs/msg/telemetry_status.hpp
[137.509s] -- Installing: /home/wh1te/ros2_ws/install/px4_msgs/include/px4_msgs/px4_msgs/msg/tecs_status.hpp
[137.509s] -- Installing: /home/wh1te/ros2_ws/install/px4_msgs/include/px4_msgs/px4_msgs/msg/vehicle_air_data.hpp
[137.509s] -- Installing: /home/wh1te/ros2_ws/install/px4_msgs/include/px4_msgs/px4_msgs/msg/mavlink_log.hpp
[137.509s] -- Installing: /home/wh1te/ros2_ws/install/px4_msgs/include/px4_msgs/px4_msgs/msg/health_report.hpp
[137.509s] -- Installing: /home/wh1te/ros2_ws/install/px4_msgs/include/px4_msgs/px4_msgs/msg/vehicle_odometry.hpp
[137.509s] -- Installing: /home/wh1te/ros2_ws/install/px4_msgs/include/px4_msgs/px4_msgs/msg/gimbal_manager_set_attitude.hpp
[137.509s] -- Installing: /home/wh1te/ros2_ws/install/px4_msgs/include/px4_msgs/px4_msgs/msg/vehicle_angular_velocity.hpp
[137.510s] -- Installing: /home/wh1te/ros2_ws/install/px4_msgs/include/px4_msgs/px4_msgs/msg/irlock_report.hpp
[137.510s] -- Installing: /home/wh1te/ros2_ws/install/px4_msgs/include/px4_msgs/px4_msgs/msg/gimbal_device_information.hpp
[137.510s] -- Installing: /home/wh1te/ros2_ws/install/px4_msgs/include/px4_msgs/px4_msgs/msg/sensor_gyro.hpp
[137.510s] -- Installing: /home/wh1te/ros2_ws/install/px4_msgs/include/px4_msgs/px4_msgs/msg/estimator_aid_source3d.hpp
[137.510s] -- Installing: /home/wh1te/ros2_ws/install/px4_msgs/include/px4_msgs/px4_msgs/msg/wind.hpp
[137.510s] -- Installing: /home/wh1te/ros2_ws/install/px4_msgs/include/px4_msgs/px4_msgs/msg/sensor_gps.hpp
[137.510s] -- Installing: /home/wh1te/ros2_ws/install/px4_msgs/include/px4_msgs/px4_msgs/msg/vehicle_rates_setpoint.hpp
[137.510s] -- Installing: /home/wh1te/ros2_ws/install/px4_msgs/include/px4_msgs/px4_msgs/msg/gps_inject_data.hpp
[137.510s] -- Installing: /home/wh1te/ros2_ws/install/px4_msgs/include/px4_msgs/px4_msgs/msg/mission_result.hpp
[137.510s] -- Installing: /home/wh1te/ros2_ws/install/px4_msgs/include/px4_msgs/px4_msgs/msg/pwm_input.hpp
[137.510s] -- Installing: /home/wh1te/ros2_ws/install/px4_msgs/include/px4_msgs/px4_msgs/msg/estimator_status.hpp
[137.510s] -- Installing: /home/wh1te/ros2_ws/install/px4_msgs/include/px4_msgs/px4_msgs/msg/vehicle_thrust_setpoint.hpp
[137.511s] -- Installing: /home/wh1te/ros2_ws/install/px4_msgs/include/px4_msgs/px4_msgs/msg/hover_thrust_estimate.hpp
[137.511s] -- Installing: /home/wh1te/ros2_ws/install/px4_msgs/include/px4_msgs/px4_msgs/msg/sensor_preflight_mag.hpp
[137.511s] -- Installing: /home/wh1te/ros2_ws/install/px4_msgs/include/px4_msgs/px4_msgs/msg/yaw_estimator_status.hpp
[137.511s] -- Installing: /home/wh1te/ros2_ws/install/px4_msgs/include/px4_msgs/px4_msgs/msg/position_controller_status.hpp
[137.511s] -- Installing: /home/wh1te/ros2_ws/install/px4_msgs/include/px4_msgs/px4_msgs/msg/differential_pressure.hpp
[137.511s] -- Installing: /home/wh1te/ros2_ws/install/px4_msgs/include/px4_msgs/px4_msgs/msg/vehicle_command.hpp
[137.511s] -- Installing: /home/wh1te/ros2_ws/install/px4_msgs/include/px4_msgs/px4_msgs/msg/vehicle_optical_flow_vel.hpp
[137.511s] -- Installing: /home/wh1te/ros2_ws/install/px4_msgs/include/px4_msgs/px4_msgs/msg/cpuload.hpp
[137.511s] -- Installing: /home/wh1te/ros2_ws/install/px4_msgs/include/px4_msgs/px4_msgs/msg/sensor_gyro_fifo.hpp
[137.511s] -- Installing: /home/wh1te/ros2_ws/install/px4_msgs/include/px4_msgs/px4_msgs/msg/esc_status.hpp
[137.511s] -- Installing: /home/wh1te/ros2_ws/install/px4_msgs/include/px4_msgs/px4_msgs/msg/event.hpp
[137.511s] -- Installing: /home/wh1te/ros2_ws/install/px4_msgs/include/px4_msgs/px4_msgs/msg/gimbal_manager_information.hpp
[137.511s] -- Installing: /home/wh1te/ros2_ws/install/px4_msgs/include/px4_msgs/px4_msgs/msg/logger_status.hpp
[137.511s] -- Installing: /home/wh1te/ros2_ws/install/px4_msgs/include/px4_msgs/px4_msgs/msg/estimator_sensor_bias.hpp
[137.511s] -- Installing: /home/wh1te/ros2_ws/install/px4_msgs/include/px4_msgs/px4_msgs/msg/gimbal_manager_status.hpp
[137.512s] -- Installing: /home/wh1te/ros2_ws/install/px4_msgs/include/px4_msgs/px4_msgs/msg/failsafe_flags.hpp
[137.512s] -- Installing: /home/wh1te/ros2_ws/install/px4_msgs/include/px4_msgs/px4_msgs/msg/actuator_armed.hpp
[137.512s] -- Installing: /home/wh1te/ros2_ws/install/px4_msgs/include/px4_msgs/px4_msgs/msg/vehicle_trajectory_bezier.hpp
[137.512s] -- Installing: /home/wh1te/ros2_ws/install/px4_msgs/include/px4_msgs/px4_msgs/msg/orb_test.hpp
[137.512s] -- Installing: /home/wh1te/ros2_ws/install/px4_msgs/include/px4_msgs/px4_msgs/msg/obstacle_distance.hpp
[137.512s] -- Installing: /home/wh1te/ros2_ws/install/px4_msgs/include/px4_msgs/px4_msgs/msg/pps_capture.hpp
[137.512s] -- Installing: /home/wh1te/ros2_ws/install/px4_msgs/include/px4_msgs/px4_msgs/msg/gimbal_device_attitude_status.hpp
[137.512s] -- Installing: /home/wh1te/ros2_ws/install/px4_msgs/include/px4_msgs/px4_msgs/msg/sensor_mag.hpp
[137.512s] -- Installing: /home/wh1te/ros2_ws/install/px4_msgs/include/px4_msgs/px4_msgs/msg/camera_trigger.hpp
[137.512s] -- Installing: /home/wh1te/ros2_ws/install/px4_msgs/include/px4_msgs/px4_msgs/msg/sensor_optical_flow.hpp
[137.512s] -- Installing: /home/wh1te/ros2_ws/install/px4_msgs/include/px4_msgs/px4_msgs/msg/ulog_stream.hpp
[137.512s] -- Installing: /home/wh1te/ros2_ws/install/px4_msgs/include/px4_msgs/px4_msgs/msg/battery_status.hpp
[137.512s] -- Installing: /home/wh1te/ros2_ws/install/px4_msgs/include/px4_msgs/px4_msgs/msg/sensor_selection.hpp
[137.512s] -- Installing: /home/wh1te/ros2_ws/install/px4_msgs/include/px4_msgs/px4_msgs/msg/landing_target_innovations.hpp
[137.512s] -- Installing: /home/wh1te/ros2_ws/install/px4_msgs/include/px4_msgs/px4_msgs/msg/gripper.hpp
[137.513s] -- Up-to-date: /home/wh1te/ros2_ws/install/px4_msgs/include/px4_msgs/px4_msgs
[137.513s] -- Up-to-date: /home/wh1te/ros2_ws/install/px4_msgs/include/px4_msgs/px4_msgs/msg
[137.513s] -- Up-to-date: /home/wh1te/ros2_ws/install/px4_msgs/include/px4_msgs/px4_msgs/msg/detail
[137.513s] -- Installing: /home/wh1te/ros2_ws/install/px4_msgs/include/px4_msgs/px4_msgs/msg/detail/vehicle_odometry__rosidl_typesupport_fastrtps_cpp.hpp
[137.513s] -- Installing: /home/wh1te/ros2_ws/install/px4_msgs/include/px4_msgs/px4_msgs/msg/detail/vehicle_torque_setpoint__rosidl_typesupport_fastrtps_cpp.hpp
[137.513s] -- Installing: /home/wh1te/ros2_ws/install/px4_msgs/include/px4_msgs/px4_msgs/msg/detail/control_allocator_status__rosidl_typesupport_fastrtps_cpp.hpp
[137.513s] -- Installing: /home/wh1te/ros2_ws/install/px4_msgs/include/px4_msgs/px4_msgs/msg/detail/vehicle_status__rosidl_typesupport_fastrtps_cpp.hpp
[137.513s] -- Installing: /home/wh1te/ros2_ws/install/px4_msgs/include/px4_msgs/px4_msgs/msg/detail/estimator_event_flags__rosidl_typesupport_fastrtps_cpp.hpp
[137.513s] -- Installing: /home/wh1te/ros2_ws/install/px4_msgs/include/px4_msgs/px4_msgs/msg/detail/vehicle_roi__rosidl_typesupport_fastrtps_cpp.hpp
[137.513s] -- Installing: /home/wh1te/ros2_ws/install/px4_msgs/include/px4_msgs/px4_msgs/msg/detail/system_power__rosidl_typesupport_fastrtps_cpp.hpp
[137.513s] -- Installing: /home/wh1te/ros2_ws/install/px4_msgs/include/px4_msgs/px4_msgs/msg/detail/trajectory_bezier__rosidl_typesupport_fastrtps_cpp.hpp
[137.514s] -- Installing: /home/wh1te/ros2_ws/install/px4_msgs/include/px4_msgs/px4_msgs/msg/detail/ulog_stream_ack__rosidl_typesupport_fastrtps_cpp.hpp
[137.514s] -- Installing: /home/wh1te/ros2_ws/install/px4_msgs/include/px4_msgs/px4_msgs/msg/detail/camera_capture__rosidl_typesupport_fastrtps_cpp.hpp
[137.514s] -- Installing: /home/wh1te/ros2_ws/install/px4_msgs/include/px4_msgs/px4_msgs/msg/detail/estimator_gps_status__rosidl_typesupport_fastrtps_cpp.hpp
[137.514s] -- Installing: /home/wh1te/ros2_ws/install/px4_msgs/include/px4_msgs/px4_msgs/msg/detail/actuator_servos_trim__rosidl_typesupport_fastrtps_cpp.hpp
[137.514s] -- Installing: /home/wh1te/ros2_ws/install/px4_msgs/include/px4_msgs/px4_msgs/msg/detail/esc_report__rosidl_typesupport_fastrtps_cpp.hpp
[137.514s] -- Installing: /home/wh1te/ros2_ws/install/px4_msgs/include/px4_msgs/px4_msgs/msg/detail/vehicle_local_position_setpoint__rosidl_typesupport_fastrtps_cpp.hpp
[137.514s] -- Installing: /home/wh1te/ros2_ws/install/px4_msgs/include/px4_msgs/px4_msgs/msg/detail/sensor_gyro_fifo__rosidl_typesupport_fastrtps_cpp.hpp
[137.514s] -- Installing: /home/wh1te/ros2_ws/install/px4_msgs/include/px4_msgs/px4_msgs/msg/detail/vehicle_acceleration__rosidl_typesupport_fastrtps_cpp.hpp
[137.514s] -- Installing: /home/wh1te/ros2_ws/install/px4_msgs/include/px4_msgs/px4_msgs/msg/detail/sensor_correction__rosidl_typesupport_fastrtps_cpp.hpp
[137.514s] -- Installing: /home/wh1te/ros2_ws/install/px4_msgs/include/px4_msgs/px4_msgs/msg/detail/actuator_servos__rosidl_typesupport_fastrtps_cpp.hpp
[137.514s] -- Installing: /home/wh1te/ros2_ws/install/px4_msgs/include/px4_msgs/px4_msgs/msg/detail/orb_test__rosidl_typesupport_fastrtps_cpp.hpp
[137.514s] -- Installing: /home/wh1te/ros2_ws/install/px4_msgs/include/px4_msgs/px4_msgs/msg/detail/ekf2_timestamps__rosidl_typesupport_fastrtps_cpp.hpp
[137.514s] -- Installing: /home/wh1te/ros2_ws/install/px4_msgs/include/px4_msgs/px4_msgs/msg/detail/offboard_control_mode__rosidl_typesupport_fastrtps_cpp.hpp
[137.514s] -- Installing: /home/wh1te/ros2_ws/install/px4_msgs/include/px4_msgs/px4_msgs/msg/detail/manual_control_setpoint__rosidl_typesupport_fastrtps_cpp.hpp
[137.514s] -- Installing: /home/wh1te/ros2_ws/install/px4_msgs/include/px4_msgs/px4_msgs/msg/detail/vehicle_control_mode__rosidl_typesupport_fastrtps_cpp.hpp
[137.515s] -- Installing: /home/wh1te/ros2_ws/install/px4_msgs/include/px4_msgs/px4_msgs/msg/detail/vehicle_angular_acceleration_setpoint__rosidl_typesupport_fastrtps_cpp.hpp
[137.515s] -- Installing: /home/wh1te/ros2_ws/install/px4_msgs/include/px4_msgs/px4_msgs/msg/detail/failsafe_flags__rosidl_typesupport_fastrtps_cpp.hpp
[137.515s] -- Installing: /home/wh1te/ros2_ws/install/px4_msgs/include/px4_msgs/px4_msgs/msg/detail/satellite_info__rosidl_typesupport_fastrtps_cpp.hpp
[137.515s] -- Installing: /home/wh1te/ros2_ws/install/px4_msgs/include/px4_msgs/px4_msgs/msg/detail/vehicle_rates_setpoint__rosidl_typesupport_fastrtps_cpp.hpp
[137.515s] -- Installing: /home/wh1te/ros2_ws/install/px4_msgs/include/px4_msgs/px4_msgs/msg/detail/gps_inject_data__rosidl_typesupport_fastrtps_cpp.hpp
[137.515s] -- Installing: /home/wh1te/ros2_ws/install/px4_msgs/include/px4_msgs/px4_msgs/msg/detail/position_setpoint_triplet__rosidl_typesupport_fastrtps_cpp.hpp
[137.515s] -- Installing: /home/wh1te/ros2_ws/install/px4_msgs/include/px4_msgs/px4_msgs/msg/detail/trajectory_setpoint__rosidl_typesupport_fastrtps_cpp.hpp
[137.515s] -- Installing: /home/wh1te/ros2_ws/install/px4_msgs/include/px4_msgs/px4_msgs/msg/detail/actuator_outputs__rosidl_typesupport_fastrtps_cpp.hpp
[137.515s] -- Installing: /home/wh1te/ros2_ws/install/px4_msgs/include/px4_msgs/px4_msgs/msg/detail/sensor_combined__rosidl_typesupport_fastrtps_cpp.hpp
[137.515s] -- Installing: /home/wh1te/ros2_ws/install/px4_msgs/include/px4_msgs/px4_msgs/msg/detail/sensor_baro__rosidl_typesupport_fastrtps_cpp.hpp
[137.515s] -- Installing: /home/wh1te/ros2_ws/install/px4_msgs/include/px4_msgs/px4_msgs/msg/detail/uavcan_parameter_value__rosidl_typesupport_fastrtps_cpp.hpp
[137.515s] -- Installing: /home/wh1te/ros2_ws/install/px4_msgs/include/px4_msgs/px4_msgs/msg/detail/collision_constraints__rosidl_typesupport_fastrtps_cpp.hpp
[137.515s] -- Installing: /home/wh1te/ros2_ws/install/px4_msgs/include/px4_msgs/px4_msgs/msg/detail/rpm__rosidl_typesupport_fastrtps_cpp.hpp
[137.515s] -- Installing: /home/wh1te/ros2_ws/install/px4_msgs/include/px4_msgs/px4_msgs/msg/detail/mag_worker_data__rosidl_typesupport_fastrtps_cpp.hpp
[137.515s] -- Installing: /home/wh1te/ros2_ws/install/px4_msgs/include/px4_msgs/px4_msgs/msg/detail/vehicle_thrust_setpoint__rosidl_typesupport_fastrtps_cpp.hpp
[137.516s] -- Installing: /home/wh1te/ros2_ws/install/px4_msgs/include/px4_msgs/px4_msgs/msg/detail/airspeed_wind__rosidl_typesupport_fastrtps_cpp.hpp
[137.516s] -- Installing: /home/wh1te/ros2_ws/install/px4_msgs/include/px4_msgs/px4_msgs/msg/detail/estimator_innovations__rosidl_typesupport_fastrtps_cpp.hpp
[137.516s] -- Installing: /home/wh1te/ros2_ws/install/px4_msgs/include/px4_msgs/px4_msgs/msg/detail/sensor_gyro__rosidl_typesupport_fastrtps_cpp.hpp
[137.516s] -- Installing: /home/wh1te/ros2_ws/install/px4_msgs/include/px4_msgs/px4_msgs/msg/detail/sensor_preflight_mag__rosidl_typesupport_fastrtps_cpp.hpp
[137.516s] -- Installing: /home/wh1te/ros2_ws/install/px4_msgs/include/px4_msgs/px4_msgs/msg/detail/ping__rosidl_typesupport_fastrtps_cpp.hpp
[137.516s] -- Installing: /home/wh1te/ros2_ws/install/px4_msgs/include/px4_msgs/px4_msgs/msg/detail/qshell_retval__rosidl_typesupport_fastrtps_cpp.hpp
[137.516s] -- Installing: /home/wh1te/ros2_ws/install/px4_msgs/include/px4_msgs/px4_msgs/msg/detail/timesync_status__rosidl_typesupport_fastrtps_cpp.hpp
[137.516s] -- Installing: /home/wh1te/ros2_ws/install/px4_msgs/include/px4_msgs/px4_msgs/msg/detail/wind__rosidl_typesupport_fastrtps_cpp.hpp
[137.516s] -- Installing: /home/wh1te/ros2_ws/install/px4_msgs/include/px4_msgs/px4_msgs/msg/detail/navigator_mission_item__rosidl_typesupport_fastrtps_cpp.hpp
[137.516s] -- Installing: /home/wh1te/ros2_ws/install/px4_msgs/include/px4_msgs/px4_msgs/msg/detail/normalized_unsigned_setpoint__rosidl_typesupport_fastrtps_cpp.hpp
[137.516s] -- Installing: /home/wh1te/ros2_ws/install/px4_msgs/include/px4_msgs/px4_msgs/msg/detail/vehicle_optical_flow__rosidl_typesupport_fastrtps_cpp.hpp
[137.516s] -- Installing: /home/wh1te/ros2_ws/install/px4_msgs/include/px4_msgs/px4_msgs/msg/detail/tune_control__rosidl_typesupport_fastrtps_cpp.hpp
[137.516s] -- Installing: /home/wh1te/ros2_ws/install/px4_msgs/include/px4_msgs/px4_msgs/msg/detail/estimator_aid_source2d__rosidl_typesupport_fastrtps_cpp.hpp
[137.516s] -- Installing: /home/wh1te/ros2_ws/install/px4_msgs/include/px4_msgs/px4_msgs/msg/detail/vehicle_trajectory_waypoint__rosidl_typesupport_fastrtps_cpp.hpp
[137.516s] -- Installing: /home/wh1te/ros2_ws/install/px4_msgs/include/px4_msgs/px4_msgs/msg/detail/vehicle_command_ack__rosidl_typesupport_fastrtps_cpp.hpp
[137.517s] -- Installing: /home/wh1te/ros2_ws/install/px4_msgs/include/px4_msgs/px4_msgs/msg/detail/gimbal_manager_information__rosidl_typesupport_fastrtps_cpp.hpp
[137.517s] -- Installing: /home/wh1te/ros2_ws/install/px4_msgs/include/px4_msgs/px4_msgs/msg/detail/uavcan_parameter_request__rosidl_typesupport_fastrtps_cpp.hpp
[137.517s] -- Installing: /home/wh1te/ros2_ws/install/px4_msgs/include/px4_msgs/px4_msgs/msg/detail/airspeed__rosidl_typesupport_fastrtps_cpp.hpp
[137.517s] -- Installing: /home/wh1te/ros2_ws/install/px4_msgs/include/px4_msgs/px4_msgs/msg/detail/magnetometer_bias_estimate__rosidl_typesupport_fastrtps_cpp.hpp
[137.517s] -- Installing: /home/wh1te/ros2_ws/install/px4_msgs/include/px4_msgs/px4_msgs/msg/detail/onboard_computer_status__rosidl_typesupport_fastrtps_cpp.hpp
[137.517s] -- Installing: /home/wh1te/ros2_ws/install/px4_msgs/include/px4_msgs/px4_msgs/msg/detail/task_stack_info__rosidl_typesupport_fastrtps_cpp.hpp
[137.517s] -- Installing: /home/wh1te/ros2_ws/install/px4_msgs/include/px4_msgs/px4_msgs/msg/detail/orbit_status__rosidl_typesupport_fastrtps_cpp.hpp
[137.517s] -- Installing: /home/wh1te/ros2_ws/install/px4_msgs/include/px4_msgs/px4_msgs/msg/detail/estimator_bias3d__rosidl_typesupport_fastrtps_cpp.hpp
[137.517s] -- Installing: /home/wh1te/ros2_ws/install/px4_msgs/include/px4_msgs/px4_msgs/msg/detail/sensor_gnss_relative__rosidl_typesupport_fastrtps_cpp.hpp
[137.517s] -- Installing: /home/wh1te/ros2_ws/install/px4_msgs/include/px4_msgs/px4_msgs/msg/detail/vehicle_command__rosidl_typesupport_fastrtps_cpp.hpp
[137.517s] -- Installing: /home/wh1te/ros2_ws/install/px4_msgs/include/px4_msgs/px4_msgs/msg/detail/sensor_gps__rosidl_typesupport_fastrtps_cpp.hpp
[137.517s] -- Installing: /home/wh1te/ros2_ws/install/px4_msgs/include/px4_msgs/px4_msgs/msg/detail/obstacle_distance__rosidl_typesupport_fastrtps_cpp.hpp
[137.517s] -- Installing: /home/wh1te/ros2_ws/install/px4_msgs/include/px4_msgs/px4_msgs/msg/detail/telemetry_status__rosidl_typesupport_fastrtps_cpp.hpp
[137.517s] -- Installing: /home/wh1te/ros2_ws/install/px4_msgs/include/px4_msgs/px4_msgs/msg/detail/action_request__rosidl_typesupport_fastrtps_cpp.hpp
[137.517s] -- Installing: /home/wh1te/ros2_ws/install/px4_msgs/include/px4_msgs/px4_msgs/msg/detail/log_message__rosidl_typesupport_fastrtps_cpp.hpp
[137.518s] -- Installing: /home/wh1te/ros2_ws/install/px4_msgs/include/px4_msgs/px4_msgs/msg/detail/pwm_input__rosidl_typesupport_fastrtps_cpp.hpp
[137.518s] -- Installing: /home/wh1te/ros2_ws/install/px4_msgs/include/px4_msgs/px4_msgs/msg/detail/npfg_status__rosidl_typesupport_fastrtps_cpp.hpp
[137.518s] -- Installing: /home/wh1te/ros2_ws/install/px4_msgs/include/px4_msgs/px4_msgs/msg/detail/dds_fastrtps
[137.518s] -- Installing: /home/wh1te/ros2_ws/install/px4_msgs/include/px4_msgs/px4_msgs/msg/detail/esc_status__rosidl_typesupport_fastrtps_cpp.hpp
[137.518s] -- Installing: /home/wh1te/ros2_ws/install/px4_msgs/include/px4_msgs/px4_msgs/msg/detail/vehicle_attitude__rosidl_typesupport_fastrtps_cpp.hpp
[137.518s] -- Installing: /home/wh1te/ros2_ws/install/px4_msgs/include/px4_msgs/px4_msgs/msg/detail/vehicle_imu__rosidl_typesupport_fastrtps_cpp.hpp
[137.518s] -- Installing: /home/wh1te/ros2_ws/install/px4_msgs/include/px4_msgs/px4_msgs/msg/detail/sensors_status__rosidl_typesupport_fastrtps_cpp.hpp
[137.518s] -- Installing: /home/wh1te/ros2_ws/install/px4_msgs/include/px4_msgs/px4_msgs/msg/detail/transponder_report__rosidl_typesupport_fastrtps_cpp.hpp
[137.518s] -- Installing: /home/wh1te/ros2_ws/install/px4_msgs/include/px4_msgs/px4_msgs/msg/detail/heater_status__rosidl_typesupport_fastrtps_cpp.hpp
[137.518s] -- Installing: /home/wh1te/ros2_ws/install/px4_msgs/include/px4_msgs/px4_msgs/msg/detail/battery_status__rosidl_typesupport_fastrtps_cpp.hpp
[137.518s] -- Installing: /home/wh1te/ros2_ws/install/px4_msgs/include/px4_msgs/px4_msgs/msg/detail/airspeed_validated__rosidl_typesupport_fastrtps_cpp.hpp
[137.518s] -- Installing: /home/wh1te/ros2_ws/install/px4_msgs/include/px4_msgs/px4_msgs/msg/detail/sensor_uwb__rosidl_typesupport_fastrtps_cpp.hpp
[137.519s] -- Installing: /home/wh1te/ros2_ws/install/px4_msgs/include/px4_msgs/px4_msgs/msg/detail/event__rosidl_typesupport_fastrtps_cpp.hpp
[137.519s] -- Installing: /home/wh1te/ros2_ws/install/px4_msgs/include/px4_msgs/px4_msgs/msg/detail/sensor_gyro_fft__rosidl_typesupport_fastrtps_cpp.hpp
[137.519s] -- Installing: /home/wh1te/ros2_ws/install/px4_msgs/include/px4_msgs/px4_msgs/msg/detail/gimbal_manager_set_attitude__rosidl_typesupport_fastrtps_cpp.hpp
[137.519s] -- Installing: /home/wh1te/ros2_ws/install/px4_msgs/include/px4_msgs/px4_msgs/msg/detail/takeoff_status__rosidl_typesupport_fastrtps_cpp.hpp
[137.519s] -- Installing: /home/wh1te/ros2_ws/install/px4_msgs/include/px4_msgs/px4_msgs/msg/detail/launch_detection_status__rosidl_typesupport_fastrtps_cpp.hpp
[137.519s] -- Installing: /home/wh1te/ros2_ws/install/px4_msgs/include/px4_msgs/px4_msgs/msg/detail/mavlink_log__rosidl_typesupport_fastrtps_cpp.hpp
[137.519s] -- Installing: /home/wh1te/ros2_ws/install/px4_msgs/include/px4_msgs/px4_msgs/msg/detail/actuator_armed__rosidl_typesupport_fastrtps_cpp.hpp
[137.519s] -- Installing: /home/wh1te/ros2_ws/install/px4_msgs/include/px4_msgs/px4_msgs/msg/detail/mount_orientation__rosidl_typesupport_fastrtps_cpp.hpp
[137.519s] -- Installing: /home/wh1te/ros2_ws/install/px4_msgs/include/px4_msgs/px4_msgs/msg/detail/power_button_state__rosidl_typesupport_fastrtps_cpp.hpp
[137.519s] -- Installing: /home/wh1te/ros2_ws/install/px4_msgs/include/px4_msgs/px4_msgs/msg/detail/vehicle_imu_status__rosidl_typesupport_fastrtps_cpp.hpp
[137.519s] -- Installing: /home/wh1te/ros2_ws/install/px4_msgs/include/px4_msgs/px4_msgs/msg/detail/sensor_accel__rosidl_typesupport_fastrtps_cpp.hpp
[137.519s] -- Installing: /home/wh1te/ros2_ws/install/px4_msgs/include/px4_msgs/px4_msgs/msg/detail/actuator_controls_status__rosidl_typesupport_fastrtps_cpp.hpp
[137.519s] -- Installing: /home/wh1te/ros2_ws/install/px4_msgs/include/px4_msgs/px4_msgs/msg/detail/estimator_selector_status__rosidl_typesupport_fastrtps_cpp.hpp
[137.519s] -- Installing: /home/wh1te/ros2_ws/install/px4_msgs/include/px4_msgs/px4_msgs/msg/detail/px4io_status__rosidl_typesupport_fastrtps_cpp.hpp
[137.519s] -- Installing: /home/wh1te/ros2_ws/install/px4_msgs/include/px4_msgs/px4_msgs/msg/detail/gripper__rosidl_typesupport_fastrtps_cpp.hpp
[137.520s] -- Installing: /home/wh1te/ros2_ws/install/px4_msgs/include/px4_msgs/px4_msgs/msg/detail/actuator_test__rosidl_typesupport_fastrtps_cpp.hpp
[137.520s] -- Installing: /home/wh1te/ros2_ws/install/px4_msgs/include/px4_msgs/px4_msgs/msg/detail/cellular_status__rosidl_typesupport_fastrtps_cpp.hpp
[137.520s] -- Installing: /home/wh1te/ros2_ws/install/px4_msgs/include/px4_msgs/px4_msgs/msg/detail/mode_completed__rosidl_typesupport_fastrtps_cpp.hpp
[137.520s] -- Installing: /home/wh1te/ros2_ws/install/px4_msgs/include/px4_msgs/px4_msgs/msg/detail/yaw_estimator_status__rosidl_typesupport_fastrtps_cpp.hpp
[137.520s] -- Installing: /home/wh1te/ros2_ws/install/px4_msgs/include/px4_msgs/px4_msgs/msg/detail/debug_key_value__rosidl_typesupport_fastrtps_cpp.hpp
[137.520s] -- Installing: /home/wh1te/ros2_ws/install/px4_msgs/include/px4_msgs/px4_msgs/msg/detail/manual_control_switches__rosidl_typesupport_fastrtps_cpp.hpp
[137.520s] -- Installing: /home/wh1te/ros2_ws/install/px4_msgs/include/px4_msgs/px4_msgs/msg/detail/estimator_aid_source1d__rosidl_typesupport_fastrtps_cpp.hpp
[137.520s] -- Installing: /home/wh1te/ros2_ws/install/px4_msgs/include/px4_msgs/px4_msgs/msg/detail/power_monitor__rosidl_typesupport_fastrtps_cpp.hpp
[137.520s] -- Installing: /home/wh1te/ros2_ws/install/px4_msgs/include/px4_msgs/px4_msgs/msg/detail/vehicle_magnetometer__rosidl_typesupport_fastrtps_cpp.hpp
[137.520s] -- Installing: /home/wh1te/ros2_ws/install/px4_msgs/include/px4_msgs/px4_msgs/msg/detail/vehicle_land_detected__rosidl_typesupport_fastrtps_cpp.hpp
[137.520s] -- Installing: /home/wh1te/ros2_ws/install/px4_msgs/include/px4_msgs/px4_msgs/msg/detail/vehicle_attitude_setpoint__rosidl_typesupport_fastrtps_cpp.hpp
[137.520s] -- Installing: /home/wh1te/ros2_ws/install/px4_msgs/include/px4_msgs/px4_msgs/msg/detail/position_setpoint__rosidl_typesupport_fastrtps_cpp.hpp
[137.520s] -- Installing: /home/wh1te/ros2_ws/install/px4_msgs/include/px4_msgs/px4_msgs/msg/detail/input_rc__rosidl_typesupport_fastrtps_cpp.hpp
[137.520s] -- Installing: /home/wh1te/ros2_ws/install/px4_msgs/include/px4_msgs/px4_msgs/msg/detail/gimbal_manager_set_manual_control__rosidl_typesupport_fastrtps_cpp.hpp
[137.520s] -- Installing: /home/wh1te/ros2_ws/install/px4_msgs/include/px4_msgs/px4_msgs/msg/detail/irlock_report__rosidl_typesupport_fastrtps_cpp.hpp
[137.521s] -- Installing: /home/wh1te/ros2_ws/install/px4_msgs/include/px4_msgs/px4_msgs/msg/detail/position_controller_status__rosidl_typesupport_fastrtps_cpp.hpp
[137.521s] -- Installing: /home/wh1te/ros2_ws/install/px4_msgs/include/px4_msgs/px4_msgs/msg/detail/vehicle_trajectory_bezier__rosidl_typesupport_fastrtps_cpp.hpp
[137.521s] -- Installing: /home/wh1te/ros2_ws/install/px4_msgs/include/px4_msgs/px4_msgs/msg/detail/geofence_result__rosidl_typesupport_fastrtps_cpp.hpp
[137.521s] -- Installing: /home/wh1te/ros2_ws/install/px4_msgs/include/px4_msgs/px4_msgs/msg/detail/sensor_accel_fifo__rosidl_typesupport_fastrtps_cpp.hpp
[137.521s] -- Installing: /home/wh1te/ros2_ws/install/px4_msgs/include/px4_msgs/px4_msgs/msg/detail/tiltrotor_extra_controls__rosidl_typesupport_fastrtps_cpp.hpp
[137.521s] -- Installing: /home/wh1te/ros2_ws/install/px4_msgs/include/px4_msgs/px4_msgs/msg/detail/vtol_vehicle_status__rosidl_typesupport_fastrtps_cpp.hpp
[137.521s] -- Installing: /home/wh1te/ros2_ws/install/px4_msgs/include/px4_msgs/px4_msgs/msg/detail/camera_trigger__rosidl_typesupport_fastrtps_cpp.hpp
[137.521s] -- Installing: /home/wh1te/ros2_ws/install/px4_msgs/include/px4_msgs/px4_msgs/msg/detail/landing_gear__rosidl_typesupport_fastrtps_cpp.hpp
[137.521s] -- Installing: /home/wh1te/ros2_ws/install/px4_msgs/include/px4_msgs/px4_msgs/msg/detail/vehicle_optical_flow_vel__rosidl_typesupport_fastrtps_cpp.hpp
[137.521s] -- Installing: /home/wh1te/ros2_ws/install/px4_msgs/include/px4_msgs/px4_msgs/msg/detail/estimator_sensor_bias__rosidl_typesupport_fastrtps_cpp.hpp
[137.521s] -- Installing: /home/wh1te/ros2_ws/install/px4_msgs/include/px4_msgs/px4_msgs/msg/detail/sensors_status_imu__rosidl_typesupport_fastrtps_cpp.hpp
[137.521s] -- Installing: /home/wh1te/ros2_ws/install/px4_msgs/include/px4_msgs/px4_msgs/msg/detail/vehicle_air_data__rosidl_typesupport_fastrtps_cpp.hpp
[137.521s] -- Installing: /home/wh1te/ros2_ws/install/px4_msgs/include/px4_msgs/px4_msgs/msg/detail/differential_pressure__rosidl_typesupport_fastrtps_cpp.hpp
[137.521s] -- Installing: /home/wh1te/ros2_ws/install/px4_msgs/include/px4_msgs/px4_msgs/msg/detail/landing_target_pose__rosidl_typesupport_fastrtps_cpp.hpp
[137.521s] -- Installing: /home/wh1te/ros2_ws/install/px4_msgs/include/px4_msgs/px4_msgs/msg/detail/logger_status__rosidl_typesupport_fastrtps_cpp.hpp
[137.522s] -- Installing: /home/wh1te/ros2_ws/install/px4_msgs/include/px4_msgs/px4_msgs/msg/detail/tecs_status__rosidl_typesupport_fastrtps_cpp.hpp
[137.522s] -- Installing: /home/wh1te/ros2_ws/install/px4_msgs/include/px4_msgs/px4_msgs/msg/detail/sensor_optical_flow__rosidl_typesupport_fastrtps_cpp.hpp
[137.522s] -- Installing: /home/wh1te/ros2_ws/install/px4_msgs/include/px4_msgs/px4_msgs/msg/detail/rc_channels__rosidl_typesupport_fastrtps_cpp.hpp
[137.522s] -- Installing: /home/wh1te/ros2_ws/install/px4_msgs/include/px4_msgs/px4_msgs/msg/detail/button_event__rosidl_typesupport_fastrtps_cpp.hpp
[137.522s] -- Installing: /home/wh1te/ros2_ws/install/px4_msgs/include/px4_msgs/px4_msgs/msg/detail/gimbal_controls__rosidl_typesupport_fastrtps_cpp.hpp
[137.522s] -- Installing: /home/wh1te/ros2_ws/install/px4_msgs/include/px4_msgs/px4_msgs/msg/detail/home_position__rosidl_typesupport_fastrtps_cpp.hpp
[137.522s] -- Installing: /home/wh1te/ros2_ws/install/px4_msgs/include/px4_msgs/px4_msgs/msg/detail/mavlink_tunnel__rosidl_typesupport_fastrtps_cpp.hpp
[137.522s] -- Installing: /home/wh1te/ros2_ws/install/px4_msgs/include/px4_msgs/px4_msgs/msg/detail/sensor_mag__rosidl_typesupport_fastrtps_cpp.hpp
[137.522s] -- Installing: /home/wh1te/ros2_ws/install/px4_msgs/include/px4_msgs/px4_msgs/msg/detail/iridiumsbd_status__rosidl_typesupport_fastrtps_cpp.hpp
[137.522s] -- Installing: /home/wh1te/ros2_ws/install/px4_msgs/include/px4_msgs/px4_msgs/msg/detail/qshell_req__rosidl_typesupport_fastrtps_cpp.hpp
[137.522s] -- Installing: /home/wh1te/ros2_ws/install/px4_msgs/include/px4_msgs/px4_msgs/msg/detail/actuator_motors__rosidl_typesupport_fastrtps_cpp.hpp
[137.522s] -- Installing: /home/wh1te/ros2_ws/install/px4_msgs/include/px4_msgs/px4_msgs/msg/detail/gimbal_device_set_attitude__rosidl_typesupport_fastrtps_cpp.hpp
[137.522s] -- Installing: /home/wh1te/ros2_ws/install/px4_msgs/include/px4_msgs/px4_msgs/msg/detail/gimbal_device_attitude_status__rosidl_typesupport_fastrtps_cpp.hpp
[137.522s] -- Installing: /home/wh1te/ros2_ws/install/px4_msgs/include/px4_msgs/px4_msgs/msg/detail/distance_sensor__rosidl_typesupport_fastrtps_cpp.hpp
[137.523s] -- Installing: /home/wh1te/ros2_ws/install/px4_msgs/include/px4_msgs/px4_msgs/msg/detail/estimator_status_flags__rosidl_typesupport_fastrtps_cpp.hpp
[137.523s] -- Installing: /home/wh1te/ros2_ws/install/px4_msgs/include/px4_msgs/px4_msgs/msg/detail/orb_test_large__rosidl_typesupport_fastrtps_cpp.hpp
[137.523s] -- Installing: /home/wh1te/ros2_ws/install/px4_msgs/include/px4_msgs/px4_msgs/msg/detail/estimator_states__rosidl_typesupport_fastrtps_cpp.hpp
[137.523s] -- Installing: /home/wh1te/ros2_ws/install/px4_msgs/include/px4_msgs/px4_msgs/msg/detail/collision_report__rosidl_typesupport_fastrtps_cpp.hpp
[137.523s] -- Installing: /home/wh1te/ros2_ws/install/px4_msgs/include/px4_msgs/px4_msgs/msg/detail/camera_status__rosidl_typesupport_fastrtps_cpp.hpp
[137.523s] -- Installing: /home/wh1te/ros2_ws/install/px4_msgs/include/px4_msgs/px4_msgs/msg/detail/estimator_aid_source3d__rosidl_typesupport_fastrtps_cpp.hpp
[137.523s] -- Installing: /home/wh1te/ros2_ws/install/px4_msgs/include/px4_msgs/px4_msgs/msg/detail/landing_target_innovations__rosidl_typesupport_fastrtps_cpp.hpp
[137.523s] -- Installing: /home/wh1te/ros2_ws/install/px4_msgs/include/px4_msgs/px4_msgs/msg/detail/led_control__rosidl_typesupport_fastrtps_cpp.hpp
[137.523s] -- Installing: /home/wh1te/ros2_ws/install/px4_msgs/include/px4_msgs/px4_msgs/msg/detail/debug_value__rosidl_typesupport_fastrtps_cpp.hpp
[137.523s] -- Installing: /home/wh1te/ros2_ws/install/px4_msgs/include/px4_msgs/px4_msgs/msg/detail/vehicle_constraints__rosidl_typesupport_fastrtps_cpp.hpp
[137.523s] -- Installing: /home/wh1te/ros2_ws/install/px4_msgs/include/px4_msgs/px4_msgs/msg/detail/landing_gear_wheel__rosidl_typesupport_fastrtps_cpp.hpp
[137.523s] -- Installing: /home/wh1te/ros2_ws/install/px4_msgs/include/px4_msgs/px4_msgs/msg/detail/pps_capture__rosidl_typesupport_fastrtps_cpp.hpp
[137.523s] -- Installing: /home/wh1te/ros2_ws/install/px4_msgs/include/px4_msgs/px4_msgs/msg/detail/sensor_selection__rosidl_typesupport_fastrtps_cpp.hpp
[137.524s] -- Installing: /home/wh1te/ros2_ws/install/px4_msgs/include/px4_msgs/px4_msgs/msg/detail/health_report__rosidl_typesupport_fastrtps_cpp.hpp
[137.524s] -- Installing: /home/wh1te/ros2_ws/install/px4_msgs/include/px4_msgs/px4_msgs/msg/detail/debug_vect__rosidl_typesupport_fastrtps_cpp.hpp
[137.524s] -- Installing: /home/wh1te/ros2_ws/install/px4_msgs/include/px4_msgs/px4_msgs/msg/detail/position_controller_landing_status__rosidl_typesupport_fastrtps_cpp.hpp
[137.524s] -- Installing: /home/wh1te/ros2_ws/install/px4_msgs/include/px4_msgs/px4_msgs/msg/detail/rtl_time_estimate__rosidl_typesupport_fastrtps_cpp.hpp
[137.524s] -- Installing: /home/wh1te/ros2_ws/install/px4_msgs/include/px4_msgs/px4_msgs/msg/detail/rate_ctrl_status__rosidl_typesupport_fastrtps_cpp.hpp
[137.524s] -- Installing: /home/wh1te/ros2_ws/install/px4_msgs/include/px4_msgs/px4_msgs/msg/detail/gimbal_manager_status__rosidl_typesupport_fastrtps_cpp.hpp
[137.524s] -- Installing: /home/wh1te/ros2_ws/install/px4_msgs/include/px4_msgs/px4_msgs/msg/detail/cpuload__rosidl_typesupport_fastrtps_cpp.hpp
[137.524s] -- Installing: /home/wh1te/ros2_ws/install/px4_msgs/include/px4_msgs/px4_msgs/msg/detail/debug_array__rosidl_typesupport_fastrtps_cpp.hpp
[137.524s] -- Installing: /home/wh1te/ros2_ws/install/px4_msgs/include/px4_msgs/px4_msgs/msg/detail/follow_target_estimator__rosidl_typesupport_fastrtps_cpp.hpp
[137.524s] -- Installing: /home/wh1te/ros2_ws/install/px4_msgs/include/px4_msgs/px4_msgs/msg/detail/vehicle_angular_velocity__rosidl_typesupport_fastrtps_cpp.hpp
[137.524s] -- Installing: /home/wh1te/ros2_ws/install/px4_msgs/include/px4_msgs/px4_msgs/msg/detail/vehicle_global_position__rosidl_typesupport_fastrtps_cpp.hpp
[137.524s] -- Installing: /home/wh1te/ros2_ws/install/px4_msgs/include/px4_msgs/px4_msgs/msg/detail/gps_dump__rosidl_typesupport_fastrtps_cpp.hpp
[137.524s] -- Installing: /home/wh1te/ros2_ws/install/px4_msgs/include/px4_msgs/px4_msgs/msg/detail/follow_target__rosidl_typesupport_fastrtps_cpp.hpp
[137.524s] -- Installing: /home/wh1te/ros2_ws/install/px4_msgs/include/px4_msgs/px4_msgs/msg/detail/follow_target_status__rosidl_typesupport_fastrtps_cpp.hpp
[137.525s] -- Installing: /home/wh1te/ros2_ws/install/px4_msgs/include/px4_msgs/px4_msgs/msg/detail/gimbal_device_information__rosidl_typesupport_fastrtps_cpp.hpp
[137.525s] -- Installing: /home/wh1te/ros2_ws/install/px4_msgs/include/px4_msgs/px4_msgs/msg/detail/parameter_update__rosidl_typesupport_fastrtps_cpp.hpp
[137.525s] -- Installing: /home/wh1te/ros2_ws/install/px4_msgs/include/px4_msgs/px4_msgs/msg/detail/estimator_status__rosidl_typesupport_fastrtps_cpp.hpp
[137.525s] -- Installing: /home/wh1te/ros2_ws/install/px4_msgs/include/px4_msgs/px4_msgs/msg/detail/adc_report__rosidl_typesupport_fastrtps_cpp.hpp
[137.525s] -- Installing: /home/wh1te/ros2_ws/install/px4_msgs/include/px4_msgs/px4_msgs/msg/detail/ulog_stream__rosidl_typesupport_fastrtps_cpp.hpp
[137.525s] -- Installing: /home/wh1te/ros2_ws/install/px4_msgs/include/px4_msgs/px4_msgs/msg/detail/vehicle_local_position__rosidl_typesupport_fastrtps_cpp.hpp
[137.525s] -- Installing: /home/wh1te/ros2_ws/install/px4_msgs/include/px4_msgs/px4_msgs/msg/detail/mission__rosidl_typesupport_fastrtps_cpp.hpp
[137.525s] -- Installing: /home/wh1te/ros2_ws/install/px4_msgs/include/px4_msgs/px4_msgs/msg/detail/mission_result__rosidl_typesupport_fastrtps_cpp.hpp
[137.525s] -- Installing: /home/wh1te/ros2_ws/install/px4_msgs/include/px4_msgs/px4_msgs/msg/detail/trajectory_waypoint__rosidl_typesupport_fastrtps_cpp.hpp
[137.525s] -- Installing: /home/wh1te/ros2_ws/install/px4_msgs/include/px4_msgs/px4_msgs/msg/detail/failure_detector_status__rosidl_typesupport_fastrtps_cpp.hpp
[137.525s] -- Installing: /home/wh1te/ros2_ws/install/px4_msgs/include/px4_msgs/px4_msgs/msg/detail/rc_parameter_map__rosidl_typesupport_fastrtps_cpp.hpp
[137.525s] -- Installing: /home/wh1te/ros2_ws/install/px4_msgs/include/px4_msgs/px4_msgs/msg/detail/autotune_attitude_control_status__rosidl_typesupport_fastrtps_cpp.hpp
[137.525s] -- Installing: /home/wh1te/ros2_ws/install/px4_msgs/include/px4_msgs/px4_msgs/msg/detail/estimator_bias__rosidl_typesupport_fastrtps_cpp.hpp
[137.526s] -- Installing: /home/wh1te/ros2_ws/install/px4_msgs/include/px4_msgs/px4_msgs/msg/detail/orb_test_medium__rosidl_typesupport_fastrtps_cpp.hpp
[137.526s] -- Installing: /home/wh1te/ros2_ws/install/px4_msgs/include/px4_msgs/px4_msgs/msg/detail/sensor_hygrometer__rosidl_typesupport_fastrtps_cpp.hpp
[137.526s] -- Installing: /home/wh1te/ros2_ws/install/px4_msgs/include/px4_msgs/px4_msgs/msg/detail/radio_status__rosidl_typesupport_fastrtps_cpp.hpp
[137.526s] -- Installing: /home/wh1te/ros2_ws/install/px4_msgs/include/px4_msgs/px4_msgs/msg/detail/internal_combustion_engine_status__rosidl_typesupport_fastrtps_cpp.hpp
[137.526s] -- Installing: /home/wh1te/ros2_ws/install/px4_msgs/include/px4_msgs/px4_msgs/msg/detail/hover_thrust_estimate__rosidl_typesupport_fastrtps_cpp.hpp
[137.526s] -- Installing: /home/wh1te/ros2_ws/install/px4_msgs/include/px4_msgs/px4_msgs/msg/detail/generator_status__rosidl_typesupport_fastrtps_cpp.hpp
[137.526s] -- Installing: /home/wh1te/ros2_ws/install/px4_msgs/include/px4_msgs/px4_msgs/msg/rosidl_typesupport_fastrtps_cpp__visibility_control.h
[137.526s] -- Installing: /home/wh1te/ros2_ws/install/px4_msgs/lib/libpx4_msgs__rosidl_typesupport_fastrtps_cpp.so
[137.527s] -- Set runtime path of "/home/wh1te/ros2_ws/install/px4_msgs/lib/libpx4_msgs__rosidl_typesupport_fastrtps_cpp.so" to ""
[137.527s] -- Up-to-date: /home/wh1te/ros2_ws/install/px4_msgs/include/px4_msgs/px4_msgs
[137.527s] -- Up-to-date: /home/wh1te/ros2_ws/install/px4_msgs/include/px4_msgs/px4_msgs/msg
[137.527s] -- Up-to-date: /home/wh1te/ros2_ws/install/px4_msgs/include/px4_msgs/px4_msgs/msg/detail
[137.527s] -- Installing: /home/wh1te/ros2_ws/install/px4_msgs/include/px4_msgs/px4_msgs/msg/detail/sensor_accel_fifo__rosidl_typesupport_introspection_c.h
[137.528s] -- Installing: /home/wh1te/ros2_ws/install/px4_msgs/include/px4_msgs/px4_msgs/msg/detail/qshell_req__type_support.c
[137.528s] -- Installing: /home/wh1te/ros2_ws/install/px4_msgs/include/px4_msgs/px4_msgs/msg/detail/gimbal_manager_set_manual_control__type_support.c
[137.528s] -- Installing: /home/wh1te/ros2_ws/install/px4_msgs/include/px4_msgs/px4_msgs/msg/detail/power_button_state__type_support.c
[137.528s] -- Installing: /home/wh1te/ros2_ws/install/px4_msgs/include/px4_msgs/px4_msgs/msg/detail/actuator_test__type_support.c
[137.528s] -- Installing: /home/wh1te/ros2_ws/install/px4_msgs/include/px4_msgs/px4_msgs/msg/detail/cpuload__type_support.c
[137.528s] -- Installing: /home/wh1te/ros2_ws/install/px4_msgs/include/px4_msgs/px4_msgs/msg/detail/vehicle_imu__type_support.c
[137.528s] -- Installing: /home/wh1te/ros2_ws/install/px4_msgs/include/px4_msgs/px4_msgs/msg/detail/gimbal_device_information__type_support.c
[137.528s] -- Installing: /home/wh1te/ros2_ws/install/px4_msgs/include/px4_msgs/px4_msgs/msg/detail/wind__type_support.c
[137.528s] -- Installing: /home/wh1te/ros2_ws/install/px4_msgs/include/px4_msgs/px4_msgs/msg/detail/estimator_bias3d__rosidl_typesupport_introspection_c.h
[137.528s] -- Installing: /home/wh1te/ros2_ws/install/px4_msgs/include/px4_msgs/px4_msgs/msg/detail/rpm__rosidl_typesupport_introspection_c.h
[137.528s] -- Installing: /home/wh1te/ros2_ws/install/px4_msgs/include/px4_msgs/px4_msgs/msg/detail/airspeed__type_support.c
[137.528s] -- Installing: /home/wh1te/ros2_ws/install/px4_msgs/include/px4_msgs/px4_msgs/msg/detail/distance_sensor__rosidl_typesupport_introspection_c.h
[137.528s] -- Installing: /home/wh1te/ros2_ws/install/px4_msgs/include/px4_msgs/px4_msgs/msg/detail/estimator_selector_status__type_support.c
[137.529s] -- Installing: /home/wh1te/ros2_ws/install/px4_msgs/include/px4_msgs/px4_msgs/msg/detail/estimator_status__type_support.c
[137.529s] -- Installing: /home/wh1te/ros2_ws/install/px4_msgs/include/px4_msgs/px4_msgs/msg/detail/onboard_computer_status__type_support.c
[137.529s] -- Installing: /home/wh1te/ros2_ws/install/px4_msgs/include/px4_msgs/px4_msgs/msg/detail/telemetry_status__rosidl_typesupport_introspection_c.h
[137.529s] -- Installing: /home/wh1te/ros2_ws/install/px4_msgs/include/px4_msgs/px4_msgs/msg/detail/debug_array__type_support.c
[137.529s] -- Installing: /home/wh1te/ros2_ws/install/px4_msgs/include/px4_msgs/px4_msgs/msg/detail/actuator_test__rosidl_typesupport_introspection_c.h
[137.529s] -- Installing: /home/wh1te/ros2_ws/install/px4_msgs/include/px4_msgs/px4_msgs/msg/detail/camera_trigger__type_support.c
[137.529s] -- Installing: /home/wh1te/ros2_ws/install/px4_msgs/include/px4_msgs/px4_msgs/msg/detail/camera_capture__type_support.c
[137.529s] -- Installing: /home/wh1te/ros2_ws/install/px4_msgs/include/px4_msgs/px4_msgs/msg/detail/failsafe_flags__rosidl_typesupport_introspection_c.h
[137.529s] -- Installing: /home/wh1te/ros2_ws/install/px4_msgs/include/px4_msgs/px4_msgs/msg/detail/failsafe_flags__type_support.c
[137.529s] -- Installing: /home/wh1te/ros2_ws/install/px4_msgs/include/px4_msgs/px4_msgs/msg/detail/health_report__rosidl_typesupport_introspection_c.h
[137.529s] -- Installing: /home/wh1te/ros2_ws/install/px4_msgs/include/px4_msgs/px4_msgs/msg/detail/vehicle_angular_acceleration_setpoint__type_support.c
[137.529s] -- Installing: /home/wh1te/ros2_ws/install/px4_msgs/include/px4_msgs/px4_msgs/msg/detail/position_setpoint_triplet__type_support.c
[137.529s] -- Installing: /home/wh1te/ros2_ws/install/px4_msgs/include/px4_msgs/px4_msgs/msg/detail/collision_constraints__type_support.c
[137.530s] -- Installing: /home/wh1te/ros2_ws/install/px4_msgs/include/px4_msgs/px4_msgs/msg/detail/vehicle_optical_flow_vel__rosidl_typesupport_introspection_c.h
[137.530s] -- Installing: /home/wh1te/ros2_ws/install/px4_msgs/include/px4_msgs/px4_msgs/msg/detail/sensor_gyro_fft__type_support.c
[137.530s] -- Installing: /home/wh1te/ros2_ws/install/px4_msgs/include/px4_msgs/px4_msgs/msg/detail/camera_trigger__rosidl_typesupport_introspection_c.h
[137.530s] -- Installing: /home/wh1te/ros2_ws/install/px4_msgs/include/px4_msgs/px4_msgs/msg/detail/control_allocator_status__rosidl_typesupport_introspection_c.h
[137.530s] -- Installing: /home/wh1te/ros2_ws/install/px4_msgs/include/px4_msgs/px4_msgs/msg/detail/debug_vect__type_support.c
[137.530s] -- Installing: /home/wh1te/ros2_ws/install/px4_msgs/include/px4_msgs/px4_msgs/msg/detail/debug_array__rosidl_typesupport_introspection_c.h
[137.530s] -- Installing: /home/wh1te/ros2_ws/install/px4_msgs/include/px4_msgs/px4_msgs/msg/detail/battery_status__rosidl_typesupport_introspection_c.h
[137.530s] -- Installing: /home/wh1te/ros2_ws/install/px4_msgs/include/px4_msgs/px4_msgs/msg/detail/px4io_status__rosidl_typesupport_introspection_c.h
[137.530s] -- Installing: /home/wh1te/ros2_ws/install/px4_msgs/include/px4_msgs/px4_msgs/msg/detail/heater_status__type_support.c
[137.530s] -- Installing: /home/wh1te/ros2_ws/install/px4_msgs/include/px4_msgs/px4_msgs/msg/detail/trajectory_waypoint__type_support.c
[137.530s] -- Installing: /home/wh1te/ros2_ws/install/px4_msgs/include/px4_msgs/px4_msgs/msg/detail/vehicle_odometry__rosidl_typesupport_introspection_c.h
[137.530s] -- Installing: /home/wh1te/ros2_ws/install/px4_msgs/include/px4_msgs/px4_msgs/msg/detail/rtl_time_estimate__type_support.c
[137.530s] -- Installing: /home/wh1te/ros2_ws/install/px4_msgs/include/px4_msgs/px4_msgs/msg/detail/sensor_combined__type_support.c
[137.530s] -- Installing: /home/wh1te/ros2_ws/install/px4_msgs/include/px4_msgs/px4_msgs/msg/detail/differential_pressure__rosidl_typesupport_introspection_c.h
[137.530s] -- Installing: /home/wh1te/ros2_ws/install/px4_msgs/include/px4_msgs/px4_msgs/msg/detail/sensor_gnss_relative__type_support.c
[137.531s] -- Installing: /home/wh1te/ros2_ws/install/px4_msgs/include/px4_msgs/px4_msgs/msg/detail/estimator_states__rosidl_typesupport_introspection_c.h
[137.531s] -- Installing: /home/wh1te/ros2_ws/install/px4_msgs/include/px4_msgs/px4_msgs/msg/detail/estimator_status__rosidl_typesupport_introspection_c.h
[137.531s] -- Installing: /home/wh1te/ros2_ws/install/px4_msgs/include/px4_msgs/px4_msgs/msg/detail/adc_report__type_support.c
[137.531s] -- Installing: /home/wh1te/ros2_ws/install/px4_msgs/include/px4_msgs/px4_msgs/msg/detail/sensors_status_imu__rosidl_typesupport_introspection_c.h
[137.531s] -- Installing: /home/wh1te/ros2_ws/install/px4_msgs/include/px4_msgs/px4_msgs/msg/detail/sensor_optical_flow__type_support.c
[137.531s] -- Installing: /home/wh1te/ros2_ws/install/px4_msgs/include/px4_msgs/px4_msgs/msg/detail/vehicle_angular_acceleration_setpoint__rosidl_typesupport_introspection_c.h
[137.531s] -- Installing: /home/wh1te/ros2_ws/install/px4_msgs/include/px4_msgs/px4_msgs/msg/detail/power_monitor__type_support.c
[137.531s] -- Installing: /home/wh1te/ros2_ws/install/px4_msgs/include/px4_msgs/px4_msgs/msg/detail/tiltrotor_extra_controls__rosidl_typesupport_introspection_c.h
[137.531s] -- Installing: /home/wh1te/ros2_ws/install/px4_msgs/include/px4_msgs/px4_msgs/msg/detail/health_report__type_support.c
[137.531s] -- Installing: /home/wh1te/ros2_ws/install/px4_msgs/include/px4_msgs/px4_msgs/msg/detail/event__type_support.c
[137.531s] -- Installing: /home/wh1te/ros2_ws/install/px4_msgs/include/px4_msgs/px4_msgs/msg/detail/landing_gear_wheel__type_support.c
[137.531s] -- Installing: /home/wh1te/ros2_ws/install/px4_msgs/include/px4_msgs/px4_msgs/msg/detail/pps_capture__rosidl_typesupport_introspection_c.h
[137.531s] -- Installing: /home/wh1te/ros2_ws/install/px4_msgs/include/px4_msgs/px4_msgs/msg/detail/actuator_outputs__rosidl_typesupport_introspection_c.h
[137.532s] -- Installing: /home/wh1te/ros2_ws/install/px4_msgs/include/px4_msgs/px4_msgs/msg/detail/camera_capture__rosidl_typesupport_introspection_c.h
[137.532s] -- Installing: /home/wh1te/ros2_ws/install/px4_msgs/include/px4_msgs/px4_msgs/msg/detail/estimator_aid_source1d__rosidl_typesupport_introspection_c.h
[137.532s] -- Installing: /home/wh1te/ros2_ws/install/px4_msgs/include/px4_msgs/px4_msgs/msg/detail/follow_target__rosidl_typesupport_introspection_c.h
[137.532s] -- Installing: /home/wh1te/ros2_ws/install/px4_msgs/include/px4_msgs/px4_msgs/msg/detail/vtol_vehicle_status__type_support.c
[137.532s] -- Installing: /home/wh1te/ros2_ws/install/px4_msgs/include/px4_msgs/px4_msgs/msg/detail/satellite_info__type_support.c
[137.532s] -- Installing: /home/wh1te/ros2_ws/install/px4_msgs/include/px4_msgs/px4_msgs/msg/detail/follow_target_estimator__type_support.c
[137.532s] -- Installing: /home/wh1te/ros2_ws/install/px4_msgs/include/px4_msgs/px4_msgs/msg/detail/control_allocator_status__type_support.c
[137.532s] -- Installing: /home/wh1te/ros2_ws/install/px4_msgs/include/px4_msgs/px4_msgs/msg/detail/task_stack_info__rosidl_typesupport_introspection_c.h
[137.532s] -- Installing: /home/wh1te/ros2_ws/install/px4_msgs/include/px4_msgs/px4_msgs/msg/detail/sensor_baro__type_support.c
[137.532s] -- Installing: /home/wh1te/ros2_ws/install/px4_msgs/include/px4_msgs/px4_msgs/msg/detail/orbit_status__rosidl_typesupport_introspection_c.h
[137.532s] -- Installing: /home/wh1te/ros2_ws/install/px4_msgs/include/px4_msgs/px4_msgs/msg/detail/action_request__type_support.c
[137.532s] -- Installing: /home/wh1te/ros2_ws/install/px4_msgs/include/px4_msgs/px4_msgs/msg/detail/vehicle_optical_flow__type_support.c
[137.532s] -- Installing: /home/wh1te/ros2_ws/install/px4_msgs/include/px4_msgs/px4_msgs/msg/detail/rate_ctrl_status__type_support.c
[137.532s] -- Installing: /home/wh1te/ros2_ws/install/px4_msgs/include/px4_msgs/px4_msgs/msg/detail/parameter_update__rosidl_typesupport_introspection_c.h
[137.532s] -- Installing: /home/wh1te/ros2_ws/install/px4_msgs/include/px4_msgs/px4_msgs/msg/detail/onboard_computer_status__rosidl_typesupport_introspection_c.h
[137.532s] -- Installing: /home/wh1te/ros2_ws/install/px4_msgs/include/px4_msgs/px4_msgs/msg/detail/collision_report__rosidl_typesupport_introspection_c.h
[137.533s] -- Installing: /home/wh1te/ros2_ws/install/px4_msgs/include/px4_msgs/px4_msgs/msg/detail/landing_gear_wheel__rosidl_typesupport_introspection_c.h
[137.533s] -- Installing: /home/wh1te/ros2_ws/install/px4_msgs/include/px4_msgs/px4_msgs/msg/detail/orb_test_medium__rosidl_typesupport_introspection_c.h
[137.533s] -- Installing: /home/wh1te/ros2_ws/install/px4_msgs/include/px4_msgs/px4_msgs/msg/detail/ulog_stream_ack__rosidl_typesupport_introspection_c.h
[137.533s] -- Installing: /home/wh1te/ros2_ws/install/px4_msgs/include/px4_msgs/px4_msgs/msg/detail/vehicle_thrust_setpoint__type_support.c
[137.533s] -- Installing: /home/wh1te/ros2_ws/install/px4_msgs/include/px4_msgs/px4_msgs/msg/detail/follow_target_status__rosidl_typesupport_introspection_c.h
[137.533s] -- Installing: /home/wh1te/ros2_ws/install/px4_msgs/include/px4_msgs/px4_msgs/msg/detail/estimator_aid_source2d__rosidl_typesupport_introspection_c.h
[137.533s] -- Installing: /home/wh1te/ros2_ws/install/px4_msgs/include/px4_msgs/px4_msgs/msg/detail/vehicle_land_detected__rosidl_typesupport_introspection_c.h
[137.533s] -- Installing: /home/wh1te/ros2_ws/install/px4_msgs/include/px4_msgs/px4_msgs/msg/detail/vehicle_control_mode__rosidl_typesupport_introspection_c.h
[137.533s] -- Installing: /home/wh1te/ros2_ws/install/px4_msgs/include/px4_msgs/px4_msgs/msg/detail/mavlink_log__rosidl_typesupport_introspection_c.h
[137.533s] -- Installing: /home/wh1te/ros2_ws/install/px4_msgs/include/px4_msgs/px4_msgs/msg/detail/adc_report__rosidl_typesupport_introspection_c.h
[137.533s] -- Installing: /home/wh1te/ros2_ws/install/px4_msgs/include/px4_msgs/px4_msgs/msg/detail/rate_ctrl_status__rosidl_typesupport_introspection_c.h
[137.533s] -- Installing: /home/wh1te/ros2_ws/install/px4_msgs/include/px4_msgs/px4_msgs/msg/detail/debug_value__rosidl_typesupport_introspection_c.h
[137.533s] -- Installing: /home/wh1te/ros2_ws/install/px4_msgs/include/px4_msgs/px4_msgs/msg/detail/normalized_unsigned_setpoint__type_support.c
[137.533s] -- Installing: /home/wh1te/ros2_ws/install/px4_msgs/include/px4_msgs/px4_msgs/msg/detail/sensor_gyro_fifo__rosidl_typesupport_introspection_c.h
[137.534s] -- Installing: /home/wh1te/ros2_ws/install/px4_msgs/include/px4_msgs/px4_msgs/msg/detail/position_controller_landing_status__rosidl_typesupport_introspection_c.h
[137.534s] -- Installing: /home/wh1te/ros2_ws/install/px4_msgs/include/px4_msgs/px4_msgs/msg/detail/gps_dump__type_support.c
[137.534s] -- Installing: /home/wh1te/ros2_ws/install/px4_msgs/include/px4_msgs/px4_msgs/msg/detail/trajectory_bezier__rosidl_typesupport_introspection_c.h
[137.534s] -- Installing: /home/wh1te/ros2_ws/install/px4_msgs/include/px4_msgs/px4_msgs/msg/detail/led_control__rosidl_typesupport_introspection_c.h
[137.534s] -- Installing: /home/wh1te/ros2_ws/install/px4_msgs/include/px4_msgs/px4_msgs/msg/detail/vehicle_optical_flow__rosidl_typesupport_introspection_c.h
[137.534s] -- Installing: /home/wh1te/ros2_ws/install/px4_msgs/include/px4_msgs/px4_msgs/msg/detail/estimator_sensor_bias__type_support.c
[137.534s] -- Installing: /home/wh1te/ros2_ws/install/px4_msgs/include/px4_msgs/px4_msgs/msg/detail/power_monitor__rosidl_typesupport_introspection_c.h
[137.534s] -- Installing: /home/wh1te/ros2_ws/install/px4_msgs/include/px4_msgs/px4_msgs/msg/detail/sensor_gyro_fft__rosidl_typesupport_introspection_c.h
[137.534s] -- Installing: /home/wh1te/ros2_ws/install/px4_msgs/include/px4_msgs/px4_msgs/msg/detail/sensor_preflight_mag__rosidl_typesupport_introspection_c.h
[137.534s] -- Installing: /home/wh1te/ros2_ws/install/px4_msgs/include/px4_msgs/px4_msgs/msg/detail/pps_capture__type_support.c
[137.534s] -- Installing: /home/wh1te/ros2_ws/install/px4_msgs/include/px4_msgs/px4_msgs/msg/detail/vehicle_attitude_setpoint__rosidl_typesupport_introspection_c.h
[137.534s] -- Installing: /home/wh1te/ros2_ws/install/px4_msgs/include/px4_msgs/px4_msgs/msg/detail/cellular_status__rosidl_typesupport_introspection_c.h
[137.534s] -- Installing: /home/wh1te/ros2_ws/install/px4_msgs/include/px4_msgs/px4_msgs/msg/detail/vehicle_control_mode__type_support.c
[137.534s] -- Installing: /home/wh1te/ros2_ws/install/px4_msgs/include/px4_msgs/px4_msgs/msg/detail/actuator_controls_status__rosidl_typesupport_introspection_c.h
[137.535s] -- Installing: /home/wh1te/ros2_ws/install/px4_msgs/include/px4_msgs/px4_msgs/msg/detail/mission_result__type_support.c
[137.535s] -- Installing: /home/wh1te/ros2_ws/install/px4_msgs/include/px4_msgs/px4_msgs/msg/detail/geofence_result__rosidl_typesupport_introspection_c.h
[137.535s] -- Installing: /home/wh1te/ros2_ws/install/px4_msgs/include/px4_msgs/px4_msgs/msg/detail/timesync_status__rosidl_typesupport_introspection_c.h
[137.535s] -- Installing: /home/wh1te/ros2_ws/install/px4_msgs/include/px4_msgs/px4_msgs/msg/detail/log_message__type_support.c
[137.535s] -- Installing: /home/wh1te/ros2_ws/install/px4_msgs/include/px4_msgs/px4_msgs/msg/detail/position_controller_landing_status__type_support.c
[137.535s] -- Installing: /home/wh1te/ros2_ws/install/px4_msgs/include/px4_msgs/px4_msgs/msg/detail/geofence_result__type_support.c
[137.535s] -- Installing: /home/wh1te/ros2_ws/install/px4_msgs/include/px4_msgs/px4_msgs/msg/detail/sensor_mag__type_support.c
[137.535s] -- Installing: /home/wh1te/ros2_ws/install/px4_msgs/include/px4_msgs/px4_msgs/msg/detail/vehicle_constraints__rosidl_typesupport_introspection_c.h
[137.535s] -- Installing: /home/wh1te/ros2_ws/install/px4_msgs/include/px4_msgs/px4_msgs/msg/detail/sensor_hygrometer__type_support.c
[137.535s] -- Installing: /home/wh1te/ros2_ws/install/px4_msgs/include/px4_msgs/px4_msgs/msg/detail/estimator_aid_source1d__type_support.c
[137.535s] -- Installing: /home/wh1te/ros2_ws/install/px4_msgs/include/px4_msgs/px4_msgs/msg/detail/sensor_correction__rosidl_typesupport_introspection_c.h
[137.535s] -- Installing: /home/wh1te/ros2_ws/install/px4_msgs/include/px4_msgs/px4_msgs/msg/detail/navigator_mission_item__type_support.c
[137.535s] -- Installing: /home/wh1te/ros2_ws/install/px4_msgs/include/px4_msgs/px4_msgs/msg/detail/magnetometer_bias_estimate__type_support.c
[137.536s] -- Installing: /home/wh1te/ros2_ws/install/px4_msgs/include/px4_msgs/px4_msgs/msg/detail/uavcan_parameter_request__rosidl_typesupport_introspection_c.h
[137.536s] -- Installing: /home/wh1te/ros2_ws/install/px4_msgs/include/px4_msgs/px4_msgs/msg/detail/estimator_gps_status__type_support.c
[137.536s] -- Installing: /home/wh1te/ros2_ws/install/px4_msgs/include/px4_msgs/px4_msgs/msg/detail/vehicle_magnetometer__type_support.c
[137.536s] -- Installing: /home/wh1te/ros2_ws/install/px4_msgs/include/px4_msgs/px4_msgs/msg/detail/vehicle_rates_setpoint__rosidl_typesupport_introspection_c.h
[137.536s] -- Installing: /home/wh1te/ros2_ws/install/px4_msgs/include/px4_msgs/px4_msgs/msg/detail/sensor_gyro__type_support.c
[137.536s] -- Installing: /home/wh1te/ros2_ws/install/px4_msgs/include/px4_msgs/px4_msgs/msg/detail/orb_test_large__type_support.c
[137.536s] -- Installing: /home/wh1te/ros2_ws/install/px4_msgs/include/px4_msgs/px4_msgs/msg/detail/internal_combustion_engine_status__rosidl_typesupport_introspection_c.h
[137.536s] -- Installing: /home/wh1te/ros2_ws/install/px4_msgs/include/px4_msgs/px4_msgs/msg/detail/vehicle_rates_setpoint__type_support.c
[137.536s] -- Installing: /home/wh1te/ros2_ws/install/px4_msgs/include/px4_msgs/px4_msgs/msg/detail/vehicle_local_position_setpoint__rosidl_typesupport_introspection_c.h
[137.536s] -- Installing: /home/wh1te/ros2_ws/install/px4_msgs/include/px4_msgs/px4_msgs/msg/detail/trajectory_waypoint__rosidl_typesupport_introspection_c.h
[137.536s] -- Installing: /home/wh1te/ros2_ws/install/px4_msgs/include/px4_msgs/px4_msgs/msg/detail/gimbal_manager_information__type_support.c
[137.536s] -- Installing: /home/wh1te/ros2_ws/install/px4_msgs/include/px4_msgs/px4_msgs/msg/detail/camera_status__rosidl_typesupport_introspection_c.h
[137.536s] -- Installing: /home/wh1te/ros2_ws/install/px4_msgs/include/px4_msgs/px4_msgs/msg/detail/manual_control_setpoint__type_support.c
[137.536s] -- Installing: /home/wh1te/ros2_ws/install/px4_msgs/include/px4_msgs/px4_msgs/msg/detail/estimator_innovations__type_support.c
[137.537s] -- Installing: /home/wh1te/ros2_ws/install/px4_msgs/include/px4_msgs/px4_msgs/msg/detail/estimator_status_flags__rosidl_typesupport_introspection_c.h
[137.537s] -- Installing: /home/wh1te/ros2_ws/install/px4_msgs/include/px4_msgs/px4_msgs/msg/detail/mission__type_support.c
[137.537s] -- Installing: /home/wh1te/ros2_ws/install/px4_msgs/include/px4_msgs/px4_msgs/msg/detail/npfg_status__type_support.c
[137.537s] -- Installing: /home/wh1te/ros2_ws/install/px4_msgs/include/px4_msgs/px4_msgs/msg/detail/vehicle_air_data__type_support.c
[137.537s] -- Installing: /home/wh1te/ros2_ws/install/px4_msgs/include/px4_msgs/px4_msgs/msg/detail/actuator_servos_trim__rosidl_typesupport_introspection_c.h
[137.537s] -- Installing: /home/wh1te/ros2_ws/install/px4_msgs/include/px4_msgs/px4_msgs/msg/detail/follow_target_estimator__rosidl_typesupport_introspection_c.h
[137.537s] -- Installing: /home/wh1te/ros2_ws/install/px4_msgs/include/px4_msgs/px4_msgs/msg/detail/rpm__type_support.c
[137.537s] -- Installing: /home/wh1te/ros2_ws/install/px4_msgs/include/px4_msgs/px4_msgs/msg/detail/gimbal_device_set_attitude__type_support.c
[137.537s] -- Installing: /home/wh1te/ros2_ws/install/px4_msgs/include/px4_msgs/px4_msgs/msg/detail/autotune_attitude_control_status__rosidl_typesupport_introspection_c.h
[137.537s] -- Installing: /home/wh1te/ros2_ws/install/px4_msgs/include/px4_msgs/px4_msgs/msg/detail/sensors_status__type_support.c
[137.537s] -- Installing: /home/wh1te/ros2_ws/install/px4_msgs/include/px4_msgs/px4_msgs/msg/detail/satellite_info__rosidl_typesupport_introspection_c.h
[137.537s] -- Installing: /home/wh1te/ros2_ws/install/px4_msgs/include/px4_msgs/px4_msgs/msg/detail/position_setpoint__type_support.c
[137.537s] -- Installing: /home/wh1te/ros2_ws/install/px4_msgs/include/px4_msgs/px4_msgs/msg/detail/vehicle_trajectory_bezier__type_support.c
[137.537s] -- Installing: /home/wh1te/ros2_ws/install/px4_msgs/include/px4_msgs/px4_msgs/msg/detail/gps_dump__rosidl_typesupport_introspection_c.h
[137.538s] -- Installing: /home/wh1te/ros2_ws/install/px4_msgs/include/px4_msgs/px4_msgs/msg/detail/vehicle_optical_flow_vel__type_support.c
[137.538s] -- Installing: /home/wh1te/ros2_ws/install/px4_msgs/include/px4_msgs/px4_msgs/msg/detail/sensor_hygrometer__rosidl_typesupport_introspection_c.h
[137.538s] -- Installing: /home/wh1te/ros2_ws/install/px4_msgs/include/px4_msgs/px4_msgs/msg/detail/estimator_aid_source2d__type_support.c
[137.538s] -- Installing: /home/wh1te/ros2_ws/install/px4_msgs/include/px4_msgs/px4_msgs/msg/detail/airspeed_wind__rosidl_typesupport_introspection_c.h
[137.538s] -- Installing: /home/wh1te/ros2_ws/install/px4_msgs/include/px4_msgs/px4_msgs/msg/detail/obstacle_distance__type_support.c
[137.538s] -- Installing: /home/wh1te/ros2_ws/install/px4_msgs/include/px4_msgs/px4_msgs/msg/detail/led_control__type_support.c
[137.538s] -- Installing: /home/wh1te/ros2_ws/install/px4_msgs/include/px4_msgs/px4_msgs/msg/detail/mission_result__rosidl_typesupport_introspection_c.h
[137.538s] -- Installing: /home/wh1te/ros2_ws/install/px4_msgs/include/px4_msgs/px4_msgs/msg/detail/irlock_report__type_support.c
[137.538s] -- Installing: /home/wh1te/ros2_ws/install/px4_msgs/include/px4_msgs/px4_msgs/msg/detail/log_message__rosidl_typesupport_introspection_c.h
[137.538s] -- Installing: /home/wh1te/ros2_ws/install/px4_msgs/include/px4_msgs/px4_msgs/msg/detail/estimator_aid_source3d__type_support.c
[137.538s] -- Installing: /home/wh1te/ros2_ws/install/px4_msgs/include/px4_msgs/px4_msgs/msg/detail/sensor_mag__rosidl_typesupport_introspection_c.h
[137.538s] -- Installing: /home/wh1te/ros2_ws/install/px4_msgs/include/px4_msgs/px4_msgs/msg/detail/position_controller_status__rosidl_typesupport_introspection_c.h
[137.538s] -- Installing: /home/wh1te/ros2_ws/install/px4_msgs/include/px4_msgs/px4_msgs/msg/detail/pwm_input__type_support.c
[137.539s] -- Installing: /home/wh1te/ros2_ws/install/px4_msgs/include/px4_msgs/px4_msgs/msg/detail/vehicle_attitude_setpoint__type_support.c
[137.539s] -- Installing: /home/wh1te/ros2_ws/install/px4_msgs/include/px4_msgs/px4_msgs/msg/detail/position_setpoint__rosidl_typesupport_introspection_c.h
[137.539s] -- Installing: /home/wh1te/ros2_ws/install/px4_msgs/include/px4_msgs/px4_msgs/msg/detail/actuator_motors__rosidl_typesupport_introspection_c.h
[137.539s] -- Installing: /home/wh1te/ros2_ws/install/px4_msgs/include/px4_msgs/px4_msgs/msg/detail/cellular_status__type_support.c
[137.539s] -- Installing: /home/wh1te/ros2_ws/install/px4_msgs/include/px4_msgs/px4_msgs/msg/detail/battery_status__type_support.c
[137.539s] -- Installing: /home/wh1te/ros2_ws/install/px4_msgs/include/px4_msgs/px4_msgs/msg/detail/actuator_outputs__type_support.c
[137.539s] -- Installing: /home/wh1te/ros2_ws/install/px4_msgs/include/px4_msgs/px4_msgs/msg/detail/obstacle_distance__rosidl_typesupport_introspection_c.h
[137.539s] -- Installing: /home/wh1te/ros2_ws/install/px4_msgs/include/px4_msgs/px4_msgs/msg/detail/landing_target_pose__rosidl_typesupport_introspection_c.h
[137.539s] -- Installing: /home/wh1te/ros2_ws/install/px4_msgs/include/px4_msgs/px4_msgs/msg/detail/timesync_status__type_support.c
[137.539s] -- Installing: /home/wh1te/ros2_ws/install/px4_msgs/include/px4_msgs/px4_msgs/msg/detail/landing_gear__rosidl_typesupport_introspection_c.h
[137.539s] -- Installing: /home/wh1te/ros2_ws/install/px4_msgs/include/px4_msgs/px4_msgs/msg/detail/estimator_bias__rosidl_typesupport_introspection_c.h
[137.539s] -- Installing: /home/wh1te/ros2_ws/install/px4_msgs/include/px4_msgs/px4_msgs/msg/detail/hover_thrust_estimate__rosidl_typesupport_introspection_c.h
[137.539s] -- Installing: /home/wh1te/ros2_ws/install/px4_msgs/include/px4_msgs/px4_msgs/msg/detail/iridiumsbd_status__type_support.c
[137.539s] -- Installing: /home/wh1te/ros2_ws/install/px4_msgs/include/px4_msgs/px4_msgs/msg/detail/px4io_status__type_support.c
[137.540s] -- Installing: /home/wh1te/ros2_ws/install/px4_msgs/include/px4_msgs/px4_msgs/msg/detail/heater_status__rosidl_typesupport_introspection_c.h
[137.540s] -- Installing: /home/wh1te/ros2_ws/install/px4_msgs/include/px4_msgs/px4_msgs/msg/detail/landing_target_innovations__type_support.c
[137.540s] -- Installing: /home/wh1te/ros2_ws/install/px4_msgs/include/px4_msgs/px4_msgs/msg/detail/debug_key_value__type_support.c
[137.540s] -- Installing: /home/wh1te/ros2_ws/install/px4_msgs/include/px4_msgs/px4_msgs/msg/detail/sensor_gnss_relative__rosidl_typesupport_introspection_c.h
[137.540s] -- Installing: /home/wh1te/ros2_ws/install/px4_msgs/include/px4_msgs/px4_msgs/msg/detail/airspeed_wind__type_support.c
[137.540s] -- Installing: /home/wh1te/ros2_ws/install/px4_msgs/include/px4_msgs/px4_msgs/msg/detail/mag_worker_data__type_support.c
[137.540s] -- Installing: /home/wh1te/ros2_ws/install/px4_msgs/include/px4_msgs/px4_msgs/msg/detail/vehicle_status__type_support.c
[137.540s] -- Installing: /home/wh1te/ros2_ws/install/px4_msgs/include/px4_msgs/px4_msgs/msg/detail/collision_constraints__rosidl_typesupport_introspection_c.h
[137.540s] -- Installing: /home/wh1te/ros2_ws/install/px4_msgs/include/px4_msgs/px4_msgs/msg/detail/position_controller_status__type_support.c
[137.540s] -- Installing: /home/wh1te/ros2_ws/install/px4_msgs/include/px4_msgs/px4_msgs/msg/detail/vehicle_local_position__rosidl_typesupport_introspection_c.h
[137.540s] -- Installing: /home/wh1te/ros2_ws/install/px4_msgs/include/px4_msgs/px4_msgs/msg/detail/transponder_report__rosidl_typesupport_introspection_c.h
[137.540s] -- Installing: /home/wh1te/ros2_ws/install/px4_msgs/include/px4_msgs/px4_msgs/msg/detail/failure_detector_status__type_support.c
[137.540s] -- Installing: /home/wh1te/ros2_ws/install/px4_msgs/include/px4_msgs/px4_msgs/msg/detail/tecs_status__type_support.c
[137.540s] -- Installing: /home/wh1te/ros2_ws/install/px4_msgs/include/px4_msgs/px4_msgs/msg/detail/esc_report__type_support.c
[137.541s] -- Installing: /home/wh1te/ros2_ws/install/px4_msgs/include/px4_msgs/px4_msgs/msg/detail/estimator_sensor_bias__rosidl_typesupport_introspection_c.h
[137.541s] -- Installing: /home/wh1te/ros2_ws/install/px4_msgs/include/px4_msgs/px4_msgs/msg/detail/iridiumsbd_status__rosidl_typesupport_introspection_c.h
[137.541s] -- Installing: /home/wh1te/ros2_ws/install/px4_msgs/include/px4_msgs/px4_msgs/msg/detail/mavlink_log__type_support.c
[137.541s] -- Installing: /home/wh1te/ros2_ws/install/px4_msgs/include/px4_msgs/px4_msgs/msg/detail/mavlink_tunnel__type_support.c
[137.541s] -- Installing: /home/wh1te/ros2_ws/install/px4_msgs/include/px4_msgs/px4_msgs/msg/detail/input_rc__type_support.c
[137.541s] -- Installing: /home/wh1te/ros2_ws/install/px4_msgs/include/px4_msgs/px4_msgs/msg/detail/estimator_event_flags__type_support.c
[137.541s] -- Installing: /home/wh1te/ros2_ws/install/px4_msgs/include/px4_msgs/px4_msgs/msg/detail/sensor_correction__type_support.c
[137.541s] -- Installing: /home/wh1te/ros2_ws/install/px4_msgs/include/px4_msgs/px4_msgs/msg/detail/esc_report__rosidl_typesupport_introspection_c.h
[137.541s] -- Installing: /home/wh1te/ros2_ws/install/px4_msgs/include/px4_msgs/px4_msgs/msg/detail/gimbal_controls__rosidl_typesupport_introspection_c.h
[137.541s] -- Installing: /home/wh1te/ros2_ws/install/px4_msgs/include/px4_msgs/px4_msgs/msg/detail/npfg_status__rosidl_typesupport_introspection_c.h
[137.541s] -- Installing: /home/wh1te/ros2_ws/install/px4_msgs/include/px4_msgs/px4_msgs/msg/detail/vehicle_imu_status__rosidl_typesupport_introspection_c.h
[137.541s] -- Installing: /home/wh1te/ros2_ws/install/px4_msgs/include/px4_msgs/px4_msgs/msg/detail/wind__rosidl_typesupport_introspection_c.h
[137.541s] -- Installing: /home/wh1te/ros2_ws/install/px4_msgs/include/px4_msgs/px4_msgs/msg/detail/sensors_status_imu__type_support.c
[137.541s] -- Installing: /home/wh1te/ros2_ws/install/px4_msgs/include/px4_msgs/px4_msgs/msg/detail/camera_status__type_support.c
[137.542s] -- Installing: /home/wh1te/ros2_ws/install/px4_msgs/include/px4_msgs/px4_msgs/msg/detail/vehicle_global_position__type_support.c
[137.542s] -- Installing: /home/wh1te/ros2_ws/install/px4_msgs/include/px4_msgs/px4_msgs/msg/detail/vehicle_angular_velocity__type_support.c
[137.542s] -- Installing: /home/wh1te/ros2_ws/install/px4_msgs/include/px4_msgs/px4_msgs/msg/detail/vehicle_angular_velocity__rosidl_typesupport_introspection_c.h
[137.542s] -- Installing: /home/wh1te/ros2_ws/install/px4_msgs/include/px4_msgs/px4_msgs/msg/detail/gimbal_device_attitude_status__rosidl_typesupport_introspection_c.h
[137.542s] -- Installing: /home/wh1te/ros2_ws/install/px4_msgs/include/px4_msgs/px4_msgs/msg/detail/orbit_status__type_support.c
[137.542s] -- Installing: /home/wh1te/ros2_ws/install/px4_msgs/include/px4_msgs/px4_msgs/msg/detail/ulog_stream__type_support.c
[137.542s] -- Installing: /home/wh1te/ros2_ws/install/px4_msgs/include/px4_msgs/px4_msgs/msg/detail/input_rc__rosidl_typesupport_introspection_c.h
[137.542s] -- Installing: /home/wh1te/ros2_ws/install/px4_msgs/include/px4_msgs/px4_msgs/msg/detail/differential_pressure__type_support.c
[137.542s] -- Installing: /home/wh1te/ros2_ws/install/px4_msgs/include/px4_msgs/px4_msgs/msg/detail/sensor_selection__rosidl_typesupport_introspection_c.h
[137.542s] -- Installing: /home/wh1te/ros2_ws/install/px4_msgs/include/px4_msgs/px4_msgs/msg/detail/sensor_gyro_fifo__type_support.c
[137.542s] -- Installing: /home/wh1te/ros2_ws/install/px4_msgs/include/px4_msgs/px4_msgs/msg/detail/vehicle_air_data__rosidl_typesupport_introspection_c.h
[137.542s] -- Installing: /home/wh1te/ros2_ws/install/px4_msgs/include/px4_msgs/px4_msgs/msg/detail/esc_status__type_support.c
[137.542s] -- Installing: /home/wh1te/ros2_ws/install/px4_msgs/include/px4_msgs/px4_msgs/msg/detail/home_position__type_support.c
[137.542s] -- Installing: /home/wh1te/ros2_ws/install/px4_msgs/include/px4_msgs/px4_msgs/msg/detail/ulog_stream__rosidl_typesupport_introspection_c.h
[137.543s] -- Installing: /home/wh1te/ros2_ws/install/px4_msgs/include/px4_msgs/px4_msgs/msg/detail/action_request__rosidl_typesupport_introspection_c.h
[137.543s] -- Installing: /home/wh1te/ros2_ws/install/px4_msgs/include/px4_msgs/px4_msgs/msg/detail/manual_control_switches__rosidl_typesupport_introspection_c.h
[137.543s] -- Installing: /home/wh1te/ros2_ws/install/px4_msgs/include/px4_msgs/px4_msgs/msg/detail/parameter_update__type_support.c
[137.543s] -- Installing: /home/wh1te/ros2_ws/install/px4_msgs/include/px4_msgs/px4_msgs/msg/detail/sensor_uwb__rosidl_typesupport_introspection_c.h
[137.543s] -- Installing: /home/wh1te/ros2_ws/install/px4_msgs/include/px4_msgs/px4_msgs/msg/detail/vehicle_command__rosidl_typesupport_introspection_c.h
[137.543s] -- Installing: /home/wh1te/ros2_ws/install/px4_msgs/include/px4_msgs/px4_msgs/msg/detail/system_power__rosidl_typesupport_introspection_c.h
[137.543s] -- Installing: /home/wh1te/ros2_ws/install/px4_msgs/include/px4_msgs/px4_msgs/msg/detail/sensor_combined__rosidl_typesupport_introspection_c.h
[137.543s] -- Installing: /home/wh1te/ros2_ws/install/px4_msgs/include/px4_msgs/px4_msgs/msg/detail/airspeed__rosidl_typesupport_introspection_c.h
[137.543s] -- Installing: /home/wh1te/ros2_ws/install/px4_msgs/include/px4_msgs/px4_msgs/msg/detail/task_stack_info__type_support.c
[137.543s] -- Installing: /home/wh1te/ros2_ws/install/px4_msgs/include/px4_msgs/px4_msgs/msg/detail/home_position__rosidl_typesupport_introspection_c.h
[137.543s] -- Installing: /home/wh1te/ros2_ws/install/px4_msgs/include/px4_msgs/px4_msgs/msg/detail/estimator_innovations__rosidl_typesupport_introspection_c.h
[137.543s] -- Installing: /home/wh1te/ros2_ws/install/px4_msgs/include/px4_msgs/px4_msgs/msg/detail/estimator_selector_status__rosidl_typesupport_introspection_c.h
[137.543s] -- Installing: /home/wh1te/ros2_ws/install/px4_msgs/include/px4_msgs/px4_msgs/msg/detail/vtol_vehicle_status__rosidl_typesupport_introspection_c.h
[137.543s] -- Installing: /home/wh1te/ros2_ws/install/px4_msgs/include/px4_msgs/px4_msgs/msg/detail/manual_control_switches__type_support.c
[137.543s] -- Installing: /home/wh1te/ros2_ws/install/px4_msgs/include/px4_msgs/px4_msgs/msg/detail/radio_status__type_support.c
[137.544s] -- Installing: /home/wh1te/ros2_ws/install/px4_msgs/include/px4_msgs/px4_msgs/msg/detail/gimbal_manager_set_attitude__type_support.c
[137.544s] -- Installing: /home/wh1te/ros2_ws/install/px4_msgs/include/px4_msgs/px4_msgs/msg/detail/estimator_event_flags__rosidl_typesupport_introspection_c.h
[137.544s] -- Installing: /home/wh1te/ros2_ws/install/px4_msgs/include/px4_msgs/px4_msgs/msg/detail/estimator_status_flags__type_support.c
[137.544s] -- Installing: /home/wh1te/ros2_ws/install/px4_msgs/include/px4_msgs/px4_msgs/msg/detail/failure_detector_status__rosidl_typesupport_introspection_c.h
[137.544s] -- Installing: /home/wh1te/ros2_ws/install/px4_msgs/include/px4_msgs/px4_msgs/msg/detail/takeoff_status__rosidl_typesupport_introspection_c.h
[137.544s] -- Installing: /home/wh1te/ros2_ws/install/px4_msgs/include/px4_msgs/px4_msgs/msg/detail/orb_test_large__rosidl_typesupport_introspection_c.h
[137.544s] -- Installing: /home/wh1te/ros2_ws/install/px4_msgs/include/px4_msgs/px4_msgs/msg/detail/rtl_time_estimate__rosidl_typesupport_introspection_c.h
[137.544s] -- Installing: /home/wh1te/ros2_ws/install/px4_msgs/include/px4_msgs/px4_msgs/msg/detail/vehicle_command_ack__type_support.c
[137.544s] -- Installing: /home/wh1te/ros2_ws/install/px4_msgs/include/px4_msgs/px4_msgs/msg/detail/telemetry_status__type_support.c
[137.544s] -- Installing: /home/wh1te/ros2_ws/install/px4_msgs/include/px4_msgs/px4_msgs/msg/detail/estimator_bias3d__type_support.c
[137.544s] -- Installing: /home/wh1te/ros2_ws/install/px4_msgs/include/px4_msgs/px4_msgs/msg/detail/event__rosidl_typesupport_introspection_c.h
[137.544s] -- Installing: /home/wh1te/ros2_ws/install/px4_msgs/include/px4_msgs/px4_msgs/msg/detail/launch_detection_status__rosidl_typesupport_introspection_c.h
[137.544s] -- Installing: /home/wh1te/ros2_ws/install/px4_msgs/include/px4_msgs/px4_msgs/msg/detail/sensor_gps__rosidl_typesupport_introspection_c.h
[137.544s] -- Installing: /home/wh1te/ros2_ws/install/px4_msgs/include/px4_msgs/px4_msgs/msg/detail/gimbal_manager_set_manual_control__rosidl_typesupport_introspection_c.h
[137.545s] -- Installing: /home/wh1te/ros2_ws/install/px4_msgs/include/px4_msgs/px4_msgs/msg/detail/follow_target__type_support.c
[137.545s] -- Installing: /home/wh1te/ros2_ws/install/px4_msgs/include/px4_msgs/px4_msgs/msg/detail/sensor_accel__rosidl_typesupport_introspection_c.h
[137.545s] -- Installing: /home/wh1te/ros2_ws/install/px4_msgs/include/px4_msgs/px4_msgs/msg/detail/estimator_bias__type_support.c
[137.545s] -- Installing: /home/wh1te/ros2_ws/install/px4_msgs/include/px4_msgs/px4_msgs/msg/detail/mount_orientation__type_support.c
[137.545s] -- Installing: /home/wh1te/ros2_ws/install/px4_msgs/include/px4_msgs/px4_msgs/msg/detail/ekf2_timestamps__type_support.c
[137.545s] -- Installing: /home/wh1te/ros2_ws/install/px4_msgs/include/px4_msgs/px4_msgs/msg/detail/yaw_estimator_status__rosidl_typesupport_introspection_c.h
[137.545s] -- Installing: /home/wh1te/ros2_ws/install/px4_msgs/include/px4_msgs/px4_msgs/msg/detail/gripper__type_support.c
[137.545s] -- Installing: /home/wh1te/ros2_ws/install/px4_msgs/include/px4_msgs/px4_msgs/msg/detail/sensor_accel_fifo__type_support.c
[137.545s] -- Installing: /home/wh1te/ros2_ws/install/px4_msgs/include/px4_msgs/px4_msgs/msg/detail/mavlink_tunnel__rosidl_typesupport_introspection_c.h
[137.545s] -- Installing: /home/wh1te/ros2_ws/install/px4_msgs/include/px4_msgs/px4_msgs/msg/detail/tiltrotor_extra_controls__type_support.c
[137.545s] -- Installing: /home/wh1te/ros2_ws/install/px4_msgs/include/px4_msgs/px4_msgs/msg/detail/manual_control_setpoint__rosidl_typesupport_introspection_c.h
[137.545s] -- Installing: /home/wh1te/ros2_ws/install/px4_msgs/include/px4_msgs/px4_msgs/msg/detail/vehicle_local_position_setpoint__type_support.c
[137.545s] -- Installing: /home/wh1te/ros2_ws/install/px4_msgs/include/px4_msgs/px4_msgs/msg/detail/debug_key_value__rosidl_typesupport_introspection_c.h
[137.545s] -- Installing: /home/wh1te/ros2_ws/install/px4_msgs/include/px4_msgs/px4_msgs/msg/detail/estimator_states__type_support.c
[137.546s] -- Installing: /home/wh1te/ros2_ws/install/px4_msgs/include/px4_msgs/px4_msgs/msg/detail/magnetometer_bias_estimate__rosidl_typesupport_introspection_c.h
[137.546s] -- Installing: /home/wh1te/ros2_ws/install/px4_msgs/include/px4_msgs/px4_msgs/msg/detail/orb_test_medium__type_support.c
[137.546s] -- Installing: /home/wh1te/ros2_ws/install/px4_msgs/include/px4_msgs/px4_msgs/msg/detail/vehicle_acceleration__rosidl_typesupport_introspection_c.h
[137.546s] -- Installing: /home/wh1te/ros2_ws/install/px4_msgs/include/px4_msgs/px4_msgs/msg/detail/generator_status__rosidl_typesupport_introspection_c.h
[137.546s] -- Installing: /home/wh1te/ros2_ws/install/px4_msgs/include/px4_msgs/px4_msgs/msg/detail/actuator_armed__rosidl_typesupport_introspection_c.h
[137.546s] -- Installing: /home/wh1te/ros2_ws/install/px4_msgs/include/px4_msgs/px4_msgs/msg/detail/gripper__rosidl_typesupport_introspection_c.h
[137.546s] -- Installing: /home/wh1te/ros2_ws/install/px4_msgs/include/px4_msgs/px4_msgs/msg/detail/vehicle_torque_setpoint__rosidl_typesupport_introspection_c.h
[137.546s] -- Installing: /home/wh1te/ros2_ws/install/px4_msgs/include/px4_msgs/px4_msgs/msg/detail/radio_status__rosidl_typesupport_introspection_c.h
[137.546s] -- Installing: /home/wh1te/ros2_ws/install/px4_msgs/include/px4_msgs/px4_msgs/msg/detail/button_event__type_support.c
[137.546s] -- Installing: /home/wh1te/ros2_ws/install/px4_msgs/include/px4_msgs/px4_msgs/msg/detail/rc_channels__rosidl_typesupport_introspection_c.h
[137.546s] -- Installing: /home/wh1te/ros2_ws/install/px4_msgs/include/px4_msgs/px4_msgs/msg/detail/uavcan_parameter_value__rosidl_typesupport_introspection_c.h
[137.546s] -- Installing: /home/wh1te/ros2_ws/install/px4_msgs/include/px4_msgs/px4_msgs/msg/detail/collision_report__type_support.c
[137.546s] -- Installing: /home/wh1te/ros2_ws/install/px4_msgs/include/px4_msgs/px4_msgs/msg/detail/gimbal_controls__type_support.c
[137.546s] -- Installing: /home/wh1te/ros2_ws/install/px4_msgs/include/px4_msgs/px4_msgs/msg/detail/ping__type_support.c
[137.546s] -- Installing: /home/wh1te/ros2_ws/install/px4_msgs/include/px4_msgs/px4_msgs/msg/detail/uavcan_parameter_value__type_support.c
[137.547s] -- Installing: /home/wh1te/ros2_ws/install/px4_msgs/include/px4_msgs/px4_msgs/msg/detail/estimator_aid_source3d__rosidl_typesupport_introspection_c.h
[137.547s] -- Installing: /home/wh1te/ros2_ws/install/px4_msgs/include/px4_msgs/px4_msgs/msg/detail/landing_target_innovations__rosidl_typesupport_introspection_c.h
[137.547s] -- Installing: /home/wh1te/ros2_ws/install/px4_msgs/include/px4_msgs/px4_msgs/msg/detail/vehicle_command_ack__rosidl_typesupport_introspection_c.h
[137.547s] -- Installing: /home/wh1te/ros2_ws/install/px4_msgs/include/px4_msgs/px4_msgs/msg/detail/mag_worker_data__rosidl_typesupport_introspection_c.h
[137.547s] -- Installing: /home/wh1te/ros2_ws/install/px4_msgs/include/px4_msgs/px4_msgs/msg/detail/vehicle_roi__type_support.c
[137.547s] -- Installing: /home/wh1te/ros2_ws/install/px4_msgs/include/px4_msgs/px4_msgs/msg/detail/vehicle_constraints__type_support.c
[137.547s] -- Installing: /home/wh1te/ros2_ws/install/px4_msgs/include/px4_msgs/px4_msgs/msg/detail/gimbal_device_information__rosidl_typesupport_introspection_c.h
[137.547s] -- Installing: /home/wh1te/ros2_ws/install/px4_msgs/include/px4_msgs/px4_msgs/msg/detail/logger_status__type_support.c
[137.547s] -- Installing: /home/wh1te/ros2_ws/install/px4_msgs/include/px4_msgs/px4_msgs/msg/detail/vehicle_land_detected__type_support.c
[137.547s] -- Installing: /home/wh1te/ros2_ws/install/px4_msgs/include/px4_msgs/px4_msgs/msg/detail/rc_channels__type_support.c
[137.547s] -- Installing: /home/wh1te/ros2_ws/install/px4_msgs/include/px4_msgs/px4_msgs/msg/detail/vehicle_thrust_setpoint__rosidl_typesupport_introspection_c.h
[137.547s] -- Installing: /home/wh1te/ros2_ws/install/px4_msgs/include/px4_msgs/px4_msgs/msg/detail/tune_control__type_support.c
[137.547s] -- Installing: /home/wh1te/ros2_ws/install/px4_msgs/include/px4_msgs/px4_msgs/msg/detail/rc_parameter_map__rosidl_typesupport_introspection_c.h
[137.547s] -- Installing: /home/wh1te/ros2_ws/install/px4_msgs/include/px4_msgs/px4_msgs/msg/detail/ekf2_timestamps__rosidl_typesupport_introspection_c.h
[137.548s] -- Installing: /home/wh1te/ros2_ws/install/px4_msgs/include/px4_msgs/px4_msgs/msg/detail/actuator_armed__type_support.c
[137.548s] -- Installing: /home/wh1te/ros2_ws/install/px4_msgs/include/px4_msgs/px4_msgs/msg/detail/actuator_servos__rosidl_typesupport_introspection_c.h
[137.548s] -- Installing: /home/wh1te/ros2_ws/install/px4_msgs/include/px4_msgs/px4_msgs/msg/detail/logger_status__rosidl_typesupport_introspection_c.h
[137.548s] -- Installing: /home/wh1te/ros2_ws/install/px4_msgs/include/px4_msgs/px4_msgs/msg/detail/debug_value__type_support.c
[137.548s] -- Installing: /home/wh1te/ros2_ws/install/px4_msgs/include/px4_msgs/px4_msgs/msg/detail/offboard_control_mode__type_support.c
[137.548s] -- Installing: /home/wh1te/ros2_ws/install/px4_msgs/include/px4_msgs/px4_msgs/msg/detail/vehicle_imu_status__type_support.c
[137.548s] -- Installing: /home/wh1te/ros2_ws/install/px4_msgs/include/px4_msgs/px4_msgs/msg/detail/orb_test__rosidl_typesupport_introspection_c.h
[137.548s] -- Installing: /home/wh1te/ros2_ws/install/px4_msgs/include/px4_msgs/px4_msgs/msg/detail/sensor_optical_flow__rosidl_typesupport_introspection_c.h
[137.548s] -- Installing: /home/wh1te/ros2_ws/install/px4_msgs/include/px4_msgs/px4_msgs/msg/detail/gps_inject_data__rosidl_typesupport_introspection_c.h
[137.548s] -- Installing: /home/wh1te/ros2_ws/install/px4_msgs/include/px4_msgs/px4_msgs/msg/detail/gimbal_manager_status__type_support.c
[137.548s] -- Installing: /home/wh1te/ros2_ws/install/px4_msgs/include/px4_msgs/px4_msgs/msg/detail/qshell_req__rosidl_typesupport_introspection_c.h
[137.548s] -- Installing: /home/wh1te/ros2_ws/install/px4_msgs/include/px4_msgs/px4_msgs/msg/detail/button_event__rosidl_typesupport_introspection_c.h
[137.548s] -- Installing: /home/wh1te/ros2_ws/install/px4_msgs/include/px4_msgs/px4_msgs/msg/detail/vehicle_local_position__type_support.c
[137.548s] -- Installing: /home/wh1te/ros2_ws/install/px4_msgs/include/px4_msgs/px4_msgs/msg/detail/tecs_status__rosidl_typesupport_introspection_c.h
[137.549s] -- Installing: /home/wh1te/ros2_ws/install/px4_msgs/include/px4_msgs/px4_msgs/msg/detail/sensor_accel__type_support.c
[137.549s] -- Installing: /home/wh1te/ros2_ws/install/px4_msgs/include/px4_msgs/px4_msgs/msg/detail/launch_detection_status__type_support.c
[137.549s] -- Installing: /home/wh1te/ros2_ws/install/px4_msgs/include/px4_msgs/px4_msgs/msg/detail/sensor_selection__type_support.c
[137.549s] -- Installing: /home/wh1te/ros2_ws/install/px4_msgs/include/px4_msgs/px4_msgs/msg/detail/uavcan_parameter_request__type_support.c
[137.549s] -- Installing: /home/wh1te/ros2_ws/install/px4_msgs/include/px4_msgs/px4_msgs/msg/detail/esc_status__rosidl_typesupport_introspection_c.h
[137.549s] -- Installing: /home/wh1te/ros2_ws/install/px4_msgs/include/px4_msgs/px4_msgs/msg/detail/mission__rosidl_typesupport_introspection_c.h
[137.549s] -- Installing: /home/wh1te/ros2_ws/install/px4_msgs/include/px4_msgs/px4_msgs/msg/detail/hover_thrust_estimate__type_support.c
[137.549s] -- Installing: /home/wh1te/ros2_ws/install/px4_msgs/include/px4_msgs/px4_msgs/msg/detail/rc_parameter_map__type_support.c
[137.549s] -- Installing: /home/wh1te/ros2_ws/install/px4_msgs/include/px4_msgs/px4_msgs/msg/detail/gimbal_manager_status__rosidl_typesupport_introspection_c.h
[137.549s] -- Installing: /home/wh1te/ros2_ws/install/px4_msgs/include/px4_msgs/px4_msgs/msg/detail/navigator_mission_item__rosidl_typesupport_introspection_c.h
[137.549s] -- Installing: /home/wh1te/ros2_ws/install/px4_msgs/include/px4_msgs/px4_msgs/msg/detail/trajectory_bezier__type_support.c
[137.549s] -- Installing: /home/wh1te/ros2_ws/install/px4_msgs/include/px4_msgs/px4_msgs/msg/detail/distance_sensor__type_support.c
[137.549s] -- Installing: /home/wh1te/ros2_ws/install/px4_msgs/include/px4_msgs/px4_msgs/msg/detail/power_button_state__rosidl_typesupport_introspection_c.h
[137.549s] -- Installing: /home/wh1te/ros2_ws/install/px4_msgs/include/px4_msgs/px4_msgs/msg/detail/pwm_input__rosidl_typesupport_introspection_c.h
[137.550s] -- Installing: /home/wh1te/ros2_ws/install/px4_msgs/include/px4_msgs/px4_msgs/msg/detail/offboard_control_mode__rosidl_typesupport_introspection_c.h
[137.550s] -- Installing: /home/wh1te/ros2_ws/install/px4_msgs/include/px4_msgs/px4_msgs/msg/detail/orb_test__type_support.c
[137.550s] -- Installing: /home/wh1te/ros2_ws/install/px4_msgs/include/px4_msgs/px4_msgs/msg/detail/gimbal_manager_set_attitude__rosidl_typesupport_introspection_c.h
[137.550s] -- Installing: /home/wh1te/ros2_ws/install/px4_msgs/include/px4_msgs/px4_msgs/msg/detail/trajectory_setpoint__rosidl_typesupport_introspection_c.h
[137.550s] -- Installing: /home/wh1te/ros2_ws/install/px4_msgs/include/px4_msgs/px4_msgs/msg/detail/vehicle_odometry__type_support.c
[137.550s] -- Installing: /home/wh1te/ros2_ws/install/px4_msgs/include/px4_msgs/px4_msgs/msg/detail/gimbal_manager_information__rosidl_typesupport_introspection_c.h
[137.550s] -- Installing: /home/wh1te/ros2_ws/install/px4_msgs/include/px4_msgs/px4_msgs/msg/detail/vehicle_global_position__rosidl_typesupport_introspection_c.h
[137.550s] -- Installing: /home/wh1te/ros2_ws/install/px4_msgs/include/px4_msgs/px4_msgs/msg/detail/vehicle_imu__rosidl_typesupport_introspection_c.h
[137.550s] -- Installing: /home/wh1te/ros2_ws/install/px4_msgs/include/px4_msgs/px4_msgs/msg/detail/mount_orientation__rosidl_typesupport_introspection_c.h
[137.550s] -- Installing: /home/wh1te/ros2_ws/install/px4_msgs/include/px4_msgs/px4_msgs/msg/detail/airspeed_validated__rosidl_typesupport_introspection_c.h
[137.550s] -- Installing: /home/wh1te/ros2_ws/install/px4_msgs/include/px4_msgs/px4_msgs/msg/detail/qshell_retval__rosidl_typesupport_introspection_c.h
[137.550s] -- Installing: /home/wh1te/ros2_ws/install/px4_msgs/include/px4_msgs/px4_msgs/msg/detail/mode_completed__type_support.c
[137.550s] -- Installing: /home/wh1te/ros2_ws/install/px4_msgs/include/px4_msgs/px4_msgs/msg/detail/normalized_unsigned_setpoint__rosidl_typesupport_introspection_c.h
[137.550s] -- Installing: /home/wh1te/ros2_ws/install/px4_msgs/include/px4_msgs/px4_msgs/msg/detail/cpuload__rosidl_typesupport_introspection_c.h
[137.550s] -- Installing: /home/wh1te/ros2_ws/install/px4_msgs/include/px4_msgs/px4_msgs/msg/detail/actuator_controls_status__type_support.c
[137.550s] -- Installing: /home/wh1te/ros2_ws/install/px4_msgs/include/px4_msgs/px4_msgs/msg/detail/internal_combustion_engine_status__type_support.c
[137.551s] -- Installing: /home/wh1te/ros2_ws/install/px4_msgs/include/px4_msgs/px4_msgs/msg/detail/position_setpoint_triplet__rosidl_typesupport_introspection_c.h
[137.551s] -- Installing: /home/wh1te/ros2_ws/install/px4_msgs/include/px4_msgs/px4_msgs/msg/detail/airspeed_validated__type_support.c
[137.551s] -- Installing: /home/wh1te/ros2_ws/install/px4_msgs/include/px4_msgs/px4_msgs/msg/detail/actuator_motors__type_support.c
[137.551s] -- Installing: /home/wh1te/ros2_ws/install/px4_msgs/include/px4_msgs/px4_msgs/msg/detail/vehicle_roi__rosidl_typesupport_introspection_c.h
[137.551s] -- Installing: /home/wh1te/ros2_ws/install/px4_msgs/include/px4_msgs/px4_msgs/msg/detail/landing_gear__type_support.c
[137.551s] -- Installing: /home/wh1te/ros2_ws/install/px4_msgs/include/px4_msgs/px4_msgs/msg/detail/gimbal_device_attitude_status__type_support.c
[137.551s] -- Installing: /home/wh1te/ros2_ws/install/px4_msgs/include/px4_msgs/px4_msgs/msg/detail/actuator_servos_trim__type_support.c
[137.551s] -- Installing: /home/wh1te/ros2_ws/install/px4_msgs/include/px4_msgs/px4_msgs/msg/detail/vehicle_attitude__type_support.c
[137.551s] -- Installing: /home/wh1te/ros2_ws/install/px4_msgs/include/px4_msgs/px4_msgs/msg/detail/qshell_retval__type_support.c
[137.551s] -- Installing: /home/wh1te/ros2_ws/install/px4_msgs/include/px4_msgs/px4_msgs/msg/detail/sensor_uwb__type_support.c
[137.551s] -- Installing: /home/wh1te/ros2_ws/install/px4_msgs/include/px4_msgs/px4_msgs/msg/detail/debug_vect__rosidl_typesupport_introspection_c.h
[137.551s] -- Installing: /home/wh1te/ros2_ws/install/px4_msgs/include/px4_msgs/px4_msgs/msg/detail/vehicle_torque_setpoint__type_support.c
[137.551s] -- Installing: /home/wh1te/ros2_ws/install/px4_msgs/include/px4_msgs/px4_msgs/msg/detail/vehicle_acceleration__type_support.c
[137.552s] -- Installing: /home/wh1te/ros2_ws/install/px4_msgs/include/px4_msgs/px4_msgs/msg/detail/sensors_status__rosidl_typesupport_introspection_c.h
[137.552s] -- Installing: /home/wh1te/ros2_ws/install/px4_msgs/include/px4_msgs/px4_msgs/msg/detail/landing_target_pose__type_support.c
[137.552s] -- Installing: /home/wh1te/ros2_ws/install/px4_msgs/include/px4_msgs/px4_msgs/msg/detail/tune_control__rosidl_typesupport_introspection_c.h
[137.552s] -- Installing: /home/wh1te/ros2_ws/install/px4_msgs/include/px4_msgs/px4_msgs/msg/detail/generator_status__type_support.c
[137.552s] -- Installing: /home/wh1te/ros2_ws/install/px4_msgs/include/px4_msgs/px4_msgs/msg/detail/sensor_baro__rosidl_typesupport_introspection_c.h
[137.552s] -- Installing: /home/wh1te/ros2_ws/install/px4_msgs/include/px4_msgs/px4_msgs/msg/detail/vehicle_command__type_support.c
[137.552s] -- Installing: /home/wh1te/ros2_ws/install/px4_msgs/include/px4_msgs/px4_msgs/msg/detail/takeoff_status__type_support.c
[137.552s] -- Installing: /home/wh1te/ros2_ws/install/px4_msgs/include/px4_msgs/px4_msgs/msg/detail/ulog_stream_ack__type_support.c
[137.552s] -- Installing: /home/wh1te/ros2_ws/install/px4_msgs/include/px4_msgs/px4_msgs/msg/detail/trajectory_setpoint__type_support.c
[137.552s] -- Installing: /home/wh1te/ros2_ws/install/px4_msgs/include/px4_msgs/px4_msgs/msg/detail/vehicle_attitude__rosidl_typesupport_introspection_c.h
[137.552s] -- Installing: /home/wh1te/ros2_ws/install/px4_msgs/include/px4_msgs/px4_msgs/msg/detail/sensor_gps__type_support.c
[137.552s] -- Installing: /home/wh1te/ros2_ws/install/px4_msgs/include/px4_msgs/px4_msgs/msg/detail/ping__rosidl_typesupport_introspection_c.h
[137.552s] -- Installing: /home/wh1te/ros2_ws/install/px4_msgs/include/px4_msgs/px4_msgs/msg/detail/vehicle_trajectory_waypoint__rosidl_typesupport_introspection_c.h
[137.552s] -- Installing: /home/wh1te/ros2_ws/install/px4_msgs/include/px4_msgs/px4_msgs/msg/detail/autotune_attitude_control_status__type_support.c
[137.552s] -- Installing: /home/wh1te/ros2_ws/install/px4_msgs/include/px4_msgs/px4_msgs/msg/detail/yaw_estimator_status__type_support.c
[137.553s] -- Installing: /home/wh1te/ros2_ws/install/px4_msgs/include/px4_msgs/px4_msgs/msg/detail/estimator_gps_status__rosidl_typesupport_introspection_c.h
[137.553s] -- Installing: /home/wh1te/ros2_ws/install/px4_msgs/include/px4_msgs/px4_msgs/msg/detail/gps_inject_data__type_support.c
[137.553s] -- Installing: /home/wh1te/ros2_ws/install/px4_msgs/include/px4_msgs/px4_msgs/msg/detail/transponder_report__type_support.c
[137.553s] -- Installing: /home/wh1te/ros2_ws/install/px4_msgs/include/px4_msgs/px4_msgs/msg/detail/vehicle_status__rosidl_typesupport_introspection_c.h
[137.553s] -- Installing: /home/wh1te/ros2_ws/install/px4_msgs/include/px4_msgs/px4_msgs/msg/detail/irlock_report__rosidl_typesupport_introspection_c.h
[137.553s] -- Installing: /home/wh1te/ros2_ws/install/px4_msgs/include/px4_msgs/px4_msgs/msg/detail/vehicle_magnetometer__rosidl_typesupport_introspection_c.h
[137.553s] -- Installing: /home/wh1te/ros2_ws/install/px4_msgs/include/px4_msgs/px4_msgs/msg/detail/system_power__type_support.c
[137.553s] -- Installing: /home/wh1te/ros2_ws/install/px4_msgs/include/px4_msgs/px4_msgs/msg/detail/vehicle_trajectory_bezier__rosidl_typesupport_introspection_c.h
[137.553s] -- Installing: /home/wh1te/ros2_ws/install/px4_msgs/include/px4_msgs/px4_msgs/msg/detail/mode_completed__rosidl_typesupport_introspection_c.h
[137.553s] -- Installing: /home/wh1te/ros2_ws/install/px4_msgs/include/px4_msgs/px4_msgs/msg/detail/sensor_gyro__rosidl_typesupport_introspection_c.h
[137.553s] -- Installing: /home/wh1te/ros2_ws/install/px4_msgs/include/px4_msgs/px4_msgs/msg/detail/gimbal_device_set_attitude__rosidl_typesupport_introspection_c.h
[137.553s] -- Installing: /home/wh1te/ros2_ws/install/px4_msgs/include/px4_msgs/px4_msgs/msg/detail/follow_target_status__type_support.c
[137.553s] -- Installing: /home/wh1te/ros2_ws/install/px4_msgs/include/px4_msgs/px4_msgs/msg/detail/vehicle_trajectory_waypoint__type_support.c
[137.553s] -- Installing: /home/wh1te/ros2_ws/install/px4_msgs/include/px4_msgs/px4_msgs/msg/detail/sensor_preflight_mag__type_support.c
[137.554s] -- Installing: /home/wh1te/ros2_ws/install/px4_msgs/include/px4_msgs/px4_msgs/msg/detail/actuator_servos__type_support.c
[137.554s] -- Installing: /home/wh1te/ros2_ws/install/px4_msgs/include/px4_msgs/px4_msgs/msg/rosidl_typesupport_introspection_c__visibility_control.h
[137.554s] -- Installing: /home/wh1te/ros2_ws/install/px4_msgs/lib/libpx4_msgs__rosidl_typesupport_introspection_c.so
[137.555s] -- Set runtime path of "/home/wh1te/ros2_ws/install/px4_msgs/lib/libpx4_msgs__rosidl_typesupport_introspection_c.so" to ""
[137.555s] -- Installing: /home/wh1te/ros2_ws/install/px4_msgs/lib/libpx4_msgs__rosidl_typesupport_c.so
[137.555s] -- Set runtime path of "/home/wh1te/ros2_ws/install/px4_msgs/lib/libpx4_msgs__rosidl_typesupport_c.so" to ""
[137.555s] -- Up-to-date: /home/wh1te/ros2_ws/install/px4_msgs/include/px4_msgs/px4_msgs
[137.556s] -- Up-to-date: /home/wh1te/ros2_ws/install/px4_msgs/include/px4_msgs/px4_msgs/msg
[137.556s] -- Up-to-date: /home/wh1te/ros2_ws/install/px4_msgs/include/px4_msgs/px4_msgs/msg/detail
[137.556s] -- Installing: /home/wh1te/ros2_ws/install/px4_msgs/include/px4_msgs/px4_msgs/msg/detail/gimbal_device_attitude_status__rosidl_typesupport_introspection_cpp.hpp
[137.556s] -- Installing: /home/wh1te/ros2_ws/install/px4_msgs/include/px4_msgs/px4_msgs/msg/detail/position_controller_status__rosidl_typesupport_introspection_cpp.hpp
[137.556s] -- Installing: /home/wh1te/ros2_ws/install/px4_msgs/include/px4_msgs/px4_msgs/msg/detail/actuator_servos_trim__rosidl_typesupport_introspection_cpp.hpp
[137.556s] -- Installing: /home/wh1te/ros2_ws/install/px4_msgs/include/px4_msgs/px4_msgs/msg/detail/navigator_mission_item__rosidl_typesupport_introspection_cpp.hpp
[137.556s] -- Installing: /home/wh1te/ros2_ws/install/px4_msgs/include/px4_msgs/px4_msgs/msg/detail/failure_detector_status__rosidl_typesupport_introspection_cpp.hpp
[137.556s] -- Installing: /home/wh1te/ros2_ws/install/px4_msgs/include/px4_msgs/px4_msgs/msg/detail/sensors_status_imu__rosidl_typesupport_introspection_cpp.hpp
[137.556s] -- Installing: /home/wh1te/ros2_ws/install/px4_msgs/include/px4_msgs/px4_msgs/msg/detail/sensor_gnss_relative__type_support.cpp
[137.556s] -- Installing: /home/wh1te/ros2_ws/install/px4_msgs/include/px4_msgs/px4_msgs/msg/detail/vehicle_acceleration__rosidl_typesupport_introspection_cpp.hpp
[137.556s] -- Installing: /home/wh1te/ros2_ws/install/px4_msgs/include/px4_msgs/px4_msgs/msg/detail/sensor_mag__type_support.cpp
[137.556s] -- Installing: /home/wh1te/ros2_ws/install/px4_msgs/include/px4_msgs/px4_msgs/msg/detail/mount_orientation__type_support.cpp
[137.556s] -- Installing: /home/wh1te/ros2_ws/install/px4_msgs/include/px4_msgs/px4_msgs/msg/detail/ping__rosidl_typesupport_introspection_cpp.hpp
[137.556s] -- Installing: /home/wh1te/ros2_ws/install/px4_msgs/include/px4_msgs/px4_msgs/msg/detail/vehicle_odometry__type_support.cpp
[137.557s] -- Installing: /home/wh1te/ros2_ws/install/px4_msgs/include/px4_msgs/px4_msgs/msg/detail/position_controller_landing_status__type_support.cpp
[137.557s] -- Installing: /home/wh1te/ros2_ws/install/px4_msgs/include/px4_msgs/px4_msgs/msg/detail/log_message__rosidl_typesupport_introspection_cpp.hpp
[137.557s] -- Installing: /home/wh1te/ros2_ws/install/px4_msgs/include/px4_msgs/px4_msgs/msg/detail/action_request__type_support.cpp
[137.557s] -- Installing: /home/wh1te/ros2_ws/install/px4_msgs/include/px4_msgs/px4_msgs/msg/detail/irlock_report__rosidl_typesupport_introspection_cpp.hpp
[137.557s] -- Installing: /home/wh1te/ros2_ws/install/px4_msgs/include/px4_msgs/px4_msgs/msg/detail/vehicle_attitude__type_support.cpp
[137.557s] -- Installing: /home/wh1te/ros2_ws/install/px4_msgs/include/px4_msgs/px4_msgs/msg/detail/autotune_attitude_control_status__rosidl_typesupport_introspection_cpp.hpp
[137.557s] -- Installing: /home/wh1te/ros2_ws/install/px4_msgs/include/px4_msgs/px4_msgs/msg/detail/gps_dump__type_support.cpp
[137.557s] -- Installing: /home/wh1te/ros2_ws/install/px4_msgs/include/px4_msgs/px4_msgs/msg/detail/pwm_input__type_support.cpp
[137.557s] -- Installing: /home/wh1te/ros2_ws/install/px4_msgs/include/px4_msgs/px4_msgs/msg/detail/power_button_state__rosidl_typesupport_introspection_cpp.hpp
[137.557s] -- Installing: /home/wh1te/ros2_ws/install/px4_msgs/include/px4_msgs/px4_msgs/msg/detail/debug_value__type_support.cpp
[137.557s] -- Installing: /home/wh1te/ros2_ws/install/px4_msgs/include/px4_msgs/px4_msgs/msg/detail/sensor_combined__type_support.cpp
[137.557s] -- Installing: /home/wh1te/ros2_ws/install/px4_msgs/include/px4_msgs/px4_msgs/msg/detail/estimator_states__rosidl_typesupport_introspection_cpp.hpp
[137.557s] -- Installing: /home/wh1te/ros2_ws/install/px4_msgs/include/px4_msgs/px4_msgs/msg/detail/mission__rosidl_typesupport_introspection_cpp.hpp
[137.557s] -- Installing: /home/wh1te/ros2_ws/install/px4_msgs/include/px4_msgs/px4_msgs/msg/detail/vehicle_trajectory_waypoint__type_support.cpp
[137.558s] -- Installing: /home/wh1te/ros2_ws/install/px4_msgs/include/px4_msgs/px4_msgs/msg/detail/actuator_outputs__type_support.cpp
[137.558s] -- Installing: /home/wh1te/ros2_ws/install/px4_msgs/include/px4_msgs/px4_msgs/msg/detail/estimator_aid_source1d__rosidl_typesupport_introspection_cpp.hpp
[137.558s] -- Installing: /home/wh1te/ros2_ws/install/px4_msgs/include/px4_msgs/px4_msgs/msg/detail/estimator_status__type_support.cpp
[137.558s] -- Installing: /home/wh1te/ros2_ws/install/px4_msgs/include/px4_msgs/px4_msgs/msg/detail/airspeed__type_support.cpp
[137.558s] -- Installing: /home/wh1te/ros2_ws/install/px4_msgs/include/px4_msgs/px4_msgs/msg/detail/vehicle_optical_flow_vel__rosidl_typesupport_introspection_cpp.hpp
[137.558s] -- Installing: /home/wh1te/ros2_ws/install/px4_msgs/include/px4_msgs/px4_msgs/msg/detail/qshell_req__type_support.cpp
[137.558s] -- Installing: /home/wh1te/ros2_ws/install/px4_msgs/include/px4_msgs/px4_msgs/msg/detail/follow_target_status__rosidl_typesupport_introspection_cpp.hpp
[137.558s] -- Installing: /home/wh1te/ros2_ws/install/px4_msgs/include/px4_msgs/px4_msgs/msg/detail/obstacle_distance__rosidl_typesupport_introspection_cpp.hpp
[137.558s] -- Installing: /home/wh1te/ros2_ws/install/px4_msgs/include/px4_msgs/px4_msgs/msg/detail/px4io_status__type_support.cpp
[137.558s] -- Installing: /home/wh1te/ros2_ws/install/px4_msgs/include/px4_msgs/px4_msgs/msg/detail/vehicle_land_detected__rosidl_typesupport_introspection_cpp.hpp
[137.558s] -- Installing: /home/wh1te/ros2_ws/install/px4_msgs/include/px4_msgs/px4_msgs/msg/detail/sensor_gnss_relative__rosidl_typesupport_introspection_cpp.hpp
[137.558s] -- Installing: /home/wh1te/ros2_ws/install/px4_msgs/include/px4_msgs/px4_msgs/msg/detail/landing_target_pose__type_support.cpp
[137.558s] -- Installing: /home/wh1te/ros2_ws/install/px4_msgs/include/px4_msgs/px4_msgs/msg/detail/gripper__rosidl_typesupport_introspection_cpp.hpp
[137.558s] -- Installing: /home/wh1te/ros2_ws/install/px4_msgs/include/px4_msgs/px4_msgs/msg/detail/trajectory_setpoint__rosidl_typesupport_introspection_cpp.hpp
[137.559s] -- Installing: /home/wh1te/ros2_ws/install/px4_msgs/include/px4_msgs/px4_msgs/msg/detail/debug_vect__rosidl_typesupport_introspection_cpp.hpp
[137.559s] -- Installing: /home/wh1te/ros2_ws/install/px4_msgs/include/px4_msgs/px4_msgs/msg/detail/ekf2_timestamps__rosidl_typesupport_introspection_cpp.hpp
[137.559s] -- Installing: /home/wh1te/ros2_ws/install/px4_msgs/include/px4_msgs/px4_msgs/msg/detail/npfg_status__type_support.cpp
[137.559s] -- Installing: /home/wh1te/ros2_ws/install/px4_msgs/include/px4_msgs/px4_msgs/msg/detail/mode_completed__type_support.cpp
[137.559s] -- Installing: /home/wh1te/ros2_ws/install/px4_msgs/include/px4_msgs/px4_msgs/msg/detail/cpuload__rosidl_typesupport_introspection_cpp.hpp
[137.559s] -- Installing: /home/wh1te/ros2_ws/install/px4_msgs/include/px4_msgs/px4_msgs/msg/detail/mission__type_support.cpp
[137.559s] -- Installing: /home/wh1te/ros2_ws/install/px4_msgs/include/px4_msgs/px4_msgs/msg/detail/vehicle_global_position__type_support.cpp
[137.559s] -- Installing: /home/wh1te/ros2_ws/install/px4_msgs/include/px4_msgs/px4_msgs/msg/detail/landing_gear__type_support.cpp
[137.559s] -- Installing: /home/wh1te/ros2_ws/install/px4_msgs/include/px4_msgs/px4_msgs/msg/detail/sensor_preflight_mag__type_support.cpp
[137.559s] -- Installing: /home/wh1te/ros2_ws/install/px4_msgs/include/px4_msgs/px4_msgs/msg/detail/follow_target_estimator__rosidl_typesupport_introspection_cpp.hpp
[137.559s] -- Installing: /home/wh1te/ros2_ws/install/px4_msgs/include/px4_msgs/px4_msgs/msg/detail/vehicle_air_data__type_support.cpp
[137.559s] -- Installing: /home/wh1te/ros2_ws/install/px4_msgs/include/px4_msgs/px4_msgs/msg/detail/debug_key_value__type_support.cpp
[137.559s] -- Installing: /home/wh1te/ros2_ws/install/px4_msgs/include/px4_msgs/px4_msgs/msg/detail/vehicle_status__rosidl_typesupport_introspection_cpp.hpp
[137.560s] -- Installing: /home/wh1te/ros2_ws/install/px4_msgs/include/px4_msgs/px4_msgs/msg/detail/debug_value__rosidl_typesupport_introspection_cpp.hpp
[137.560s] -- Installing: /home/wh1te/ros2_ws/install/px4_msgs/include/px4_msgs/px4_msgs/msg/detail/vehicle_optical_flow__type_support.cpp
[137.560s] -- Installing: /home/wh1te/ros2_ws/install/px4_msgs/include/px4_msgs/px4_msgs/msg/detail/vehicle_imu_status__type_support.cpp
[137.560s] -- Installing: /home/wh1te/ros2_ws/install/px4_msgs/include/px4_msgs/px4_msgs/msg/detail/manual_control_setpoint__type_support.cpp
[137.560s] -- Installing: /home/wh1te/ros2_ws/install/px4_msgs/include/px4_msgs/px4_msgs/msg/detail/gps_inject_data__type_support.cpp
[137.560s] -- Installing: /home/wh1te/ros2_ws/install/px4_msgs/include/px4_msgs/px4_msgs/msg/detail/orb_test_large__type_support.cpp
[137.560s] -- Installing: /home/wh1te/ros2_ws/install/px4_msgs/include/px4_msgs/px4_msgs/msg/detail/hover_thrust_estimate__rosidl_typesupport_introspection_cpp.hpp
[137.560s] -- Installing: /home/wh1te/ros2_ws/install/px4_msgs/include/px4_msgs/px4_msgs/msg/detail/vehicle_air_data__rosidl_typesupport_introspection_cpp.hpp
[137.560s] -- Installing: /home/wh1te/ros2_ws/install/px4_msgs/include/px4_msgs/px4_msgs/msg/detail/estimator_selector_status__rosidl_typesupport_introspection_cpp.hpp
[137.560s] -- Installing: /home/wh1te/ros2_ws/install/px4_msgs/include/px4_msgs/px4_msgs/msg/detail/cellular_status__rosidl_typesupport_introspection_cpp.hpp
[137.560s] -- Installing: /home/wh1te/ros2_ws/install/px4_msgs/include/px4_msgs/px4_msgs/msg/detail/magnetometer_bias_estimate__type_support.cpp
[137.560s] -- Installing: /home/wh1te/ros2_ws/install/px4_msgs/include/px4_msgs/px4_msgs/msg/detail/rate_ctrl_status__rosidl_typesupport_introspection_cpp.hpp
[137.560s] -- Installing: /home/wh1te/ros2_ws/install/px4_msgs/include/px4_msgs/px4_msgs/msg/detail/sensor_baro__type_support.cpp
[137.561s] -- Installing: /home/wh1te/ros2_ws/install/px4_msgs/include/px4_msgs/px4_msgs/msg/detail/orb_test__type_support.cpp
[137.561s] -- Installing: /home/wh1te/ros2_ws/install/px4_msgs/include/px4_msgs/px4_msgs/msg/detail/ekf2_timestamps__type_support.cpp
[137.561s] -- Installing: /home/wh1te/ros2_ws/install/px4_msgs/include/px4_msgs/px4_msgs/msg/detail/sensor_gyro_fifo__rosidl_typesupport_introspection_cpp.hpp
[137.561s] -- Installing: /home/wh1te/ros2_ws/install/px4_msgs/include/px4_msgs/px4_msgs/msg/detail/vehicle_trajectory_bezier__rosidl_typesupport_introspection_cpp.hpp
[137.561s] -- Installing: /home/wh1te/ros2_ws/install/px4_msgs/include/px4_msgs/px4_msgs/msg/detail/gimbal_manager_status__rosidl_typesupport_introspection_cpp.hpp
[137.561s] -- Installing: /home/wh1te/ros2_ws/install/px4_msgs/include/px4_msgs/px4_msgs/msg/detail/estimator_sensor_bias__type_support.cpp
[137.561s] -- Installing: /home/wh1te/ros2_ws/install/px4_msgs/include/px4_msgs/px4_msgs/msg/detail/vehicle_thrust_setpoint__type_support.cpp
[137.561s] -- Installing: /home/wh1te/ros2_ws/install/px4_msgs/include/px4_msgs/px4_msgs/msg/detail/satellite_info__rosidl_typesupport_introspection_cpp.hpp
[137.561s] -- Installing: /home/wh1te/ros2_ws/install/px4_msgs/include/px4_msgs/px4_msgs/msg/detail/orb_test_large__rosidl_typesupport_introspection_cpp.hpp
[137.561s] -- Installing: /home/wh1te/ros2_ws/install/px4_msgs/include/px4_msgs/px4_msgs/msg/detail/gimbal_device_information__type_support.cpp
[137.561s] -- Installing: /home/wh1te/ros2_ws/install/px4_msgs/include/px4_msgs/px4_msgs/msg/detail/battery_status__type_support.cpp
[137.561s] -- Installing: /home/wh1te/ros2_ws/install/px4_msgs/include/px4_msgs/px4_msgs/msg/detail/wind__rosidl_typesupport_introspection_cpp.hpp
[137.561s] -- Installing: /home/wh1te/ros2_ws/install/px4_msgs/include/px4_msgs/px4_msgs/msg/detail/differential_pressure__rosidl_typesupport_introspection_cpp.hpp
[137.561s] -- Installing: /home/wh1te/ros2_ws/install/px4_msgs/include/px4_msgs/px4_msgs/msg/detail/follow_target__rosidl_typesupport_introspection_cpp.hpp
[137.562s] -- Installing: /home/wh1te/ros2_ws/install/px4_msgs/include/px4_msgs/px4_msgs/msg/detail/sensor_uwb__rosidl_typesupport_introspection_cpp.hpp
[137.562s] -- Installing: /home/wh1te/ros2_ws/install/px4_msgs/include/px4_msgs/px4_msgs/msg/detail/irlock_report__type_support.cpp
[137.562s] -- Installing: /home/wh1te/ros2_ws/install/px4_msgs/include/px4_msgs/px4_msgs/msg/detail/gimbal_controls__rosidl_typesupport_introspection_cpp.hpp
[137.562s] -- Installing: /home/wh1te/ros2_ws/install/px4_msgs/include/px4_msgs/px4_msgs/msg/detail/estimator_sensor_bias__rosidl_typesupport_introspection_cpp.hpp
[137.562s] -- Installing: /home/wh1te/ros2_ws/install/px4_msgs/include/px4_msgs/px4_msgs/msg/detail/airspeed_wind__rosidl_typesupport_introspection_cpp.hpp
[137.562s] -- Installing: /home/wh1te/ros2_ws/install/px4_msgs/include/px4_msgs/px4_msgs/msg/detail/navigator_mission_item__type_support.cpp
[137.562s] -- Installing: /home/wh1te/ros2_ws/install/px4_msgs/include/px4_msgs/px4_msgs/msg/detail/vehicle_command_ack__rosidl_typesupport_introspection_cpp.hpp
[137.562s] -- Installing: /home/wh1te/ros2_ws/install/px4_msgs/include/px4_msgs/px4_msgs/msg/detail/gimbal_controls__type_support.cpp
[137.562s] -- Installing: /home/wh1te/ros2_ws/install/px4_msgs/include/px4_msgs/px4_msgs/msg/detail/vehicle_imu__type_support.cpp
[137.562s] -- Installing: /home/wh1te/ros2_ws/install/px4_msgs/include/px4_msgs/px4_msgs/msg/detail/estimator_bias__rosidl_typesupport_introspection_cpp.hpp
[137.562s] -- Installing: /home/wh1te/ros2_ws/install/px4_msgs/include/px4_msgs/px4_msgs/msg/detail/manual_control_switches__rosidl_typesupport_introspection_cpp.hpp
[137.562s] -- Installing: /home/wh1te/ros2_ws/install/px4_msgs/include/px4_msgs/px4_msgs/msg/detail/estimator_aid_source2d__type_support.cpp
[137.562s] -- Installing: /home/wh1te/ros2_ws/install/px4_msgs/include/px4_msgs/px4_msgs/msg/detail/vehicle_trajectory_waypoint__rosidl_typesupport_introspection_cpp.hpp
[137.562s] -- Installing: /home/wh1te/ros2_ws/install/px4_msgs/include/px4_msgs/px4_msgs/msg/detail/offboard_control_mode__rosidl_typesupport_introspection_cpp.hpp
[137.562s] -- Installing: /home/wh1te/ros2_ws/install/px4_msgs/include/px4_msgs/px4_msgs/msg/detail/sensor_hygrometer__rosidl_typesupport_introspection_cpp.hpp
[137.563s] -- Installing: /home/wh1te/ros2_ws/install/px4_msgs/include/px4_msgs/px4_msgs/msg/detail/tune_control__type_support.cpp
[137.563s] -- Installing: /home/wh1te/ros2_ws/install/px4_msgs/include/px4_msgs/px4_msgs/msg/detail/vehicle_rates_setpoint__type_support.cpp
[137.563s] -- Installing: /home/wh1te/ros2_ws/install/px4_msgs/include/px4_msgs/px4_msgs/msg/detail/radio_status__type_support.cpp
[137.563s] -- Installing: /home/wh1te/ros2_ws/install/px4_msgs/include/px4_msgs/px4_msgs/msg/detail/mission_result__type_support.cpp
[137.563s] -- Installing: /home/wh1te/ros2_ws/install/px4_msgs/include/px4_msgs/px4_msgs/msg/detail/power_button_state__type_support.cpp
[137.563s] -- Installing: /home/wh1te/ros2_ws/install/px4_msgs/include/px4_msgs/px4_msgs/msg/detail/trajectory_bezier__rosidl_typesupport_introspection_cpp.hpp
[137.563s] -- Installing: /home/wh1te/ros2_ws/install/px4_msgs/include/px4_msgs/px4_msgs/msg/detail/debug_array__type_support.cpp
[137.563s] -- Installing: /home/wh1te/ros2_ws/install/px4_msgs/include/px4_msgs/px4_msgs/msg/detail/estimator_states__type_support.cpp
[137.563s] -- Installing: /home/wh1te/ros2_ws/install/px4_msgs/include/px4_msgs/px4_msgs/msg/detail/magnetometer_bias_estimate__rosidl_typesupport_introspection_cpp.hpp
[137.563s] -- Installing: /home/wh1te/ros2_ws/install/px4_msgs/include/px4_msgs/px4_msgs/msg/detail/obstacle_distance__type_support.cpp
[137.563s] -- Installing: /home/wh1te/ros2_ws/install/px4_msgs/include/px4_msgs/px4_msgs/msg/detail/vehicle_magnetometer__rosidl_typesupport_introspection_cpp.hpp
[137.563s] -- Installing: /home/wh1te/ros2_ws/install/px4_msgs/include/px4_msgs/px4_msgs/msg/detail/logger_status__type_support.cpp
[137.563s] -- Installing: /home/wh1te/ros2_ws/install/px4_msgs/include/px4_msgs/px4_msgs/msg/detail/position_controller_landing_status__rosidl_typesupport_introspection_cpp.hpp
[137.564s] -- Installing: /home/wh1te/ros2_ws/install/px4_msgs/include/px4_msgs/px4_msgs/msg/detail/power_monitor__type_support.cpp
[137.564s] -- Installing: /home/wh1te/ros2_ws/install/px4_msgs/include/px4_msgs/px4_msgs/msg/detail/health_report__type_support.cpp
[137.564s] -- Installing: /home/wh1te/ros2_ws/install/px4_msgs/include/px4_msgs/px4_msgs/msg/detail/vehicle_control_mode__type_support.cpp
[137.564s] -- Installing: /home/wh1te/ros2_ws/install/px4_msgs/include/px4_msgs/px4_msgs/msg/detail/radio_status__rosidl_typesupport_introspection_cpp.hpp
[137.564s] -- Installing: /home/wh1te/ros2_ws/install/px4_msgs/include/px4_msgs/px4_msgs/msg/detail/sensor_hygrometer__type_support.cpp
[137.564s] -- Installing: /home/wh1te/ros2_ws/install/px4_msgs/include/px4_msgs/px4_msgs/msg/detail/camera_trigger__type_support.cpp
[137.564s] -- Installing: /home/wh1te/ros2_ws/install/px4_msgs/include/px4_msgs/px4_msgs/msg/detail/uavcan_parameter_request__type_support.cpp
[137.564s] -- Installing: /home/wh1te/ros2_ws/install/px4_msgs/include/px4_msgs/px4_msgs/msg/detail/rate_ctrl_status__type_support.cpp
[137.564s] -- Installing: /home/wh1te/ros2_ws/install/px4_msgs/include/px4_msgs/px4_msgs/msg/detail/event__type_support.cpp
[137.564s] -- Installing: /home/wh1te/ros2_ws/install/px4_msgs/include/px4_msgs/px4_msgs/msg/detail/actuator_test__type_support.cpp
[137.564s] -- Installing: /home/wh1te/ros2_ws/install/px4_msgs/include/px4_msgs/px4_msgs/msg/detail/uavcan_parameter_request__rosidl_typesupport_introspection_cpp.hpp
[137.564s] -- Installing: /home/wh1te/ros2_ws/install/px4_msgs/include/px4_msgs/px4_msgs/msg/detail/vehicle_command_ack__type_support.cpp
[137.564s] -- Installing: /home/wh1te/ros2_ws/install/px4_msgs/include/px4_msgs/px4_msgs/msg/detail/input_rc__type_support.cpp
[137.564s] -- Installing: /home/wh1te/ros2_ws/install/px4_msgs/include/px4_msgs/px4_msgs/msg/detail/sensor_correction__type_support.cpp
[137.565s] -- Installing: /home/wh1te/ros2_ws/install/px4_msgs/include/px4_msgs/px4_msgs/msg/detail/vehicle_constraints__type_support.cpp
[137.565s] -- Installing: /home/wh1te/ros2_ws/install/px4_msgs/include/px4_msgs/px4_msgs/msg/detail/camera_trigger__rosidl_typesupport_introspection_cpp.hpp
[137.565s] -- Installing: /home/wh1te/ros2_ws/install/px4_msgs/include/px4_msgs/px4_msgs/msg/detail/control_allocator_status__rosidl_typesupport_introspection_cpp.hpp
[137.565s] -- Installing: /home/wh1te/ros2_ws/install/px4_msgs/include/px4_msgs/px4_msgs/msg/detail/launch_detection_status__type_support.cpp
[137.565s] -- Installing: /home/wh1te/ros2_ws/install/px4_msgs/include/px4_msgs/px4_msgs/msg/detail/mavlink_tunnel__type_support.cpp
[137.565s] -- Installing: /home/wh1te/ros2_ws/install/px4_msgs/include/px4_msgs/px4_msgs/msg/detail/estimator_innovations__rosidl_typesupport_introspection_cpp.hpp
[137.565s] -- Installing: /home/wh1te/ros2_ws/install/px4_msgs/include/px4_msgs/px4_msgs/msg/detail/manual_control_setpoint__rosidl_typesupport_introspection_cpp.hpp
[137.565s] -- Installing: /home/wh1te/ros2_ws/install/px4_msgs/include/px4_msgs/px4_msgs/msg/detail/log_message__type_support.cpp
[137.565s] -- Installing: /home/wh1te/ros2_ws/install/px4_msgs/include/px4_msgs/px4_msgs/msg/detail/vehicle_constraints__rosidl_typesupport_introspection_cpp.hpp
[137.565s] -- Installing: /home/wh1te/ros2_ws/install/px4_msgs/include/px4_msgs/px4_msgs/msg/detail/vehicle_imu__rosidl_typesupport_introspection_cpp.hpp
[137.566s] -- Installing: /home/wh1te/ros2_ws/install/px4_msgs/include/px4_msgs/px4_msgs/msg/detail/gimbal_manager_information__type_support.cpp
[137.566s] -- Installing: /home/wh1te/ros2_ws/install/px4_msgs/include/px4_msgs/px4_msgs/msg/detail/onboard_computer_status__type_support.cpp
[137.566s] -- Installing: /home/wh1te/ros2_ws/install/px4_msgs/include/px4_msgs/px4_msgs/msg/detail/gimbal_manager_set_manual_control__rosidl_typesupport_introspection_cpp.hpp
[137.566s] -- Installing: /home/wh1te/ros2_ws/install/px4_msgs/include/px4_msgs/px4_msgs/msg/detail/esc_status__type_support.cpp
[137.566s] -- Installing: /home/wh1te/ros2_ws/install/px4_msgs/include/px4_msgs/px4_msgs/msg/detail/npfg_status__rosidl_typesupport_introspection_cpp.hpp
[137.566s] -- Installing: /home/wh1te/ros2_ws/install/px4_msgs/include/px4_msgs/px4_msgs/msg/detail/actuator_motors__type_support.cpp
[137.566s] -- Installing: /home/wh1te/ros2_ws/install/px4_msgs/include/px4_msgs/px4_msgs/msg/detail/launch_detection_status__rosidl_typesupport_introspection_cpp.hpp
[137.566s] -- Installing: /home/wh1te/ros2_ws/install/px4_msgs/include/px4_msgs/px4_msgs/msg/detail/telemetry_status__rosidl_typesupport_introspection_cpp.hpp
[137.566s] -- Installing: /home/wh1te/ros2_ws/install/px4_msgs/include/px4_msgs/px4_msgs/msg/detail/vtol_vehicle_status__type_support.cpp
[137.566s] -- Installing: /home/wh1te/ros2_ws/install/px4_msgs/include/px4_msgs/px4_msgs/msg/detail/estimator_aid_source3d__type_support.cpp
[137.566s] -- Installing: /home/wh1te/ros2_ws/install/px4_msgs/include/px4_msgs/px4_msgs/msg/detail/rc_channels__type_support.cpp
[137.566s] -- Installing: /home/wh1te/ros2_ws/install/px4_msgs/include/px4_msgs/px4_msgs/msg/detail/follow_target__type_support.cpp
[137.566s] -- Installing: /home/wh1te/ros2_ws/install/px4_msgs/include/px4_msgs/px4_msgs/msg/detail/hover_thrust_estimate__type_support.cpp
[137.566s] -- Installing: /home/wh1te/ros2_ws/install/px4_msgs/include/px4_msgs/px4_msgs/msg/detail/actuator_test__rosidl_typesupport_introspection_cpp.hpp
[137.567s] -- Installing: /home/wh1te/ros2_ws/install/px4_msgs/include/px4_msgs/px4_msgs/msg/detail/vehicle_attitude__rosidl_typesupport_introspection_cpp.hpp
[137.567s] -- Installing: /home/wh1te/ros2_ws/install/px4_msgs/include/px4_msgs/px4_msgs/msg/detail/heater_status__rosidl_typesupport_introspection_cpp.hpp
[137.567s] -- Installing: /home/wh1te/ros2_ws/install/px4_msgs/include/px4_msgs/px4_msgs/msg/detail/uavcan_parameter_value__type_support.cpp
[137.567s] -- Installing: /home/wh1te/ros2_ws/install/px4_msgs/include/px4_msgs/px4_msgs/msg/detail/task_stack_info__rosidl_typesupport_introspection_cpp.hpp
[137.567s] -- Installing: /home/wh1te/ros2_ws/install/px4_msgs/include/px4_msgs/px4_msgs/msg/detail/estimator_event_flags__rosidl_typesupport_introspection_cpp.hpp
[137.567s] -- Installing: /home/wh1te/ros2_ws/install/px4_msgs/include/px4_msgs/px4_msgs/msg/detail/airspeed_wind__type_support.cpp
[137.567s] -- Installing: /home/wh1te/ros2_ws/install/px4_msgs/include/px4_msgs/px4_msgs/msg/detail/estimator_gps_status__rosidl_typesupport_introspection_cpp.hpp
[137.567s] -- Installing: /home/wh1te/ros2_ws/install/px4_msgs/include/px4_msgs/px4_msgs/msg/detail/vehicle_acceleration__type_support.cpp
[137.567s] -- Installing: /home/wh1te/ros2_ws/install/px4_msgs/include/px4_msgs/px4_msgs/msg/detail/orb_test_medium__type_support.cpp
[137.567s] -- Installing: /home/wh1te/ros2_ws/install/px4_msgs/include/px4_msgs/px4_msgs/msg/detail/position_setpoint_triplet__rosidl_typesupport_introspection_cpp.hpp
[137.567s] -- Installing: /home/wh1te/ros2_ws/install/px4_msgs/include/px4_msgs/px4_msgs/msg/detail/normalized_unsigned_setpoint__type_support.cpp
[137.567s] -- Installing: /home/wh1te/ros2_ws/install/px4_msgs/include/px4_msgs/px4_msgs/msg/detail/sensor_correction__rosidl_typesupport_introspection_cpp.hpp
[137.567s] -- Installing: /home/wh1te/ros2_ws/install/px4_msgs/include/px4_msgs/px4_msgs/msg/detail/gimbal_device_set_attitude__type_support.cpp
[137.567s] -- Installing: /home/wh1te/ros2_ws/install/px4_msgs/include/px4_msgs/px4_msgs/msg/detail/collision_constraints__rosidl_typesupport_introspection_cpp.hpp
[137.568s] -- Installing: /home/wh1te/ros2_ws/install/px4_msgs/include/px4_msgs/px4_msgs/msg/detail/ulog_stream_ack__type_support.cpp
[137.568s] -- Installing: /home/wh1te/ros2_ws/install/px4_msgs/include/px4_msgs/px4_msgs/msg/detail/pwm_input__rosidl_typesupport_introspection_cpp.hpp
[137.568s] -- Installing: /home/wh1te/ros2_ws/install/px4_msgs/include/px4_msgs/px4_msgs/msg/detail/mag_worker_data__type_support.cpp
[137.568s] -- Installing: /home/wh1te/ros2_ws/install/px4_msgs/include/px4_msgs/px4_msgs/msg/detail/orb_test_medium__rosidl_typesupport_introspection_cpp.hpp
[137.568s] -- Installing: /home/wh1te/ros2_ws/install/px4_msgs/include/px4_msgs/px4_msgs/msg/detail/camera_status__rosidl_typesupport_introspection_cpp.hpp
[137.568s] -- Installing: /home/wh1te/ros2_ws/install/px4_msgs/include/px4_msgs/px4_msgs/msg/detail/debug_array__rosidl_typesupport_introspection_cpp.hpp
[137.568s] -- Installing: /home/wh1te/ros2_ws/install/px4_msgs/include/px4_msgs/px4_msgs/msg/detail/estimator_status_flags__rosidl_typesupport_introspection_cpp.hpp
[137.568s] -- Installing: /home/wh1te/ros2_ws/install/px4_msgs/include/px4_msgs/px4_msgs/msg/detail/wind__type_support.cpp
[137.568s] -- Installing: /home/wh1te/ros2_ws/install/px4_msgs/include/px4_msgs/px4_msgs/msg/detail/camera_status__type_support.cpp
[137.568s] -- Installing: /home/wh1te/ros2_ws/install/px4_msgs/include/px4_msgs/px4_msgs/msg/detail/differential_pressure__type_support.cpp
[137.568s] -- Installing: /home/wh1te/ros2_ws/install/px4_msgs/include/px4_msgs/px4_msgs/msg/detail/trajectory_waypoint__type_support.cpp
[137.568s] -- Installing: /home/wh1te/ros2_ws/install/px4_msgs/include/px4_msgs/px4_msgs/msg/detail/px4io_status__rosidl_typesupport_introspection_cpp.hpp
[137.568s] -- Installing: /home/wh1te/ros2_ws/install/px4_msgs/include/px4_msgs/px4_msgs/msg/detail/power_monitor__rosidl_typesupport_introspection_cpp.hpp
[137.568s] -- Installing: /home/wh1te/ros2_ws/install/px4_msgs/include/px4_msgs/px4_msgs/msg/detail/position_setpoint__rosidl_typesupport_introspection_cpp.hpp
[137.569s] -- Installing: /home/wh1te/ros2_ws/install/px4_msgs/include/px4_msgs/px4_msgs/msg/detail/adc_report__type_support.cpp
[137.569s] -- Installing: /home/wh1te/ros2_ws/install/px4_msgs/include/px4_msgs/px4_msgs/msg/detail/takeoff_status__type_support.cpp
[137.569s] -- Installing: /home/wh1te/ros2_ws/install/px4_msgs/include/px4_msgs/px4_msgs/msg/detail/uavcan_parameter_value__rosidl_typesupport_introspection_cpp.hpp
[137.569s] -- Installing: /home/wh1te/ros2_ws/install/px4_msgs/include/px4_msgs/px4_msgs/msg/detail/distance_sensor__rosidl_typesupport_introspection_cpp.hpp
[137.569s] -- Installing: /home/wh1te/ros2_ws/install/px4_msgs/include/px4_msgs/px4_msgs/msg/detail/normalized_unsigned_setpoint__rosidl_typesupport_introspection_cpp.hpp
[137.569s] -- Installing: /home/wh1te/ros2_ws/install/px4_msgs/include/px4_msgs/px4_msgs/msg/detail/sensor_optical_flow__type_support.cpp
[137.569s] -- Installing: /home/wh1te/ros2_ws/install/px4_msgs/include/px4_msgs/px4_msgs/msg/detail/follow_target_status__type_support.cpp
[137.569s] -- Installing: /home/wh1te/ros2_ws/install/px4_msgs/include/px4_msgs/px4_msgs/msg/detail/gimbal_device_information__rosidl_typesupport_introspection_cpp.hpp
[137.569s] -- Installing: /home/wh1te/ros2_ws/install/px4_msgs/include/px4_msgs/px4_msgs/msg/detail/sensor_gyro__rosidl_typesupport_introspection_cpp.hpp
[137.569s] -- Installing: /home/wh1te/ros2_ws/install/px4_msgs/include/px4_msgs/px4_msgs/msg/detail/timesync_status__rosidl_typesupport_introspection_cpp.hpp
[137.569s] -- Installing: /home/wh1te/ros2_ws/install/px4_msgs/include/px4_msgs/px4_msgs/msg/detail/tiltrotor_extra_controls__rosidl_typesupport_introspection_cpp.hpp
[137.569s] -- Installing: /home/wh1te/ros2_ws/install/px4_msgs/include/px4_msgs/px4_msgs/msg/detail/mode_completed__rosidl_typesupport_introspection_cpp.hpp
[137.569s] -- Installing: /home/wh1te/ros2_ws/install/px4_msgs/include/px4_msgs/px4_msgs/msg/detail/button_event__type_support.cpp
[137.569s] -- Installing: /home/wh1te/ros2_ws/install/px4_msgs/include/px4_msgs/px4_msgs/msg/detail/vehicle_magnetometer__type_support.cpp
[137.570s] -- Installing: /home/wh1te/ros2_ws/install/px4_msgs/include/px4_msgs/px4_msgs/msg/detail/distance_sensor__type_support.cpp
[137.570s] -- Installing: /home/wh1te/ros2_ws/install/px4_msgs/include/px4_msgs/px4_msgs/msg/detail/button_event__rosidl_typesupport_introspection_cpp.hpp
[137.570s] -- Installing: /home/wh1te/ros2_ws/install/px4_msgs/include/px4_msgs/px4_msgs/msg/detail/vehicle_local_position_setpoint__rosidl_typesupport_introspection_cpp.hpp
[137.570s] -- Installing: /home/wh1te/ros2_ws/install/px4_msgs/include/px4_msgs/px4_msgs/msg/detail/airspeed_validated__rosidl_typesupport_introspection_cpp.hpp
[137.570s] -- Installing: /home/wh1te/ros2_ws/install/px4_msgs/include/px4_msgs/px4_msgs/msg/detail/vehicle_global_position__rosidl_typesupport_introspection_cpp.hpp
[137.570s] -- Installing: /home/wh1te/ros2_ws/install/px4_msgs/include/px4_msgs/px4_msgs/msg/detail/gimbal_manager_information__rosidl_typesupport_introspection_cpp.hpp
[137.570s] -- Installing: /home/wh1te/ros2_ws/install/px4_msgs/include/px4_msgs/px4_msgs/msg/detail/estimator_bias3d__rosidl_typesupport_introspection_cpp.hpp
[137.570s] -- Installing: /home/wh1te/ros2_ws/install/px4_msgs/include/px4_msgs/px4_msgs/msg/detail/sensor_gyro__type_support.cpp
[137.570s] -- Installing: /home/wh1te/ros2_ws/install/px4_msgs/include/px4_msgs/px4_msgs/msg/detail/vehicle_optical_flow_vel__type_support.cpp
[137.570s] -- Installing: /home/wh1te/ros2_ws/install/px4_msgs/include/px4_msgs/px4_msgs/msg/detail/collision_constraints__type_support.cpp
[137.570s] -- Installing: /home/wh1te/ros2_ws/install/px4_msgs/include/px4_msgs/px4_msgs/msg/detail/home_position__rosidl_typesupport_introspection_cpp.hpp
[137.570s] -- Installing: /home/wh1te/ros2_ws/install/px4_msgs/include/px4_msgs/px4_msgs/msg/detail/failure_detector_status__type_support.cpp
[137.570s] -- Installing: /home/wh1te/ros2_ws/install/px4_msgs/include/px4_msgs/px4_msgs/msg/detail/health_report__rosidl_typesupport_introspection_cpp.hpp
[137.570s] -- Installing: /home/wh1te/ros2_ws/install/px4_msgs/include/px4_msgs/px4_msgs/msg/detail/cpuload__type_support.cpp
[137.571s] -- Installing: /home/wh1te/ros2_ws/install/px4_msgs/include/px4_msgs/px4_msgs/msg/detail/airspeed_validated__type_support.cpp
[137.571s] -- Installing: /home/wh1te/ros2_ws/install/px4_msgs/include/px4_msgs/px4_msgs/msg/detail/esc_status__rosidl_typesupport_introspection_cpp.hpp
[137.571s] -- Installing: /home/wh1te/ros2_ws/install/px4_msgs/include/px4_msgs/px4_msgs/msg/detail/estimator_aid_source1d__type_support.cpp
[137.571s] -- Installing: /home/wh1te/ros2_ws/install/px4_msgs/include/px4_msgs/px4_msgs/msg/detail/vehicle_angular_acceleration_setpoint__type_support.cpp
[137.571s] -- Installing: /home/wh1te/ros2_ws/install/px4_msgs/include/px4_msgs/px4_msgs/msg/detail/vehicle_odometry__rosidl_typesupport_introspection_cpp.hpp
[137.571s] -- Installing: /home/wh1te/ros2_ws/install/px4_msgs/include/px4_msgs/px4_msgs/msg/detail/sensor_gps__type_support.cpp
[137.571s] -- Installing: /home/wh1te/ros2_ws/install/px4_msgs/include/px4_msgs/px4_msgs/msg/detail/vehicle_angular_acceleration_setpoint__rosidl_typesupport_introspection_cpp.hpp
[137.571s] -- Installing: /home/wh1te/ros2_ws/install/px4_msgs/include/px4_msgs/px4_msgs/msg/detail/rpm__rosidl_typesupport_introspection_cpp.hpp
[137.571s] -- Installing: /home/wh1te/ros2_ws/install/px4_msgs/include/px4_msgs/px4_msgs/msg/detail/system_power__rosidl_typesupport_introspection_cpp.hpp
[137.571s] -- Installing: /home/wh1te/ros2_ws/install/px4_msgs/include/px4_msgs/px4_msgs/msg/detail/vehicle_command__type_support.cpp
[137.571s] -- Installing: /home/wh1te/ros2_ws/install/px4_msgs/include/px4_msgs/px4_msgs/msg/detail/esc_report__rosidl_typesupport_introspection_cpp.hpp
[137.571s] -- Installing: /home/wh1te/ros2_ws/install/px4_msgs/include/px4_msgs/px4_msgs/msg/detail/actuator_servos__type_support.cpp
[137.572s] -- Installing: /home/wh1te/ros2_ws/install/px4_msgs/include/px4_msgs/px4_msgs/msg/detail/sensor_combined__rosidl_typesupport_introspection_cpp.hpp
[137.572s] -- Installing: /home/wh1te/ros2_ws/install/px4_msgs/include/px4_msgs/px4_msgs/msg/detail/rpm__type_support.cpp
[137.572s] -- Installing: /home/wh1te/ros2_ws/install/px4_msgs/include/px4_msgs/px4_msgs/msg/detail/sensor_selection__rosidl_typesupport_introspection_cpp.hpp
[137.572s] -- Installing: /home/wh1te/ros2_ws/install/px4_msgs/include/px4_msgs/px4_msgs/msg/detail/position_controller_status__type_support.cpp
[137.572s] -- Installing: /home/wh1te/ros2_ws/install/px4_msgs/include/px4_msgs/px4_msgs/msg/detail/sensor_baro__rosidl_typesupport_introspection_cpp.hpp
[137.572s] -- Installing: /home/wh1te/ros2_ws/install/px4_msgs/include/px4_msgs/px4_msgs/msg/detail/rtl_time_estimate__rosidl_typesupport_introspection_cpp.hpp
[137.572s] -- Installing: /home/wh1te/ros2_ws/install/px4_msgs/include/px4_msgs/px4_msgs/msg/detail/collision_report__rosidl_typesupport_introspection_cpp.hpp
[137.572s] -- Installing: /home/wh1te/ros2_ws/install/px4_msgs/include/px4_msgs/px4_msgs/msg/detail/estimator_bias__type_support.cpp
[137.572s] -- Installing: /home/wh1te/ros2_ws/install/px4_msgs/include/px4_msgs/px4_msgs/msg/detail/sensor_accel_fifo__type_support.cpp
[137.572s] -- Installing: /home/wh1te/ros2_ws/install/px4_msgs/include/px4_msgs/px4_msgs/msg/detail/sensor_accel_fifo__rosidl_typesupport_introspection_cpp.hpp
[137.572s] -- Installing: /home/wh1te/ros2_ws/install/px4_msgs/include/px4_msgs/px4_msgs/msg/detail/led_control__type_support.cpp
[137.573s] -- Installing: /home/wh1te/ros2_ws/install/px4_msgs/include/px4_msgs/px4_msgs/msg/detail/sensors_status__type_support.cpp
[137.573s] -- Installing: /home/wh1te/ros2_ws/install/px4_msgs/include/px4_msgs/px4_msgs/msg/detail/landing_gear__rosidl_typesupport_introspection_cpp.hpp
[137.573s] -- Installing: /home/wh1te/ros2_ws/install/px4_msgs/include/px4_msgs/px4_msgs/msg/detail/qshell_req__rosidl_typesupport_introspection_cpp.hpp
[137.573s] -- Installing: /home/wh1te/ros2_ws/install/px4_msgs/include/px4_msgs/px4_msgs/msg/detail/mag_worker_data__rosidl_typesupport_introspection_cpp.hpp
[137.573s] -- Installing: /home/wh1te/ros2_ws/install/px4_msgs/include/px4_msgs/px4_msgs/msg/detail/sensor_uwb__type_support.cpp
[137.573s] -- Installing: /home/wh1te/ros2_ws/install/px4_msgs/include/px4_msgs/px4_msgs/msg/detail/rc_parameter_map__rosidl_typesupport_introspection_cpp.hpp
[137.573s] -- Installing: /home/wh1te/ros2_ws/install/px4_msgs/include/px4_msgs/px4_msgs/msg/detail/offboard_control_mode__type_support.cpp
[137.573s] -- Installing: /home/wh1te/ros2_ws/install/px4_msgs/include/px4_msgs/px4_msgs/msg/detail/generator_status__rosidl_typesupport_introspection_cpp.hpp
[137.573s] -- Installing: /home/wh1te/ros2_ws/install/px4_msgs/include/px4_msgs/px4_msgs/msg/detail/onboard_computer_status__rosidl_typesupport_introspection_cpp.hpp
[137.573s] -- Installing: /home/wh1te/ros2_ws/install/px4_msgs/include/px4_msgs/px4_msgs/msg/detail/vehicle_local_position__type_support.cpp
[137.573s] -- Installing: /home/wh1te/ros2_ws/install/px4_msgs/include/px4_msgs/px4_msgs/msg/detail/takeoff_status__rosidl_typesupport_introspection_cpp.hpp
[137.574s] -- Installing: /home/wh1te/ros2_ws/install/px4_msgs/include/px4_msgs/px4_msgs/msg/detail/led_control__rosidl_typesupport_introspection_cpp.hpp
[137.574s] -- Installing: /home/wh1te/ros2_ws/install/px4_msgs/include/px4_msgs/px4_msgs/msg/detail/gimbal_manager_status__type_support.cpp
[137.574s] -- Installing: /home/wh1te/ros2_ws/install/px4_msgs/include/px4_msgs/px4_msgs/msg/detail/vehicle_trajectory_bezier__type_support.cpp
[137.574s] -- Installing: /home/wh1te/ros2_ws/install/px4_msgs/include/px4_msgs/px4_msgs/msg/detail/position_setpoint_triplet__type_support.cpp
[137.574s] -- Installing: /home/wh1te/ros2_ws/install/px4_msgs/include/px4_msgs/px4_msgs/msg/detail/trajectory_setpoint__type_support.cpp
[137.574s] -- Installing: /home/wh1te/ros2_ws/install/px4_msgs/include/px4_msgs/px4_msgs/msg/detail/gimbal_device_attitude_status__type_support.cpp
[137.574s] -- Installing: /home/wh1te/ros2_ws/install/px4_msgs/include/px4_msgs/px4_msgs/msg/detail/ulog_stream_ack__rosidl_typesupport_introspection_cpp.hpp
[137.574s] -- Installing: /home/wh1te/ros2_ws/install/px4_msgs/include/px4_msgs/px4_msgs/msg/detail/event__rosidl_typesupport_introspection_cpp.hpp
[137.574s] -- Installing: /home/wh1te/ros2_ws/install/px4_msgs/include/px4_msgs/px4_msgs/msg/detail/estimator_status__rosidl_typesupport_introspection_cpp.hpp
[137.574s] -- Installing: /home/wh1te/ros2_ws/install/px4_msgs/include/px4_msgs/px4_msgs/msg/detail/sensor_mag__rosidl_typesupport_introspection_cpp.hpp
[137.574s] -- Installing: /home/wh1te/ros2_ws/install/px4_msgs/include/px4_msgs/px4_msgs/msg/detail/rtl_time_estimate__type_support.cpp
[137.574s] -- Installing: /home/wh1te/ros2_ws/install/px4_msgs/include/px4_msgs/px4_msgs/msg/detail/geofence_result__type_support.cpp
[137.574s] -- Installing: /home/wh1te/ros2_ws/install/px4_msgs/include/px4_msgs/px4_msgs/msg/detail/parameter_update__rosidl_typesupport_introspection_cpp.hpp
[137.575s] -- Installing: /home/wh1te/ros2_ws/install/px4_msgs/include/px4_msgs/px4_msgs/msg/detail/estimator_aid_source2d__rosidl_typesupport_introspection_cpp.hpp
[137.575s] -- Installing: /home/wh1te/ros2_ws/install/px4_msgs/include/px4_msgs/px4_msgs/msg/detail/parameter_update__type_support.cpp
[137.575s] -- Installing: /home/wh1te/ros2_ws/install/px4_msgs/include/px4_msgs/px4_msgs/msg/detail/ulog_stream__type_support.cpp
[137.575s] -- Installing: /home/wh1te/ros2_ws/install/px4_msgs/include/px4_msgs/px4_msgs/msg/detail/system_power__type_support.cpp
[137.575s] -- Installing: /home/wh1te/ros2_ws/install/px4_msgs/include/px4_msgs/px4_msgs/msg/detail/rc_channels__rosidl_typesupport_introspection_cpp.hpp
[137.575s] -- Installing: /home/wh1te/ros2_ws/install/px4_msgs/include/px4_msgs/px4_msgs/msg/detail/mavlink_log__rosidl_typesupport_introspection_cpp.hpp
[137.575s] -- Installing: /home/wh1te/ros2_ws/install/px4_msgs/include/px4_msgs/px4_msgs/msg/detail/vehicle_torque_setpoint__type_support.cpp
[137.575s] -- Installing: /home/wh1te/ros2_ws/install/px4_msgs/include/px4_msgs/px4_msgs/msg/detail/vehicle_roi__rosidl_typesupport_introspection_cpp.hpp
[137.575s] -- Installing: /home/wh1te/ros2_ws/install/px4_msgs/include/px4_msgs/px4_msgs/msg/detail/landing_target_innovations__rosidl_typesupport_introspection_cpp.hpp
[137.575s] -- Installing: /home/wh1te/ros2_ws/install/px4_msgs/include/px4_msgs/px4_msgs/msg/detail/actuator_servos__rosidl_typesupport_introspection_cpp.hpp
[137.575s] -- Installing: /home/wh1te/ros2_ws/install/px4_msgs/include/px4_msgs/px4_msgs/msg/detail/esc_report__type_support.cpp
[137.575s] -- Installing: /home/wh1te/ros2_ws/install/px4_msgs/include/px4_msgs/px4_msgs/msg/detail/vehicle_status__type_support.cpp
[137.576s] -- Installing: /home/wh1te/ros2_ws/install/px4_msgs/include/px4_msgs/px4_msgs/msg/detail/rc_parameter_map__type_support.cpp
[137.576s] -- Installing: /home/wh1te/ros2_ws/install/px4_msgs/include/px4_msgs/px4_msgs/msg/detail/autotune_attitude_control_status__type_support.cpp
[137.576s] -- Installing: /home/wh1te/ros2_ws/install/px4_msgs/include/px4_msgs/px4_msgs/msg/detail/yaw_estimator_status__rosidl_typesupport_introspection_cpp.hpp
[137.576s] -- Installing: /home/wh1te/ros2_ws/install/px4_msgs/include/px4_msgs/px4_msgs/msg/detail/vehicle_command__rosidl_typesupport_introspection_cpp.hpp
[137.576s] -- Installing: /home/wh1te/ros2_ws/install/px4_msgs/include/px4_msgs/px4_msgs/msg/detail/vehicle_attitude_setpoint__rosidl_typesupport_introspection_cpp.hpp
[137.576s] -- Installing: /home/wh1te/ros2_ws/install/px4_msgs/include/px4_msgs/px4_msgs/msg/detail/mount_orientation__rosidl_typesupport_introspection_cpp.hpp
[137.576s] -- Installing: /home/wh1te/ros2_ws/install/px4_msgs/include/px4_msgs/px4_msgs/msg/detail/vehicle_optical_flow__rosidl_typesupport_introspection_cpp.hpp
[137.576s] -- Installing: /home/wh1te/ros2_ws/install/px4_msgs/include/px4_msgs/px4_msgs/msg/detail/gps_inject_data__rosidl_typesupport_introspection_cpp.hpp
[137.576s] -- Installing: /home/wh1te/ros2_ws/install/px4_msgs/include/px4_msgs/px4_msgs/msg/detail/sensor_accel__rosidl_typesupport_introspection_cpp.hpp
[137.576s] -- Installing: /home/wh1te/ros2_ws/install/px4_msgs/include/px4_msgs/px4_msgs/msg/detail/estimator_event_flags__type_support.cpp
[137.576s] -- Installing: /home/wh1te/ros2_ws/install/px4_msgs/include/px4_msgs/px4_msgs/msg/detail/gps_dump__rosidl_typesupport_introspection_cpp.hpp
[137.576s] -- Installing: /home/wh1te/ros2_ws/install/px4_msgs/include/px4_msgs/px4_msgs/msg/detail/actuator_armed__type_support.cpp
[137.577s] -- Installing: /home/wh1te/ros2_ws/install/px4_msgs/include/px4_msgs/px4_msgs/msg/detail/actuator_outputs__rosidl_typesupport_introspection_cpp.hpp
[137.577s] -- Installing: /home/wh1te/ros2_ws/install/px4_msgs/include/px4_msgs/px4_msgs/msg/detail/actuator_controls_status__rosidl_typesupport_introspection_cpp.hpp
[137.577s] -- Installing: /home/wh1te/ros2_ws/install/px4_msgs/include/px4_msgs/px4_msgs/msg/detail/sensors_status_imu__type_support.cpp
[137.577s] -- Installing: /home/wh1te/ros2_ws/install/px4_msgs/include/px4_msgs/px4_msgs/msg/detail/sensor_selection__type_support.cpp
[137.577s] -- Installing: /home/wh1te/ros2_ws/install/px4_msgs/include/px4_msgs/px4_msgs/msg/detail/iridiumsbd_status__type_support.cpp
[137.577s] -- Installing: /home/wh1te/ros2_ws/install/px4_msgs/include/px4_msgs/px4_msgs/msg/detail/mavlink_tunnel__rosidl_typesupport_introspection_cpp.hpp
[137.577s] -- Installing: /home/wh1te/ros2_ws/install/px4_msgs/include/px4_msgs/px4_msgs/msg/detail/adc_report__rosidl_typesupport_introspection_cpp.hpp
[137.577s] -- Installing: /home/wh1te/ros2_ws/install/px4_msgs/include/px4_msgs/px4_msgs/msg/detail/vehicle_angular_velocity__type_support.cpp
[137.577s] -- Installing: /home/wh1te/ros2_ws/install/px4_msgs/include/px4_msgs/px4_msgs/msg/detail/cellular_status__type_support.cpp
[137.577s] -- Installing: /home/wh1te/ros2_ws/install/px4_msgs/include/px4_msgs/px4_msgs/msg/detail/pps_capture__rosidl_typesupport_introspection_cpp.hpp
[137.577s] -- Installing: /home/wh1te/ros2_ws/install/px4_msgs/include/px4_msgs/px4_msgs/msg/detail/internal_combustion_engine_status__rosidl_typesupport_introspection_cpp.hpp
[137.577s] -- Installing: /home/wh1te/ros2_ws/install/px4_msgs/include/px4_msgs/px4_msgs/msg/detail/estimator_bias3d__type_support.cpp
[137.577s] -- Installing: /home/wh1te/ros2_ws/install/px4_msgs/include/px4_msgs/px4_msgs/msg/detail/collision_report__type_support.cpp
[137.577s] -- Installing: /home/wh1te/ros2_ws/install/px4_msgs/include/px4_msgs/px4_msgs/msg/detail/airspeed__rosidl_typesupport_introspection_cpp.hpp
[137.578s] -- Installing: /home/wh1te/ros2_ws/install/px4_msgs/include/px4_msgs/px4_msgs/msg/detail/geofence_result__rosidl_typesupport_introspection_cpp.hpp
[137.578s] -- Installing: /home/wh1te/ros2_ws/install/px4_msgs/include/px4_msgs/px4_msgs/msg/detail/tune_control__rosidl_typesupport_introspection_cpp.hpp
[137.578s] -- Installing: /home/wh1te/ros2_ws/install/px4_msgs/include/px4_msgs/px4_msgs/msg/detail/actuator_armed__rosidl_typesupport_introspection_cpp.hpp
[137.578s] -- Installing: /home/wh1te/ros2_ws/install/px4_msgs/include/px4_msgs/px4_msgs/msg/detail/logger_status__rosidl_typesupport_introspection_cpp.hpp
[137.578s] -- Installing: /home/wh1te/ros2_ws/install/px4_msgs/include/px4_msgs/px4_msgs/msg/detail/control_allocator_status__type_support.cpp
[137.578s] -- Installing: /home/wh1te/ros2_ws/install/px4_msgs/include/px4_msgs/px4_msgs/msg/detail/sensor_gyro_fft__type_support.cpp
[137.578s] -- Installing: /home/wh1te/ros2_ws/install/px4_msgs/include/px4_msgs/px4_msgs/msg/detail/sensor_preflight_mag__rosidl_typesupport_introspection_cpp.hpp
[137.578s] -- Installing: /home/wh1te/ros2_ws/install/px4_msgs/include/px4_msgs/px4_msgs/msg/detail/manual_control_switches__type_support.cpp
[137.578s] -- Installing: /home/wh1te/ros2_ws/install/px4_msgs/include/px4_msgs/px4_msgs/msg/detail/transponder_report__type_support.cpp
[137.578s] -- Installing: /home/wh1te/ros2_ws/install/px4_msgs/include/px4_msgs/px4_msgs/msg/detail/trajectory_bezier__type_support.cpp
[137.578s] -- Installing: /home/wh1te/ros2_ws/install/px4_msgs/include/px4_msgs/px4_msgs/msg/detail/vehicle_angular_velocity__rosidl_typesupport_introspection_cpp.hpp
[137.578s] -- Installing: /home/wh1te/ros2_ws/install/px4_msgs/include/px4_msgs/px4_msgs/msg/detail/estimator_gps_status__type_support.cpp
[137.578s] -- Installing: /home/wh1te/ros2_ws/install/px4_msgs/include/px4_msgs/px4_msgs/msg/detail/vehicle_control_mode__rosidl_typesupport_introspection_cpp.hpp
[137.578s] -- Installing: /home/wh1te/ros2_ws/install/px4_msgs/include/px4_msgs/px4_msgs/msg/detail/debug_vect__type_support.cpp
[137.579s] -- Installing: /home/wh1te/ros2_ws/install/px4_msgs/include/px4_msgs/px4_msgs/msg/detail/home_position__type_support.cpp
[137.579s] -- Installing: /home/wh1te/ros2_ws/install/px4_msgs/include/px4_msgs/px4_msgs/msg/detail/estimator_status_flags__type_support.cpp
[137.579s] -- Installing: /home/wh1te/ros2_ws/install/px4_msgs/include/px4_msgs/px4_msgs/msg/detail/failsafe_flags__type_support.cpp
[137.579s] -- Installing: /home/wh1te/ros2_ws/install/px4_msgs/include/px4_msgs/px4_msgs/msg/detail/gimbal_manager_set_attitude__type_support.cpp
[137.579s] -- Installing: /home/wh1te/ros2_ws/install/px4_msgs/include/px4_msgs/px4_msgs/msg/detail/transponder_report__rosidl_typesupport_introspection_cpp.hpp
[137.579s] -- Installing: /home/wh1te/ros2_ws/install/px4_msgs/include/px4_msgs/px4_msgs/msg/detail/landing_gear_wheel__type_support.cpp
[137.579s] -- Installing: /home/wh1te/ros2_ws/install/px4_msgs/include/px4_msgs/px4_msgs/msg/detail/vehicle_rates_setpoint__rosidl_typesupport_introspection_cpp.hpp
[137.579s] -- Installing: /home/wh1te/ros2_ws/install/px4_msgs/include/px4_msgs/px4_msgs/msg/detail/debug_key_value__rosidl_typesupport_introspection_cpp.hpp
[137.579s] -- Installing: /home/wh1te/ros2_ws/install/px4_msgs/include/px4_msgs/px4_msgs/msg/detail/yaw_estimator_status__type_support.cpp
[137.579s] -- Installing: /home/wh1te/ros2_ws/install/px4_msgs/include/px4_msgs/px4_msgs/msg/detail/estimator_selector_status__type_support.cpp
[137.579s] -- Installing: /home/wh1te/ros2_ws/install/px4_msgs/include/px4_msgs/px4_msgs/msg/detail/position_setpoint__type_support.cpp
[137.579s] -- Installing: /home/wh1te/ros2_ws/install/px4_msgs/include/px4_msgs/px4_msgs/msg/detail/vehicle_local_position__rosidl_typesupport_introspection_cpp.hpp
[137.580s] -- Installing: /home/wh1te/ros2_ws/install/px4_msgs/include/px4_msgs/px4_msgs/msg/detail/failsafe_flags__rosidl_typesupport_introspection_cpp.hpp
[137.580s] -- Installing: /home/wh1te/ros2_ws/install/px4_msgs/include/px4_msgs/px4_msgs/msg/detail/trajectory_waypoint__rosidl_typesupport_introspection_cpp.hpp
[137.580s] -- Installing: /home/wh1te/ros2_ws/install/px4_msgs/include/px4_msgs/px4_msgs/msg/detail/landing_target_innovations__type_support.cpp
[137.580s] -- Installing: /home/wh1te/ros2_ws/install/px4_msgs/include/px4_msgs/px4_msgs/msg/detail/landing_gear_wheel__rosidl_typesupport_introspection_cpp.hpp
[137.580s] -- Installing: /home/wh1te/ros2_ws/install/px4_msgs/include/px4_msgs/px4_msgs/msg/detail/vehicle_local_position_setpoint__type_support.cpp
[137.580s] -- Installing: /home/wh1te/ros2_ws/install/px4_msgs/include/px4_msgs/px4_msgs/msg/detail/sensor_gyro_fifo__type_support.cpp
[137.580s] -- Installing: /home/wh1te/ros2_ws/install/px4_msgs/include/px4_msgs/px4_msgs/msg/detail/heater_status__type_support.cpp
[137.580s] -- Installing: /home/wh1te/ros2_ws/install/px4_msgs/include/px4_msgs/px4_msgs/msg/detail/sensor_accel__type_support.cpp
[137.580s] -- Installing: /home/wh1te/ros2_ws/install/px4_msgs/include/px4_msgs/px4_msgs/msg/detail/iridiumsbd_status__rosidl_typesupport_introspection_cpp.hpp
[137.580s] -- Installing: /home/wh1te/ros2_ws/install/px4_msgs/include/px4_msgs/px4_msgs/msg/detail/vehicle_imu_status__rosidl_typesupport_introspection_cpp.hpp
[137.580s] -- Installing: /home/wh1te/ros2_ws/install/px4_msgs/include/px4_msgs/px4_msgs/msg/detail/vehicle_roi__type_support.cpp
[137.580s] -- Installing: /home/wh1te/ros2_ws/install/px4_msgs/include/px4_msgs/px4_msgs/msg/detail/sensor_optical_flow__rosidl_typesupport_introspection_cpp.hpp
[137.580s] -- Installing: /home/wh1te/ros2_ws/install/px4_msgs/include/px4_msgs/px4_msgs/msg/detail/sensor_gps__rosidl_typesupport_introspection_cpp.hpp
[137.580s] -- Installing: /home/wh1te/ros2_ws/install/px4_msgs/include/px4_msgs/px4_msgs/msg/detail/satellite_info__type_support.cpp
[137.581s] -- Installing: /home/wh1te/ros2_ws/install/px4_msgs/include/px4_msgs/px4_msgs/msg/detail/tiltrotor_extra_controls__type_support.cpp
[137.581s] -- Installing: /home/wh1te/ros2_ws/install/px4_msgs/include/px4_msgs/px4_msgs/msg/detail/gripper__type_support.cpp
[137.581s] -- Installing: /home/wh1te/ros2_ws/install/px4_msgs/include/px4_msgs/px4_msgs/msg/detail/timesync_status__type_support.cpp
[137.581s] -- Installing: /home/wh1te/ros2_ws/install/px4_msgs/include/px4_msgs/px4_msgs/msg/detail/vehicle_thrust_setpoint__rosidl_typesupport_introspection_cpp.hpp
[137.581s] -- Installing: /home/wh1te/ros2_ws/install/px4_msgs/include/px4_msgs/px4_msgs/msg/detail/internal_combustion_engine_status__type_support.cpp
[137.581s] -- Installing: /home/wh1te/ros2_ws/install/px4_msgs/include/px4_msgs/px4_msgs/msg/detail/vehicle_torque_setpoint__rosidl_typesupport_introspection_cpp.hpp
[137.581s] -- Installing: /home/wh1te/ros2_ws/install/px4_msgs/include/px4_msgs/px4_msgs/msg/detail/landing_target_pose__rosidl_typesupport_introspection_cpp.hpp
[137.581s] -- Installing: /home/wh1te/ros2_ws/install/px4_msgs/include/px4_msgs/px4_msgs/msg/detail/gimbal_manager_set_manual_control__type_support.cpp
[137.581s] -- Installing: /home/wh1te/ros2_ws/install/px4_msgs/include/px4_msgs/px4_msgs/msg/detail/actuator_motors__rosidl_typesupport_introspection_cpp.hpp
[137.581s] -- Installing: /home/wh1te/ros2_ws/install/px4_msgs/include/px4_msgs/px4_msgs/msg/detail/task_stack_info__type_support.cpp
[137.581s] -- Installing: /home/wh1te/ros2_ws/install/px4_msgs/include/px4_msgs/px4_msgs/msg/detail/action_request__rosidl_typesupport_introspection_cpp.hpp
[137.581s] -- Installing: /home/wh1te/ros2_ws/install/px4_msgs/include/px4_msgs/px4_msgs/msg/detail/estimator_aid_source3d__rosidl_typesupport_introspection_cpp.hpp
[137.581s] -- Installing: /home/wh1te/ros2_ws/install/px4_msgs/include/px4_msgs/px4_msgs/msg/detail/orbit_status__type_support.cpp
[137.581s] -- Installing: /home/wh1te/ros2_ws/install/px4_msgs/include/px4_msgs/px4_msgs/msg/detail/ping__type_support.cpp
[137.581s] -- Installing: /home/wh1te/ros2_ws/install/px4_msgs/include/px4_msgs/px4_msgs/msg/detail/battery_status__rosidl_typesupport_introspection_cpp.hpp
[137.582s] -- Installing: /home/wh1te/ros2_ws/install/px4_msgs/include/px4_msgs/px4_msgs/msg/detail/actuator_servos_trim__type_support.cpp
[137.582s] -- Installing: /home/wh1te/ros2_ws/install/px4_msgs/include/px4_msgs/px4_msgs/msg/detail/follow_target_estimator__type_support.cpp
[137.582s] -- Installing: /home/wh1te/ros2_ws/install/px4_msgs/include/px4_msgs/px4_msgs/msg/detail/gimbal_device_set_attitude__rosidl_typesupport_introspection_cpp.hpp
[137.582s] -- Installing: /home/wh1te/ros2_ws/install/px4_msgs/include/px4_msgs/px4_msgs/msg/detail/tecs_status__rosidl_typesupport_introspection_cpp.hpp
[137.582s] -- Installing: /home/wh1te/ros2_ws/install/px4_msgs/include/px4_msgs/px4_msgs/msg/detail/telemetry_status__type_support.cpp
[137.582s] -- Installing: /home/wh1te/ros2_ws/install/px4_msgs/include/px4_msgs/px4_msgs/msg/detail/actuator_controls_status__type_support.cpp
[137.582s] -- Installing: /home/wh1te/ros2_ws/install/px4_msgs/include/px4_msgs/px4_msgs/msg/detail/orb_test__rosidl_typesupport_introspection_cpp.hpp
[137.582s] -- Installing: /home/wh1te/ros2_ws/install/px4_msgs/include/px4_msgs/px4_msgs/msg/detail/vehicle_attitude_setpoint__type_support.cpp
[137.582s] -- Installing: /home/wh1te/ros2_ws/install/px4_msgs/include/px4_msgs/px4_msgs/msg/detail/tecs_status__type_support.cpp
[137.582s] -- Installing: /home/wh1te/ros2_ws/install/px4_msgs/include/px4_msgs/px4_msgs/msg/detail/sensors_status__rosidl_typesupport_introspection_cpp.hpp
[137.582s] -- Installing: /home/wh1te/ros2_ws/install/px4_msgs/include/px4_msgs/px4_msgs/msg/detail/qshell_retval__rosidl_typesupport_introspection_cpp.hpp
[137.582s] -- Installing: /home/wh1te/ros2_ws/install/px4_msgs/include/px4_msgs/px4_msgs/msg/detail/estimator_innovations__type_support.cpp
[137.582s] -- Installing: /home/wh1te/ros2_ws/install/px4_msgs/include/px4_msgs/px4_msgs/msg/detail/vtol_vehicle_status__rosidl_typesupport_introspection_cpp.hpp
[137.583s] -- Installing: /home/wh1te/ros2_ws/install/px4_msgs/include/px4_msgs/px4_msgs/msg/detail/mavlink_log__type_support.cpp
[137.583s] -- Installing: /home/wh1te/ros2_ws/install/px4_msgs/include/px4_msgs/px4_msgs/msg/detail/pps_capture__type_support.cpp
[137.583s] -- Installing: /home/wh1te/ros2_ws/install/px4_msgs/include/px4_msgs/px4_msgs/msg/detail/generator_status__type_support.cpp
[137.583s] -- Installing: /home/wh1te/ros2_ws/install/px4_msgs/include/px4_msgs/px4_msgs/msg/detail/input_rc__rosidl_typesupport_introspection_cpp.hpp
[137.583s] -- Installing: /home/wh1te/ros2_ws/install/px4_msgs/include/px4_msgs/px4_msgs/msg/detail/sensor_gyro_fft__rosidl_typesupport_introspection_cpp.hpp
[137.583s] -- Installing: /home/wh1te/ros2_ws/install/px4_msgs/include/px4_msgs/px4_msgs/msg/detail/orbit_status__rosidl_typesupport_introspection_cpp.hpp
[137.583s] -- Installing: /home/wh1te/ros2_ws/install/px4_msgs/include/px4_msgs/px4_msgs/msg/detail/gimbal_manager_set_attitude__rosidl_typesupport_introspection_cpp.hpp
[137.583s] -- Installing: /home/wh1te/ros2_ws/install/px4_msgs/include/px4_msgs/px4_msgs/msg/detail/mission_result__rosidl_typesupport_introspection_cpp.hpp
[137.583s] -- Installing: /home/wh1te/ros2_ws/install/px4_msgs/include/px4_msgs/px4_msgs/msg/detail/vehicle_land_detected__type_support.cpp
[137.583s] -- Installing: /home/wh1te/ros2_ws/install/px4_msgs/include/px4_msgs/px4_msgs/msg/detail/ulog_stream__rosidl_typesupport_introspection_cpp.hpp
[137.583s] -- Installing: /home/wh1te/ros2_ws/install/px4_msgs/include/px4_msgs/px4_msgs/msg/detail/camera_capture__type_support.cpp
[137.583s] -- Installing: /home/wh1te/ros2_ws/install/px4_msgs/include/px4_msgs/px4_msgs/msg/detail/camera_capture__rosidl_typesupport_introspection_cpp.hpp
[137.583s] -- Installing: /home/wh1te/ros2_ws/install/px4_msgs/include/px4_msgs/px4_msgs/msg/detail/qshell_retval__type_support.cpp
[137.584s] -- Installing: /home/wh1te/ros2_ws/install/px4_msgs/lib/libpx4_msgs__rosidl_typesupport_introspection_cpp.so
[137.585s] -- Set runtime path of "/home/wh1te/ros2_ws/install/px4_msgs/lib/libpx4_msgs__rosidl_typesupport_introspection_cpp.so" to ""
[137.585s] -- Installing: /home/wh1te/ros2_ws/install/px4_msgs/lib/libpx4_msgs__rosidl_typesupport_cpp.so
[137.585s] -- Set runtime path of "/home/wh1te/ros2_ws/install/px4_msgs/lib/libpx4_msgs__rosidl_typesupport_cpp.so" to ""
[137.586s] -- Installing: /home/wh1te/ros2_ws/install/px4_msgs/share/px4_msgs/environment/pythonpath.sh
[137.586s] -- Installing: /home/wh1te/ros2_ws/install/px4_msgs/share/px4_msgs/environment/pythonpath.dsv
[137.586s] -- Installing: /home/wh1te/ros2_ws/install/px4_msgs/local/lib/python3.10/dist-packages/px4_msgs-2.0.1-py3.10.egg-info
[137.586s] -- Installing: /home/wh1te/ros2_ws/install/px4_msgs/local/lib/python3.10/dist-packages/px4_msgs-2.0.1-py3.10.egg-info/top_level.txt
[137.586s] -- Installing: /home/wh1te/ros2_ws/install/px4_msgs/local/lib/python3.10/dist-packages/px4_msgs-2.0.1-py3.10.egg-info/SOURCES.txt
[137.586s] -- Installing: /home/wh1te/ros2_ws/install/px4_msgs/local/lib/python3.10/dist-packages/px4_msgs-2.0.1-py3.10.egg-info/dependency_links.txt
[137.586s] -- Installing: /home/wh1te/ros2_ws/install/px4_msgs/local/lib/python3.10/dist-packages/px4_msgs-2.0.1-py3.10.egg-info/PKG-INFO
[137.586s] -- Installing: /home/wh1te/ros2_ws/install/px4_msgs/local/lib/python3.10/dist-packages/px4_msgs
[137.587s] -- Installing: /home/wh1te/ros2_ws/install/px4_msgs/local/lib/python3.10/dist-packages/px4_msgs/px4_msgs_s__rosidl_typesupport_introspection_c.cpython-310-x86_64-linux-gnu.so
[137.587s] -- Installing: /home/wh1te/ros2_ws/install/px4_msgs/local/lib/python3.10/dist-packages/px4_msgs/msg
[137.587s] -- Installing: /home/wh1te/ros2_ws/install/px4_msgs/local/lib/python3.10/dist-packages/px4_msgs/msg/_trajectory_setpoint.py
[137.587s] -- Installing: /home/wh1te/ros2_ws/install/px4_msgs/local/lib/python3.10/dist-packages/px4_msgs/msg/_mag_worker_data_s.c
[137.587s] -- Installing: /home/wh1te/ros2_ws/install/px4_msgs/local/lib/python3.10/dist-packages/px4_msgs/msg/_qshell_req_s.c
[137.587s] -- Installing: /home/wh1te/ros2_ws/install/px4_msgs/local/lib/python3.10/dist-packages/px4_msgs/msg/_vehicle_local_position_setpoint_s.c
[137.587s] -- Installing: /home/wh1te/ros2_ws/install/px4_msgs/local/lib/python3.10/dist-packages/px4_msgs/msg/_sensor_gyro_fft_s.c
[137.587s] -- Installing: /home/wh1te/ros2_ws/install/px4_msgs/local/lib/python3.10/dist-packages/px4_msgs/msg/_input_rc_s.c
[137.587s] -- Installing: /home/wh1te/ros2_ws/install/px4_msgs/local/lib/python3.10/dist-packages/px4_msgs/msg/_estimator_event_flags.py
[137.588s] -- Installing: /home/wh1te/ros2_ws/install/px4_msgs/local/lib/python3.10/dist-packages/px4_msgs/msg/_estimator_aid_source2d.py
[137.588s] -- Installing: /home/wh1te/ros2_ws/install/px4_msgs/local/lib/python3.10/dist-packages/px4_msgs/msg/_estimator_event_flags_s.c
[137.588s] -- Installing: /home/wh1te/ros2_ws/install/px4_msgs/local/lib/python3.10/dist-packages/px4_msgs/msg/_system_power.py
[137.588s] -- Installing: /home/wh1te/ros2_ws/install/px4_msgs/local/lib/python3.10/dist-packages/px4_msgs/msg/_pps_capture_s.c
[137.588s] -- Installing: /home/wh1te/ros2_ws/install/px4_msgs/local/lib/python3.10/dist-packages/px4_msgs/msg/_sensor_gnss_relative_s.c
[137.588s] -- Installing: /home/wh1te/ros2_ws/install/px4_msgs/local/lib/python3.10/dist-packages/px4_msgs/msg/_ulog_stream.py
[137.588s] -- Installing: /home/wh1te/ros2_ws/install/px4_msgs/local/lib/python3.10/dist-packages/px4_msgs/msg/_collision_constraints.py
[137.588s] -- Installing: /home/wh1te/ros2_ws/install/px4_msgs/local/lib/python3.10/dist-packages/px4_msgs/msg/_trajectory_waypoint_s.c
[137.588s] -- Installing: /home/wh1te/ros2_ws/install/px4_msgs/local/lib/python3.10/dist-packages/px4_msgs/msg/_orbit_status.py
[137.588s] -- Installing: /home/wh1te/ros2_ws/install/px4_msgs/local/lib/python3.10/dist-packages/px4_msgs/msg/_sensor_uwb.py
[137.588s] -- Installing: /home/wh1te/ros2_ws/install/px4_msgs/local/lib/python3.10/dist-packages/px4_msgs/msg/_actuator_test.py
[137.588s] -- Installing: /home/wh1te/ros2_ws/install/px4_msgs/local/lib/python3.10/dist-packages/px4_msgs/msg/_vehicle_status_s.c
[137.588s] -- Installing: /home/wh1te/ros2_ws/install/px4_msgs/local/lib/python3.10/dist-packages/px4_msgs/msg/_vehicle_optical_flow.py
[137.588s] -- Installing: /home/wh1te/ros2_ws/install/px4_msgs/local/lib/python3.10/dist-packages/px4_msgs/msg/_follow_target_status_s.c
[137.589s] -- Installing: /home/wh1te/ros2_ws/install/px4_msgs/local/lib/python3.10/dist-packages/px4_msgs/msg/_actuator_armed.py
[137.589s] -- Installing: /home/wh1te/ros2_ws/install/px4_msgs/local/lib/python3.10/dist-packages/px4_msgs/msg/_cpuload_s.c
[137.589s] -- Installing: /home/wh1te/ros2_ws/install/px4_msgs/local/lib/python3.10/dist-packages/px4_msgs/msg/_parameter_update.py
[137.589s] -- Installing: /home/wh1te/ros2_ws/install/px4_msgs/local/lib/python3.10/dist-packages/px4_msgs/msg/_action_request_s.c
[137.589s] -- Installing: /home/wh1te/ros2_ws/install/px4_msgs/local/lib/python3.10/dist-packages/px4_msgs/msg/_wind_s.c
[137.589s] -- Installing: /home/wh1te/ros2_ws/install/px4_msgs/local/lib/python3.10/dist-packages/px4_msgs/msg/_ulog_stream_ack_s.c
[137.589s] -- Installing: /home/wh1te/ros2_ws/install/px4_msgs/local/lib/python3.10/dist-packages/px4_msgs/msg/_logger_status_s.c
[137.589s] -- Installing: /home/wh1te/ros2_ws/install/px4_msgs/local/lib/python3.10/dist-packages/px4_msgs/msg/_logger_status.py
[137.589s] -- Installing: /home/wh1te/ros2_ws/install/px4_msgs/local/lib/python3.10/dist-packages/px4_msgs/msg/_vehicle_global_position_s.c
[137.589s] -- Installing: /home/wh1te/ros2_ws/install/px4_msgs/local/lib/python3.10/dist-packages/px4_msgs/msg/_offboard_control_mode_s.c
[137.589s] -- Installing: /home/wh1te/ros2_ws/install/px4_msgs/local/lib/python3.10/dist-packages/px4_msgs/msg/_sensor_accel_fifo_s.c
[137.589s] -- Installing: /home/wh1te/ros2_ws/install/px4_msgs/local/lib/python3.10/dist-packages/px4_msgs/msg/_landing_gear.py
[137.589s] -- Installing: /home/wh1te/ros2_ws/install/px4_msgs/local/lib/python3.10/dist-packages/px4_msgs/msg/_rpm_s.c
[137.589s] -- Installing: /home/wh1te/ros2_ws/install/px4_msgs/local/lib/python3.10/dist-packages/px4_msgs/msg/_vehicle_attitude.py
[137.590s] -- Installing: /home/wh1te/ros2_ws/install/px4_msgs/local/lib/python3.10/dist-packages/px4_msgs/msg/_battery_status.py
[137.590s] -- Installing: /home/wh1te/ros2_ws/install/px4_msgs/local/lib/python3.10/dist-packages/px4_msgs/msg/_onboard_computer_status_s.c
[137.590s] -- Installing: /home/wh1te/ros2_ws/install/px4_msgs/local/lib/python3.10/dist-packages/px4_msgs/msg/_sensor_selection.py
[137.590s] -- Installing: /home/wh1te/ros2_ws/install/px4_msgs/local/lib/python3.10/dist-packages/px4_msgs/msg/_vehicle_trajectory_bezier.py
[137.590s] -- Installing: /home/wh1te/ros2_ws/install/px4_msgs/local/lib/python3.10/dist-packages/px4_msgs/msg/_distance_sensor_s.c
[137.590s] -- Installing: /home/wh1te/ros2_ws/install/px4_msgs/local/lib/python3.10/dist-packages/px4_msgs/msg/_sensor_optical_flow_s.c
[137.590s] -- Installing: /home/wh1te/ros2_ws/install/px4_msgs/local/lib/python3.10/dist-packages/px4_msgs/msg/_vehicle_magnetometer_s.c
[137.590s] -- Installing: /home/wh1te/ros2_ws/install/px4_msgs/local/lib/python3.10/dist-packages/px4_msgs/msg/_follow_target_estimator.py
[137.590s] -- Installing: /home/wh1te/ros2_ws/install/px4_msgs/local/lib/python3.10/dist-packages/px4_msgs/msg/_debug_vect.py
[137.590s] -- Installing: /home/wh1te/ros2_ws/install/px4_msgs/local/lib/python3.10/dist-packages/px4_msgs/msg/_battery_status_s.c
[137.590s] -- Installing: /home/wh1te/ros2_ws/install/px4_msgs/local/lib/python3.10/dist-packages/px4_msgs/msg/_esc_status.py
[137.590s] -- Installing: /home/wh1te/ros2_ws/install/px4_msgs/local/lib/python3.10/dist-packages/px4_msgs/msg/_gimbal_manager_set_attitude_s.c
[137.590s] -- Installing: /home/wh1te/ros2_ws/install/px4_msgs/local/lib/python3.10/dist-packages/px4_msgs/msg/_ekf2_timestamps.py
[137.590s] -- Installing: /home/wh1te/ros2_ws/install/px4_msgs/local/lib/python3.10/dist-packages/px4_msgs/msg/_gps_dump.py
[137.591s] -- Installing: /home/wh1te/ros2_ws/install/px4_msgs/local/lib/python3.10/dist-packages/px4_msgs/msg/_follow_target_status.py
[137.591s] -- Installing: /home/wh1te/ros2_ws/install/px4_msgs/local/lib/python3.10/dist-packages/px4_msgs/msg/_vehicle_command_s.c
[137.591s] -- Installing: /home/wh1te/ros2_ws/install/px4_msgs/local/lib/python3.10/dist-packages/px4_msgs/msg/_pwm_input.py
[137.591s] -- Installing: /home/wh1te/ros2_ws/install/px4_msgs/local/lib/python3.10/dist-packages/px4_msgs/msg/_vehicle_trajectory_waypoint_s.c
[137.591s] -- Installing: /home/wh1te/ros2_ws/install/px4_msgs/local/lib/python3.10/dist-packages/px4_msgs/msg/_orb_test.py
[137.591s] -- Installing: /home/wh1te/ros2_ws/install/px4_msgs/local/lib/python3.10/dist-packages/px4_msgs/msg/_vehicle_angular_velocity_s.c
[137.591s] -- Installing: /home/wh1te/ros2_ws/install/px4_msgs/local/lib/python3.10/dist-packages/px4_msgs/msg/_tecs_status.py
[137.591s] -- Installing: /home/wh1te/ros2_ws/install/px4_msgs/local/lib/python3.10/dist-packages/px4_msgs/msg/_orb_test_medium_s.c
[137.591s] -- Installing: /home/wh1te/ros2_ws/install/px4_msgs/local/lib/python3.10/dist-packages/px4_msgs/msg/_airspeed_validated_s.c
[137.591s] -- Installing: /home/wh1te/ros2_ws/install/px4_msgs/local/lib/python3.10/dist-packages/px4_msgs/msg/_follow_target_s.c
[137.591s] -- Installing: /home/wh1te/ros2_ws/install/px4_msgs/local/lib/python3.10/dist-packages/px4_msgs/msg/_estimator_status_s.c
[137.591s] -- Installing: /home/wh1te/ros2_ws/install/px4_msgs/local/lib/python3.10/dist-packages/px4_msgs/msg/_rpm.py
[137.591s] -- Installing: /home/wh1te/ros2_ws/install/px4_msgs/local/lib/python3.10/dist-packages/px4_msgs/msg/_orb_test_large.py
[137.592s] -- Installing: /home/wh1te/ros2_ws/install/px4_msgs/local/lib/python3.10/dist-packages/px4_msgs/msg/_mission.py
[137.592s] -- Installing: /home/wh1te/ros2_ws/install/px4_msgs/local/lib/python3.10/dist-packages/px4_msgs/msg/_gimbal_manager_status.py
[137.592s] -- Installing: /home/wh1te/ros2_ws/install/px4_msgs/local/lib/python3.10/dist-packages/px4_msgs/msg/_manual_control_setpoint.py
[137.592s] -- Installing: /home/wh1te/ros2_ws/install/px4_msgs/local/lib/python3.10/dist-packages/px4_msgs/msg/_sensors_status_imu_s.c
[137.592s] -- Installing: /home/wh1te/ros2_ws/install/px4_msgs/local/lib/python3.10/dist-packages/px4_msgs/msg/_vehicle_optical_flow_vel_s.c
[137.592s] -- Installing: /home/wh1te/ros2_ws/install/px4_msgs/local/lib/python3.10/dist-packages/px4_msgs/msg/_gimbal_device_set_attitude.py
[137.592s] -- Installing: /home/wh1te/ros2_ws/install/px4_msgs/local/lib/python3.10/dist-packages/px4_msgs/msg/_position_controller_landing_status.py
[137.592s] -- Installing: /home/wh1te/ros2_ws/install/px4_msgs/local/lib/python3.10/dist-packages/px4_msgs/msg/_vehicle_roi_s.c
[137.592s] -- Installing: /home/wh1te/ros2_ws/install/px4_msgs/local/lib/python3.10/dist-packages/px4_msgs/msg/_gimbal_controls.py
[137.592s] -- Installing: /home/wh1te/ros2_ws/install/px4_msgs/local/lib/python3.10/dist-packages/px4_msgs/msg/_cellular_status.py
[137.592s] -- Installing: /home/wh1te/ros2_ws/install/px4_msgs/local/lib/python3.10/dist-packages/px4_msgs/msg/_estimator_bias.py
[137.592s] -- Installing: /home/wh1te/ros2_ws/install/px4_msgs/local/lib/python3.10/dist-packages/px4_msgs/msg/_estimator_bias3d.py
[137.592s] -- Installing: /home/wh1te/ros2_ws/install/px4_msgs/local/lib/python3.10/dist-packages/px4_msgs/msg/_sensor_gyro.py
[137.592s] -- Installing: /home/wh1te/ros2_ws/install/px4_msgs/local/lib/python3.10/dist-packages/px4_msgs/msg/_camera_trigger_s.c
[137.593s] -- Installing: /home/wh1te/ros2_ws/install/px4_msgs/local/lib/python3.10/dist-packages/px4_msgs/msg/_autotune_attitude_control_status_s.c
[137.593s] -- Installing: /home/wh1te/ros2_ws/install/px4_msgs/local/lib/python3.10/dist-packages/px4_msgs/msg/_sensors_status_s.c
[137.593s] -- Installing: /home/wh1te/ros2_ws/install/px4_msgs/local/lib/python3.10/dist-packages/px4_msgs/msg/_rtl_time_estimate_s.c
[137.593s] -- Installing: /home/wh1te/ros2_ws/install/px4_msgs/local/lib/python3.10/dist-packages/px4_msgs/msg/_actuator_servos.py
[137.593s] -- Installing: /home/wh1te/ros2_ws/install/px4_msgs/local/lib/python3.10/dist-packages/px4_msgs/msg/_vehicle_command.py
[137.593s] -- Installing: /home/wh1te/ros2_ws/install/px4_msgs/local/lib/python3.10/dist-packages/px4_msgs/msg/_qshell_retval.py
[137.593s] -- Installing: /home/wh1te/ros2_ws/install/px4_msgs/local/lib/python3.10/dist-packages/px4_msgs/msg/_gimbal_manager_information.py
[137.593s] -- Installing: /home/wh1te/ros2_ws/install/px4_msgs/local/lib/python3.10/dist-packages/px4_msgs/msg/_gimbal_device_attitude_status.py
[137.593s] -- Installing: /home/wh1te/ros2_ws/install/px4_msgs/local/lib/python3.10/dist-packages/px4_msgs/msg/_satellite_info_s.c
[137.593s] -- Installing: /home/wh1te/ros2_ws/install/px4_msgs/local/lib/python3.10/dist-packages/px4_msgs/msg/_camera_capture_s.c
[137.593s] -- Installing: /home/wh1te/ros2_ws/install/px4_msgs/local/lib/python3.10/dist-packages/px4_msgs/msg/_collision_report_s.c
[137.593s] -- Installing: /home/wh1te/ros2_ws/install/px4_msgs/local/lib/python3.10/dist-packages/px4_msgs/msg/_estimator_aid_source1d_s.c
[137.593s] -- Installing: /home/wh1te/ros2_ws/install/px4_msgs/local/lib/python3.10/dist-packages/px4_msgs/msg/_qshell_retval_s.c
[137.594s] -- Installing: /home/wh1te/ros2_ws/install/px4_msgs/local/lib/python3.10/dist-packages/px4_msgs/msg/_vtol_vehicle_status.py
[137.594s] -- Installing: /home/wh1te/ros2_ws/install/px4_msgs/local/lib/python3.10/dist-packages/px4_msgs/msg/_input_rc.py
[137.594s] -- Installing: /home/wh1te/ros2_ws/install/px4_msgs/local/lib/python3.10/dist-packages/px4_msgs/msg/_px4io_status_s.c
[137.594s] -- Installing: /home/wh1te/ros2_ws/install/px4_msgs/local/lib/python3.10/dist-packages/px4_msgs/msg/_navigator_mission_item.py
[137.594s] -- Installing: /home/wh1te/ros2_ws/install/px4_msgs/local/lib/python3.10/dist-packages/px4_msgs/msg/_vehicle_local_position.py
[137.594s] -- Installing: /home/wh1te/ros2_ws/install/px4_msgs/local/lib/python3.10/dist-packages/px4_msgs/msg/_ulog_stream_s.c
[137.594s] -- Installing: /home/wh1te/ros2_ws/install/px4_msgs/local/lib/python3.10/dist-packages/px4_msgs/msg/_vehicle_imu_status.py
[137.594s] -- Installing: /home/wh1te/ros2_ws/install/px4_msgs/local/lib/python3.10/dist-packages/px4_msgs/msg/_follow_target.py
[137.594s] -- Installing: /home/wh1te/ros2_ws/install/px4_msgs/local/lib/python3.10/dist-packages/px4_msgs/msg/_sensors_status_imu.py
[137.594s] -- Installing: /home/wh1te/ros2_ws/install/px4_msgs/local/lib/python3.10/dist-packages/px4_msgs/msg/_sensor_gyro_fft.py
[137.594s] -- Installing: /home/wh1te/ros2_ws/install/px4_msgs/local/lib/python3.10/dist-packages/px4_msgs/msg/_actuator_servos_s.c
[137.594s] -- Installing: /home/wh1te/ros2_ws/install/px4_msgs/local/lib/python3.10/dist-packages/px4_msgs/msg/_vehicle_torque_setpoint.py
[137.594s] -- Installing: /home/wh1te/ros2_ws/install/px4_msgs/local/lib/python3.10/dist-packages/px4_msgs/msg/_sensor_hygrometer_s.c
[137.595s] -- Installing: /home/wh1te/ros2_ws/install/px4_msgs/local/lib/python3.10/dist-packages/px4_msgs/msg/_gimbal_device_information.py
[137.595s] -- Installing: /home/wh1te/ros2_ws/install/px4_msgs/local/lib/python3.10/dist-packages/px4_msgs/msg/_actuator_armed_s.c
[137.595s] -- Installing: /home/wh1te/ros2_ws/install/px4_msgs/local/lib/python3.10/dist-packages/px4_msgs/msg/_task_stack_info_s.c
[137.595s] -- Installing: /home/wh1te/ros2_ws/install/px4_msgs/local/lib/python3.10/dist-packages/px4_msgs/msg/_position_controller_status.py
[137.595s] -- Installing: /home/wh1te/ros2_ws/install/px4_msgs/local/lib/python3.10/dist-packages/px4_msgs/msg/_npfg_status.py
[137.595s] -- Installing: /home/wh1te/ros2_ws/install/px4_msgs/local/lib/python3.10/dist-packages/px4_msgs/msg/_position_setpoint.py
[137.595s] -- Installing: /home/wh1te/ros2_ws/install/px4_msgs/local/lib/python3.10/dist-packages/px4_msgs/msg/_power_monitor_s.c
[137.595s] -- Installing: /home/wh1te/ros2_ws/install/px4_msgs/local/lib/python3.10/dist-packages/px4_msgs/msg/_sensor_gps_s.c
[137.595s] -- Installing: /home/wh1te/ros2_ws/install/px4_msgs/local/lib/python3.10/dist-packages/px4_msgs/msg/_gimbal_manager_information_s.c
[137.595s] -- Installing: /home/wh1te/ros2_ws/install/px4_msgs/local/lib/python3.10/dist-packages/px4_msgs/msg/_npfg_status_s.c
[137.595s] -- Installing: /home/wh1te/ros2_ws/install/px4_msgs/local/lib/python3.10/dist-packages/px4_msgs/msg/_sensor_optical_flow.py
[137.595s] -- Installing: /home/wh1te/ros2_ws/install/px4_msgs/local/lib/python3.10/dist-packages/px4_msgs/msg/_sensor_preflight_mag.py
[137.596s] -- Installing: /home/wh1te/ros2_ws/install/px4_msgs/local/lib/python3.10/dist-packages/px4_msgs/msg/_rc_channels.py
[137.596s] -- Installing: /home/wh1te/ros2_ws/install/px4_msgs/local/lib/python3.10/dist-packages/px4_msgs/msg/_mavlink_log_s.c
[137.596s] -- Installing: /home/wh1te/ros2_ws/install/px4_msgs/local/lib/python3.10/dist-packages/px4_msgs/msg/_esc_status_s.c
[137.596s] -- Installing: /home/wh1te/ros2_ws/install/px4_msgs/local/lib/python3.10/dist-packages/px4_msgs/msg/_airspeed_validated.py
[137.596s] -- Installing: /home/wh1te/ros2_ws/install/px4_msgs/local/lib/python3.10/dist-packages/px4_msgs/msg/_cellular_status_s.c
[137.596s] -- Installing: /home/wh1te/ros2_ws/install/px4_msgs/local/lib/python3.10/dist-packages/px4_msgs/msg/_position_setpoint_triplet.py
[137.596s] -- Installing: /home/wh1te/ros2_ws/install/px4_msgs/local/lib/python3.10/dist-packages/px4_msgs/msg/_vehicle_rates_setpoint_s.c
[137.596s] -- Installing: /home/wh1te/ros2_ws/install/px4_msgs/local/lib/python3.10/dist-packages/px4_msgs/msg/_ulog_stream_ack.py
[137.596s] -- Installing: /home/wh1te/ros2_ws/install/px4_msgs/local/lib/python3.10/dist-packages/px4_msgs/msg/_mount_orientation_s.c
[137.596s] -- Installing: /home/wh1te/ros2_ws/install/px4_msgs/local/lib/python3.10/dist-packages/px4_msgs/msg/_sensor_baro_s.c
[137.596s] -- Installing: /home/wh1te/ros2_ws/install/px4_msgs/local/lib/python3.10/dist-packages/px4_msgs/msg/_uavcan_parameter_value.py
[137.596s] -- Installing: /home/wh1te/ros2_ws/install/px4_msgs/local/lib/python3.10/dist-packages/px4_msgs/msg/_orbit_status_s.c
[137.596s] -- Installing: /home/wh1te/ros2_ws/install/px4_msgs/local/lib/python3.10/dist-packages/px4_msgs/msg/_follow_target_estimator_s.c
[137.596s] -- Installing: /home/wh1te/ros2_ws/install/px4_msgs/local/lib/python3.10/dist-packages/px4_msgs/msg/_vehicle_trajectory_bezier_s.c
[137.597s] -- Installing: /home/wh1te/ros2_ws/install/px4_msgs/local/lib/python3.10/dist-packages/px4_msgs/msg/_takeoff_status.py
[137.597s] -- Installing: /home/wh1te/ros2_ws/install/px4_msgs/local/lib/python3.10/dist-packages/px4_msgs/msg/_sensor_accel_s.c
[137.597s] -- Installing: /home/wh1te/ros2_ws/install/px4_msgs/local/lib/python3.10/dist-packages/px4_msgs/msg/_sensor_combined.py
[137.597s] -- Installing: /home/wh1te/ros2_ws/install/px4_msgs/local/lib/python3.10/dist-packages/px4_msgs/msg/_sensor_gps.py
[137.597s] -- Installing: /home/wh1te/ros2_ws/install/px4_msgs/local/lib/python3.10/dist-packages/px4_msgs/msg/_estimator_status_flags_s.c
[137.597s] -- Installing: /home/wh1te/ros2_ws/install/px4_msgs/local/lib/python3.10/dist-packages/px4_msgs/msg/_rc_parameter_map_s.c
[137.597s] -- Installing: /home/wh1te/ros2_ws/install/px4_msgs/local/lib/python3.10/dist-packages/px4_msgs/msg/_vehicle_attitude_s.c
[137.597s] -- Installing: /home/wh1te/ros2_ws/install/px4_msgs/local/lib/python3.10/dist-packages/px4_msgs/msg/_sensor_combined_s.c
[137.597s] -- Installing: /home/wh1te/ros2_ws/install/px4_msgs/local/lib/python3.10/dist-packages/px4_msgs/msg/_camera_trigger.py
[137.597s] -- Installing: /home/wh1te/ros2_ws/install/px4_msgs/local/lib/python3.10/dist-packages/px4_msgs/msg/_estimator_bias3d_s.c
[137.597s] -- Installing: /home/wh1te/ros2_ws/install/px4_msgs/local/lib/python3.10/dist-packages/px4_msgs/msg/_vehicle_control_mode_s.c
[137.597s] -- Installing: /home/wh1te/ros2_ws/install/px4_msgs/local/lib/python3.10/dist-packages/px4_msgs/msg/_action_request.py
[137.598s] -- Installing: /home/wh1te/ros2_ws/install/px4_msgs/local/lib/python3.10/dist-packages/px4_msgs/msg/_tiltrotor_extra_controls_s.c
[137.598s] -- Installing: /home/wh1te/ros2_ws/install/px4_msgs/local/lib/python3.10/dist-packages/px4_msgs/msg/_estimator_selector_status_s.c
[137.598s] -- Installing: /home/wh1te/ros2_ws/install/px4_msgs/local/lib/python3.10/dist-packages/px4_msgs/msg/_mode_completed.py
[137.598s] -- Installing: /home/wh1te/ros2_ws/install/px4_msgs/local/lib/python3.10/dist-packages/px4_msgs/msg/_landing_gear_wheel_s.c
[137.598s] -- Installing: /home/wh1te/ros2_ws/install/px4_msgs/local/lib/python3.10/dist-packages/px4_msgs/msg/_estimator_gps_status.py
[137.598s] -- Installing: /home/wh1te/ros2_ws/install/px4_msgs/local/lib/python3.10/dist-packages/px4_msgs/msg/_uavcan_parameter_request_s.c
[137.598s] -- Installing: /home/wh1te/ros2_ws/install/px4_msgs/local/lib/python3.10/dist-packages/px4_msgs/msg/_ping.py
[137.598s] -- Installing: /home/wh1te/ros2_ws/install/px4_msgs/local/lib/python3.10/dist-packages/px4_msgs/msg/_heater_status_s.c
[137.598s] -- Installing: /home/wh1te/ros2_ws/install/px4_msgs/local/lib/python3.10/dist-packages/px4_msgs/msg/_event_s.c
[137.598s] -- Installing: /home/wh1te/ros2_ws/install/px4_msgs/local/lib/python3.10/dist-packages/px4_msgs/msg/_debug_value_s.c
[137.598s] -- Installing: /home/wh1te/ros2_ws/install/px4_msgs/local/lib/python3.10/dist-packages/px4_msgs/msg/_irlock_report.py
[137.598s] -- Installing: /home/wh1te/ros2_ws/install/px4_msgs/local/lib/python3.10/dist-packages/px4_msgs/msg/_pwm_input_s.c
[137.598s] -- Installing: /home/wh1te/ros2_ws/install/px4_msgs/local/lib/python3.10/dist-packages/px4_msgs/msg/_estimator_sensor_bias.py
[137.598s] -- Installing: /home/wh1te/ros2_ws/install/px4_msgs/local/lib/python3.10/dist-packages/px4_msgs/msg/_vehicle_air_data_s.c
[137.599s] -- Installing: /home/wh1te/ros2_ws/install/px4_msgs/local/lib/python3.10/dist-packages/px4_msgs/msg/__init__.py
[137.599s] -- Installing: /home/wh1te/ros2_ws/install/px4_msgs/local/lib/python3.10/dist-packages/px4_msgs/msg/_vehicle_attitude_setpoint_s.c
[137.599s] -- Installing: /home/wh1te/ros2_ws/install/px4_msgs/local/lib/python3.10/dist-packages/px4_msgs/msg/_vehicle_optical_flow_vel.py
[137.599s] -- Installing: /home/wh1te/ros2_ws/install/px4_msgs/local/lib/python3.10/dist-packages/px4_msgs/msg/_gripper.py
[137.599s] -- Installing: /home/wh1te/ros2_ws/install/px4_msgs/local/lib/python3.10/dist-packages/px4_msgs/msg/_estimator_aid_source3d.py
[137.599s] -- Installing: /home/wh1te/ros2_ws/install/px4_msgs/local/lib/python3.10/dist-packages/px4_msgs/msg/_trajectory_setpoint_s.c
[137.599s] -- Installing: /home/wh1te/ros2_ws/install/px4_msgs/local/lib/python3.10/dist-packages/px4_msgs/msg/_camera_status_s.c
[137.599s] -- Installing: /home/wh1te/ros2_ws/install/px4_msgs/local/lib/python3.10/dist-packages/px4_msgs/msg/_estimator_aid_source1d.py
[137.599s] -- Installing: /home/wh1te/ros2_ws/install/px4_msgs/local/lib/python3.10/dist-packages/px4_msgs/msg/_position_controller_status_s.c
[137.599s] -- Installing: /home/wh1te/ros2_ws/install/px4_msgs/local/lib/python3.10/dist-packages/px4_msgs/msg/_landing_target_innovations.py
[137.599s] -- Installing: /home/wh1te/ros2_ws/install/px4_msgs/local/lib/python3.10/dist-packages/px4_msgs/msg/_parameter_update_s.c
[137.599s] -- Installing: /home/wh1te/ros2_ws/install/px4_msgs/local/lib/python3.10/dist-packages/px4_msgs/msg/_vehicle_rates_setpoint.py
[137.599s] -- Installing: /home/wh1te/ros2_ws/install/px4_msgs/local/lib/python3.10/dist-packages/px4_msgs/msg/_vehicle_attitude_setpoint.py
[137.599s] -- Installing: /home/wh1te/ros2_ws/install/px4_msgs/local/lib/python3.10/dist-packages/px4_msgs/msg/_estimator_states.py
[137.600s] -- Installing: /home/wh1te/ros2_ws/install/px4_msgs/local/lib/python3.10/dist-packages/px4_msgs/msg/_airspeed_wind.py
[137.600s] -- Installing: /home/wh1te/ros2_ws/install/px4_msgs/local/lib/python3.10/dist-packages/px4_msgs/msg/_sensor_mag_s.c
[137.600s] -- Installing: /home/wh1te/ros2_ws/install/px4_msgs/local/lib/python3.10/dist-packages/px4_msgs/msg/_gimbal_device_attitude_status_s.c
[137.600s] -- Installing: /home/wh1te/ros2_ws/install/px4_msgs/local/lib/python3.10/dist-packages/px4_msgs/msg/_power_monitor.py
[137.600s] -- Installing: /home/wh1te/ros2_ws/install/px4_msgs/local/lib/python3.10/dist-packages/px4_msgs/msg/_sensor_preflight_mag_s.c
[137.600s] -- Installing: /home/wh1te/ros2_ws/install/px4_msgs/local/lib/python3.10/dist-packages/px4_msgs/msg/_gps_inject_data_s.c
[137.600s] -- Installing: /home/wh1te/ros2_ws/install/px4_msgs/local/lib/python3.10/dist-packages/px4_msgs/msg/_distance_sensor.py
[137.600s] -- Installing: /home/wh1te/ros2_ws/install/px4_msgs/local/lib/python3.10/dist-packages/px4_msgs/msg/_manual_control_switches_s.c
[137.600s] -- Installing: /home/wh1te/ros2_ws/install/px4_msgs/local/lib/python3.10/dist-packages/px4_msgs/msg/_irlock_report_s.c
[137.600s] -- Installing: /home/wh1te/ros2_ws/install/px4_msgs/local/lib/python3.10/dist-packages/px4_msgs/msg/_collision_report.py
[137.600s] -- Installing: /home/wh1te/ros2_ws/install/px4_msgs/local/lib/python3.10/dist-packages/px4_msgs/msg/_vehicle_torque_setpoint_s.c
[137.600s] -- Installing: /home/wh1te/ros2_ws/install/px4_msgs/local/lib/python3.10/dist-packages/px4_msgs/msg/_vehicle_acceleration_s.c
[137.600s] -- Installing: /home/wh1te/ros2_ws/install/px4_msgs/local/lib/python3.10/dist-packages/px4_msgs/msg/_vehicle_odometry.py
[137.601s] -- Installing: /home/wh1te/ros2_ws/install/px4_msgs/local/lib/python3.10/dist-packages/px4_msgs/msg/_landing_target_innovations_s.c
[137.601s] -- Installing: /home/wh1te/ros2_ws/install/px4_msgs/local/lib/python3.10/dist-packages/px4_msgs/msg/_manual_control_switches.py
[137.601s] -- Installing: /home/wh1te/ros2_ws/install/px4_msgs/local/lib/python3.10/dist-packages/px4_msgs/msg/_mount_orientation.py
[137.601s] -- Installing: /home/wh1te/ros2_ws/install/px4_msgs/local/lib/python3.10/dist-packages/px4_msgs/msg/_estimator_innovations_s.c
[137.601s] -- Installing: /home/wh1te/ros2_ws/install/px4_msgs/local/lib/python3.10/dist-packages/px4_msgs/msg/_sensor_selection_s.c
[137.601s] -- Installing: /home/wh1te/ros2_ws/install/px4_msgs/local/lib/python3.10/dist-packages/px4_msgs/msg/_airspeed_s.c
[137.601s] -- Installing: /home/wh1te/ros2_ws/install/px4_msgs/local/lib/python3.10/dist-packages/px4_msgs/msg/_control_allocator_status_s.c
[137.601s] -- Installing: /home/wh1te/ros2_ws/install/px4_msgs/local/lib/python3.10/dist-packages/px4_msgs/msg/_vehicle_roi.py
[137.601s] -- Installing: /home/wh1te/ros2_ws/install/px4_msgs/local/lib/python3.10/dist-packages/px4_msgs/msg/_failsafe_flags.py
[137.601s] -- Installing: /home/wh1te/ros2_ws/install/px4_msgs/local/lib/python3.10/dist-packages/px4_msgs/msg/_magnetometer_bias_estimate.py
[137.601s] -- Installing: /home/wh1te/ros2_ws/install/px4_msgs/local/lib/python3.10/dist-packages/px4_msgs/msg/_rc_parameter_map.py
[137.601s] -- Installing: /home/wh1te/ros2_ws/install/px4_msgs/local/lib/python3.10/dist-packages/px4_msgs/msg/_launch_detection_status_s.c
[137.602s] -- Installing: /home/wh1te/ros2_ws/install/px4_msgs/local/lib/python3.10/dist-packages/px4_msgs/msg/_sensor_correction_s.c
[137.602s] -- Installing: /home/wh1te/ros2_ws/install/px4_msgs/local/lib/python3.10/dist-packages/px4_msgs/msg/_iridiumsbd_status.py
[137.602s] -- Installing: /home/wh1te/ros2_ws/install/px4_msgs/local/lib/python3.10/dist-packages/px4_msgs/msg/_sensor_gyro_fifo_s.c
[137.602s] -- Installing: /home/wh1te/ros2_ws/install/px4_msgs/local/lib/python3.10/dist-packages/px4_msgs/msg/_landing_gear_wheel.py
[137.602s] -- Installing: /home/wh1te/ros2_ws/install/px4_msgs/local/lib/python3.10/dist-packages/px4_msgs/msg/_vehicle_command_ack.py
[137.602s] -- Installing: /home/wh1te/ros2_ws/install/px4_msgs/local/lib/python3.10/dist-packages/px4_msgs/msg/_tiltrotor_extra_controls.py
[137.602s] -- Installing: /home/wh1te/ros2_ws/install/px4_msgs/local/lib/python3.10/dist-packages/px4_msgs/msg/_ekf2_timestamps_s.c
[137.602s] -- Installing: /home/wh1te/ros2_ws/install/px4_msgs/local/lib/python3.10/dist-packages/px4_msgs/msg/_home_position_s.c
[137.602s] -- Installing: /home/wh1te/ros2_ws/install/px4_msgs/local/lib/python3.10/dist-packages/px4_msgs/msg/_estimator_selector_status.py
[137.602s] -- Installing: /home/wh1te/ros2_ws/install/px4_msgs/local/lib/python3.10/dist-packages/px4_msgs/msg/_adc_report_s.c
[137.602s] -- Installing: /home/wh1te/ros2_ws/install/px4_msgs/local/lib/python3.10/dist-packages/px4_msgs/msg/_failsafe_flags_s.c
[137.602s] -- Installing: /home/wh1te/ros2_ws/install/px4_msgs/local/lib/python3.10/dist-packages/px4_msgs/msg/_health_report_s.c
[137.602s] -- Installing: /home/wh1te/ros2_ws/install/px4_msgs/local/lib/python3.10/dist-packages/px4_msgs/msg/_tecs_status_s.c
[137.603s] -- Installing: /home/wh1te/ros2_ws/install/px4_msgs/local/lib/python3.10/dist-packages/px4_msgs/msg/_rtl_time_estimate.py
[137.603s] -- Installing: /home/wh1te/ros2_ws/install/px4_msgs/local/lib/python3.10/dist-packages/px4_msgs/msg/_trajectory_bezier.py
[137.603s] -- Installing: /home/wh1te/ros2_ws/install/px4_msgs/local/lib/python3.10/dist-packages/px4_msgs/msg/_vehicle_air_data.py
[137.603s] -- Installing: /home/wh1te/ros2_ws/install/px4_msgs/local/lib/python3.10/dist-packages/px4_msgs/msg/_gimbal_device_information_s.c
[137.603s] -- Installing: /home/wh1te/ros2_ws/install/px4_msgs/local/lib/python3.10/dist-packages/px4_msgs/msg/_rate_ctrl_status_s.c
[137.603s] -- Installing: /home/wh1te/ros2_ws/install/px4_msgs/local/lib/python3.10/dist-packages/px4_msgs/msg/_obstacle_distance.py
[137.603s] -- Installing: /home/wh1te/ros2_ws/install/px4_msgs/local/lib/python3.10/dist-packages/px4_msgs/msg/_vehicle_imu_s.c
[137.603s] -- Installing: /home/wh1te/ros2_ws/install/px4_msgs/local/lib/python3.10/dist-packages/px4_msgs/msg/_qshell_req.py
[137.603s] -- Installing: /home/wh1te/ros2_ws/install/px4_msgs/local/lib/python3.10/dist-packages/px4_msgs/msg/_trajectory_waypoint.py
[137.603s] -- Installing: /home/wh1te/ros2_ws/install/px4_msgs/local/lib/python3.10/dist-packages/px4_msgs/msg/_button_event_s.c
[137.603s] -- Installing: /home/wh1te/ros2_ws/install/px4_msgs/local/lib/python3.10/dist-packages/px4_msgs/msg/_debug_array_s.c
[137.603s] -- Installing: /home/wh1te/ros2_ws/install/px4_msgs/local/lib/python3.10/dist-packages/px4_msgs/msg/_generator_status_s.c
[137.603s] -- Installing: /home/wh1te/ros2_ws/install/px4_msgs/local/lib/python3.10/dist-packages/px4_msgs/msg/_normalized_unsigned_setpoint.py
[137.604s] -- Installing: /home/wh1te/ros2_ws/install/px4_msgs/local/lib/python3.10/dist-packages/px4_msgs/msg/_debug_value.py
[137.604s] -- Installing: /home/wh1te/ros2_ws/install/px4_msgs/local/lib/python3.10/dist-packages/px4_msgs/msg/_trajectory_bezier_s.c
[137.604s] -- Installing: /home/wh1te/ros2_ws/install/px4_msgs/local/lib/python3.10/dist-packages/px4_msgs/msg/_button_event.py
[137.604s] -- Installing: /home/wh1te/ros2_ws/install/px4_msgs/local/lib/python3.10/dist-packages/px4_msgs/msg/_hover_thrust_estimate_s.c
[137.604s] -- Installing: /home/wh1te/ros2_ws/install/px4_msgs/local/lib/python3.10/dist-packages/px4_msgs/msg/_led_control.py
[137.604s] -- Installing: /home/wh1te/ros2_ws/install/px4_msgs/local/lib/python3.10/dist-packages/px4_msgs/msg/_estimator_status.py
[137.604s] -- Installing: /home/wh1te/ros2_ws/install/px4_msgs/local/lib/python3.10/dist-packages/px4_msgs/msg/_airspeed.py
[137.604s] -- Installing: /home/wh1te/ros2_ws/install/px4_msgs/local/lib/python3.10/dist-packages/px4_msgs/msg/_internal_combustion_engine_status.py
[137.604s] -- Installing: /home/wh1te/ros2_ws/install/px4_msgs/local/lib/python3.10/dist-packages/px4_msgs/msg/_rc_channels_s.c
[137.604s] -- Installing: /home/wh1te/ros2_ws/install/px4_msgs/local/lib/python3.10/dist-packages/px4_msgs/msg/_sensor_hygrometer.py
[137.604s] -- Installing: /home/wh1te/ros2_ws/install/px4_msgs/local/lib/python3.10/dist-packages/px4_msgs/msg/_actuator_controls_status_s.c
[137.604s] -- Installing: /home/wh1te/ros2_ws/install/px4_msgs/local/lib/python3.10/dist-packages/px4_msgs/msg/_vehicle_control_mode.py
[137.604s] -- Installing: /home/wh1te/ros2_ws/install/px4_msgs/local/lib/python3.10/dist-packages/px4_msgs/msg/_internal_combustion_engine_status_s.c
[137.605s] -- Installing: /home/wh1te/ros2_ws/install/px4_msgs/local/lib/python3.10/dist-packages/px4_msgs/msg/_position_controller_landing_status_s.c
[137.605s] -- Installing: /home/wh1te/ros2_ws/install/px4_msgs/local/lib/python3.10/dist-packages/px4_msgs/msg/_vehicle_trajectory_waypoint.py
[137.605s] -- Installing: /home/wh1te/ros2_ws/install/px4_msgs/local/lib/python3.10/dist-packages/px4_msgs/msg/_actuator_servos_trim_s.c
[137.605s] -- Installing: /home/wh1te/ros2_ws/install/px4_msgs/local/lib/python3.10/dist-packages/px4_msgs/msg/_position_setpoint_triplet_s.c
[137.605s] -- Installing: /home/wh1te/ros2_ws/install/px4_msgs/local/lib/python3.10/dist-packages/px4_msgs/msg/_gps_inject_data.py
[137.605s] -- Installing: /home/wh1te/ros2_ws/install/px4_msgs/local/lib/python3.10/dist-packages/px4_msgs/msg/_heater_status.py
[137.605s] -- Installing: /home/wh1te/ros2_ws/install/px4_msgs/local/lib/python3.10/dist-packages/px4_msgs/msg/_vehicle_magnetometer.py
[137.605s] -- Installing: /home/wh1te/ros2_ws/install/px4_msgs/local/lib/python3.10/dist-packages/px4_msgs/msg/_sensor_mag.py
[137.605s] -- Installing: /home/wh1te/ros2_ws/install/px4_msgs/local/lib/python3.10/dist-packages/px4_msgs/msg/_autotune_attitude_control_status.py
[137.605s] -- Installing: /home/wh1te/ros2_ws/install/px4_msgs/local/lib/python3.10/dist-packages/px4_msgs/msg/_launch_detection_status.py
[137.605s] -- Installing: /home/wh1te/ros2_ws/install/px4_msgs/local/lib/python3.10/dist-packages/px4_msgs/msg/_esc_report_s.c
[137.605s] -- Installing: /home/wh1te/ros2_ws/install/px4_msgs/local/lib/python3.10/dist-packages/px4_msgs/msg/_position_setpoint_s.c
[137.605s] -- Installing: /home/wh1te/ros2_ws/install/px4_msgs/local/lib/python3.10/dist-packages/px4_msgs/msg/_actuator_outputs_s.c
[137.606s] -- Installing: /home/wh1te/ros2_ws/install/px4_msgs/local/lib/python3.10/dist-packages/px4_msgs/msg/_gimbal_manager_set_attitude.py
[137.606s] -- Installing: /home/wh1te/ros2_ws/install/px4_msgs/local/lib/python3.10/dist-packages/px4_msgs/msg/_gimbal_device_set_attitude_s.c
[137.606s] -- Installing: /home/wh1te/ros2_ws/install/px4_msgs/local/lib/python3.10/dist-packages/px4_msgs/msg/_cpuload.py
[137.606s] -- Installing: /home/wh1te/ros2_ws/install/px4_msgs/local/lib/python3.10/dist-packages/px4_msgs/msg/_ping_s.c
[137.606s] -- Installing: /home/wh1te/ros2_ws/install/px4_msgs/local/lib/python3.10/dist-packages/px4_msgs/msg/_system_power_s.c
[137.606s] -- Installing: /home/wh1te/ros2_ws/install/px4_msgs/local/lib/python3.10/dist-packages/px4_msgs/msg/_vehicle_land_detected_s.c
[137.606s] -- Installing: /home/wh1te/ros2_ws/install/px4_msgs/local/lib/python3.10/dist-packages/px4_msgs/msg/_vehicle_angular_acceleration_setpoint.py
[137.606s] -- Installing: /home/wh1te/ros2_ws/install/px4_msgs/local/lib/python3.10/dist-packages/px4_msgs/msg/_magnetometer_bias_estimate_s.c
[137.606s] -- Installing: /home/wh1te/ros2_ws/install/px4_msgs/local/lib/python3.10/dist-packages/px4_msgs/msg/_vehicle_global_position.py
[137.606s] -- Installing: /home/wh1te/ros2_ws/install/px4_msgs/local/lib/python3.10/dist-packages/px4_msgs/msg/_debug_key_value_s.c
[137.606s] -- Installing: /home/wh1te/ros2_ws/install/px4_msgs/local/lib/python3.10/dist-packages/px4_msgs/msg/_vehicle_thrust_setpoint_s.c
[137.606s] -- Installing: /home/wh1te/ros2_ws/install/px4_msgs/local/lib/python3.10/dist-packages/px4_msgs/msg/_task_stack_info.py
[137.606s] -- Installing: /home/wh1te/ros2_ws/install/px4_msgs/local/lib/python3.10/dist-packages/px4_msgs/msg/_mag_worker_data.py
[137.606s] -- Installing: /home/wh1te/ros2_ws/install/px4_msgs/local/lib/python3.10/dist-packages/px4_msgs/msg/_telemetry_status_s.c
[137.607s] -- Installing: /home/wh1te/ros2_ws/install/px4_msgs/local/lib/python3.10/dist-packages/px4_msgs/msg/_log_message.py
[137.607s] -- Installing: /home/wh1te/ros2_ws/install/px4_msgs/local/lib/python3.10/dist-packages/px4_msgs/msg/_estimator_status_flags.py
[137.607s] -- Installing: /home/wh1te/ros2_ws/install/px4_msgs/local/lib/python3.10/dist-packages/px4_msgs/msg/_log_message_s.c
[137.607s] -- Installing: /home/wh1te/ros2_ws/install/px4_msgs/local/lib/python3.10/dist-packages/px4_msgs/msg/_airspeed_wind_s.c
[137.607s] -- Installing: /home/wh1te/ros2_ws/install/px4_msgs/local/lib/python3.10/dist-packages/px4_msgs/msg/_actuator_outputs.py
[137.607s] -- Installing: /home/wh1te/ros2_ws/install/px4_msgs/local/lib/python3.10/dist-packages/px4_msgs/msg/_differential_pressure.py
[137.607s] -- Installing: /home/wh1te/ros2_ws/install/px4_msgs/local/lib/python3.10/dist-packages/px4_msgs/msg/_vehicle_local_position_setpoint.py
[137.607s] -- Installing: /home/wh1te/ros2_ws/install/px4_msgs/local/lib/python3.10/dist-packages/px4_msgs/msg/_debug_vect_s.c
[137.607s] -- Installing: /home/wh1te/ros2_ws/install/px4_msgs/local/lib/python3.10/dist-packages/px4_msgs/msg/_estimator_sensor_bias_s.c
[137.607s] -- Installing: /home/wh1te/ros2_ws/install/px4_msgs/local/lib/python3.10/dist-packages/px4_msgs/msg/_orb_test_medium.py
[137.607s] -- Installing: /home/wh1te/ros2_ws/install/px4_msgs/local/lib/python3.10/dist-packages/px4_msgs/msg/_px4io_status.py
[137.607s] -- Installing: /home/wh1te/ros2_ws/install/px4_msgs/local/lib/python3.10/dist-packages/px4_msgs/msg/_actuator_servos_trim.py
[137.608s] -- Installing: /home/wh1te/ros2_ws/install/px4_msgs/local/lib/python3.10/dist-packages/px4_msgs/msg/_tune_control.py
[137.608s] -- Installing: /home/wh1te/ros2_ws/install/px4_msgs/local/lib/python3.10/dist-packages/px4_msgs/msg/_sensors_status.py
[137.608s] -- Installing: /home/wh1te/ros2_ws/install/px4_msgs/local/lib/python3.10/dist-packages/px4_msgs/msg/_vehicle_command_ack_s.c
[137.608s] -- Installing: /home/wh1te/ros2_ws/install/px4_msgs/local/lib/python3.10/dist-packages/px4_msgs/msg/_mavlink_tunnel_s.c
[137.608s] -- Installing: /home/wh1te/ros2_ws/install/px4_msgs/local/lib/python3.10/dist-packages/px4_msgs/msg/_differential_pressure_s.c
[137.608s] -- Installing: /home/wh1te/ros2_ws/install/px4_msgs/local/lib/python3.10/dist-packages/px4_msgs/msg/_vehicle_local_position_s.c
[137.608s] -- Installing: /home/wh1te/ros2_ws/install/px4_msgs/local/lib/python3.10/dist-packages/px4_msgs/msg/_vehicle_status.py
[137.608s] -- Installing: /home/wh1te/ros2_ws/install/px4_msgs/local/lib/python3.10/dist-packages/px4_msgs/msg/_radio_status.py
[137.608s] -- Installing: /home/wh1te/ros2_ws/install/px4_msgs/local/lib/python3.10/dist-packages/px4_msgs/msg/_estimator_aid_source2d_s.c
[137.608s] -- Installing: /home/wh1te/ros2_ws/install/px4_msgs/local/lib/python3.10/dist-packages/px4_msgs/msg/_landing_target_pose.py
[137.608s] -- Installing: /home/wh1te/ros2_ws/install/px4_msgs/local/lib/python3.10/dist-packages/px4_msgs/msg/_sensor_gyro_fifo.py
[137.608s] -- Installing: /home/wh1te/ros2_ws/install/px4_msgs/local/lib/python3.10/dist-packages/px4_msgs/msg/_orb_test_s.c
[137.609s] -- Installing: /home/wh1te/ros2_ws/install/px4_msgs/local/lib/python3.10/dist-packages/px4_msgs/msg/_onboard_computer_status.py
[137.609s] -- Installing: /home/wh1te/ros2_ws/install/px4_msgs/local/lib/python3.10/dist-packages/px4_msgs/msg/_vehicle_angular_velocity.py
[137.609s] -- Installing: /home/wh1te/ros2_ws/install/px4_msgs/local/lib/python3.10/dist-packages/px4_msgs/msg/_sensor_gnss_relative.py
[137.609s] -- Installing: /home/wh1te/ros2_ws/install/px4_msgs/local/lib/python3.10/dist-packages/px4_msgs/msg/_debug_key_value.py
[137.609s] -- Installing: /home/wh1te/ros2_ws/install/px4_msgs/local/lib/python3.10/dist-packages/px4_msgs/msg/_estimator_gps_status_s.c
[137.609s] -- Installing: /home/wh1te/ros2_ws/install/px4_msgs/local/lib/python3.10/dist-packages/px4_msgs/msg/_vehicle_angular_acceleration_setpoint_s.c
[137.609s] -- Installing: /home/wh1te/ros2_ws/install/px4_msgs/local/lib/python3.10/dist-packages/px4_msgs/msg/_vehicle_odometry_s.c
[137.609s] -- Installing: /home/wh1te/ros2_ws/install/px4_msgs/local/lib/python3.10/dist-packages/px4_msgs/msg/_estimator_states_s.c
[137.609s] -- Installing: /home/wh1te/ros2_ws/install/px4_msgs/local/lib/python3.10/dist-packages/px4_msgs/msg/_failure_detector_status_s.c
[137.609s] -- Installing: /home/wh1te/ros2_ws/install/px4_msgs/local/lib/python3.10/dist-packages/px4_msgs/msg/_actuator_motors.py
[137.609s] -- Installing: /home/wh1te/ros2_ws/install/px4_msgs/local/lib/python3.10/dist-packages/px4_msgs/msg/_control_allocator_status.py
[137.609s] -- Installing: /home/wh1te/ros2_ws/install/px4_msgs/local/lib/python3.10/dist-packages/px4_msgs/msg/_actuator_test_s.c
[137.609s] -- Installing: /home/wh1te/ros2_ws/install/px4_msgs/local/lib/python3.10/dist-packages/px4_msgs/msg/_camera_status.py
[137.609s] -- Installing: /home/wh1te/ros2_ws/install/px4_msgs/local/lib/python3.10/dist-packages/px4_msgs/msg/_yaw_estimator_status.py
[137.610s] -- Installing: /home/wh1te/ros2_ws/install/px4_msgs/local/lib/python3.10/dist-packages/px4_msgs/msg/_telemetry_status.py
[137.610s] -- Installing: /home/wh1te/ros2_ws/install/px4_msgs/local/lib/python3.10/dist-packages/px4_msgs/msg/_home_position.py
[137.610s] -- Installing: /home/wh1te/ros2_ws/install/px4_msgs/local/lib/python3.10/dist-packages/px4_msgs/msg/_manual_control_setpoint_s.c
[137.610s] -- Installing: /home/wh1te/ros2_ws/install/px4_msgs/local/lib/python3.10/dist-packages/px4_msgs/msg/_timesync_status.py
[137.610s] -- Installing: /home/wh1te/ros2_ws/install/px4_msgs/local/lib/python3.10/dist-packages/px4_msgs/msg/_failure_detector_status.py
[137.610s] -- Installing: /home/wh1te/ros2_ws/install/px4_msgs/local/lib/python3.10/dist-packages/px4_msgs/msg/_geofence_result.py
[137.610s] -- Installing: /home/wh1te/ros2_ws/install/px4_msgs/local/lib/python3.10/dist-packages/px4_msgs/msg/_mission_s.c
[137.610s] -- Installing: /home/wh1te/ros2_ws/install/px4_msgs/local/lib/python3.10/dist-packages/px4_msgs/msg/_transponder_report.py
[137.610s] -- Installing: /home/wh1te/ros2_ws/install/px4_msgs/local/lib/python3.10/dist-packages/px4_msgs/msg/_mavlink_tunnel.py
[137.610s] -- Installing: /home/wh1te/ros2_ws/install/px4_msgs/local/lib/python3.10/dist-packages/px4_msgs/msg/_vtol_vehicle_status_s.c
[137.610s] -- Installing: /home/wh1te/ros2_ws/install/px4_msgs/local/lib/python3.10/dist-packages/px4_msgs/msg/_uavcan_parameter_value_s.c
[137.610s] -- Installing: /home/wh1te/ros2_ws/install/px4_msgs/local/lib/python3.10/dist-packages/px4_msgs/msg/_landing_gear_s.c
[137.610s] -- Installing: /home/wh1te/ros2_ws/install/px4_msgs/local/lib/python3.10/dist-packages/px4_msgs/msg/_takeoff_status_s.c
[137.611s] -- Installing: /home/wh1te/ros2_ws/install/px4_msgs/local/lib/python3.10/dist-packages/px4_msgs/msg/_wind.py
[137.611s] -- Installing: /home/wh1te/ros2_ws/install/px4_msgs/local/lib/python3.10/dist-packages/px4_msgs/msg/_hover_thrust_estimate.py
[137.611s] -- Installing: /home/wh1te/ros2_ws/install/px4_msgs/local/lib/python3.10/dist-packages/px4_msgs/msg/_mode_completed_s.c
[137.611s] -- Installing: /home/wh1te/ros2_ws/install/px4_msgs/local/lib/python3.10/dist-packages/px4_msgs/msg/_geofence_result_s.c
[137.611s] -- Installing: /home/wh1te/ros2_ws/install/px4_msgs/local/lib/python3.10/dist-packages/px4_msgs/msg/_timesync_status_s.c
[137.611s] -- Installing: /home/wh1te/ros2_ws/install/px4_msgs/local/lib/python3.10/dist-packages/px4_msgs/msg/_event.py
[137.611s] -- Installing: /home/wh1te/ros2_ws/install/px4_msgs/local/lib/python3.10/dist-packages/px4_msgs/msg/_sensor_accel.py
[137.611s] -- Installing: /home/wh1te/ros2_ws/install/px4_msgs/local/lib/python3.10/dist-packages/px4_msgs/msg/_vehicle_constraints_s.c
[137.611s] -- Installing: /home/wh1te/ros2_ws/install/px4_msgs/local/lib/python3.10/dist-packages/px4_msgs/msg/_led_control_s.c
[137.611s] -- Installing: /home/wh1te/ros2_ws/install/px4_msgs/local/lib/python3.10/dist-packages/px4_msgs/msg/_vehicle_imu.py
[137.611s] -- Installing: /home/wh1te/ros2_ws/install/px4_msgs/local/lib/python3.10/dist-packages/px4_msgs/msg/_sensor_baro.py
[137.611s] -- Installing: /home/wh1te/ros2_ws/install/px4_msgs/local/lib/python3.10/dist-packages/px4_msgs/msg/_obstacle_distance_s.c
[137.611s] -- Installing: /home/wh1te/ros2_ws/install/px4_msgs/local/lib/python3.10/dist-packages/px4_msgs/msg/_health_report.py
[137.612s] -- Installing: /home/wh1te/ros2_ws/install/px4_msgs/local/lib/python3.10/dist-packages/px4_msgs/msg/_transponder_report_s.c
[137.612s] -- Installing: /home/wh1te/ros2_ws/install/px4_msgs/local/lib/python3.10/dist-packages/px4_msgs/msg/_vehicle_acceleration.py
[137.612s] -- Installing: /home/wh1te/ros2_ws/install/px4_msgs/local/lib/python3.10/dist-packages/px4_msgs/msg/_power_button_state.py
[137.612s] -- Installing: /home/wh1te/ros2_ws/install/px4_msgs/local/lib/python3.10/dist-packages/px4_msgs/msg/_camera_capture.py
[137.612s] -- Installing: /home/wh1te/ros2_ws/install/px4_msgs/local/lib/python3.10/dist-packages/px4_msgs/msg/_radio_status_s.c
[137.612s] -- Installing: /home/wh1te/ros2_ws/install/px4_msgs/local/lib/python3.10/dist-packages/px4_msgs/msg/_estimator_aid_source3d_s.c
[137.612s] -- Installing: /home/wh1te/ros2_ws/install/px4_msgs/local/lib/python3.10/dist-packages/px4_msgs/msg/_yaw_estimator_status_s.c
[137.612s] -- Installing: /home/wh1te/ros2_ws/install/px4_msgs/local/lib/python3.10/dist-packages/px4_msgs/msg/_mission_result.py
[137.612s] -- Installing: /home/wh1te/ros2_ws/install/px4_msgs/local/lib/python3.10/dist-packages/px4_msgs/msg/_sensor_uwb_s.c
[137.612s] -- Installing: /home/wh1te/ros2_ws/install/px4_msgs/local/lib/python3.10/dist-packages/px4_msgs/msg/_gimbal_controls_s.c
[137.612s] -- Installing: /home/wh1te/ros2_ws/install/px4_msgs/local/lib/python3.10/dist-packages/px4_msgs/msg/_offboard_control_mode.py
[137.612s] -- Installing: /home/wh1te/ros2_ws/install/px4_msgs/local/lib/python3.10/dist-packages/px4_msgs/msg/_navigator_mission_item_s.c
[137.612s] -- Installing: /home/wh1te/ros2_ws/install/px4_msgs/local/lib/python3.10/dist-packages/px4_msgs/msg/_gps_dump_s.c
[137.613s] -- Installing: /home/wh1te/ros2_ws/install/px4_msgs/local/lib/python3.10/dist-packages/px4_msgs/msg/_debug_array.py
[137.613s] -- Installing: /home/wh1te/ros2_ws/install/px4_msgs/local/lib/python3.10/dist-packages/px4_msgs/msg/_gimbal_manager_set_manual_control_s.c
[137.613s] -- Installing: /home/wh1te/ros2_ws/install/px4_msgs/local/lib/python3.10/dist-packages/px4_msgs/msg/_gimbal_manager_set_manual_control.py
[137.613s] -- Installing: /home/wh1te/ros2_ws/install/px4_msgs/local/lib/python3.10/dist-packages/px4_msgs/msg/_sensor_accel_fifo.py
[137.613s] -- Installing: /home/wh1te/ros2_ws/install/px4_msgs/local/lib/python3.10/dist-packages/px4_msgs/msg/_normalized_unsigned_setpoint_s.c
[137.613s] -- Installing: /home/wh1te/ros2_ws/install/px4_msgs/local/lib/python3.10/dist-packages/px4_msgs/msg/_estimator_innovations.py
[137.613s] -- Installing: /home/wh1te/ros2_ws/install/px4_msgs/local/lib/python3.10/dist-packages/px4_msgs/msg/_actuator_controls_status.py
[137.613s] -- Installing: /home/wh1te/ros2_ws/install/px4_msgs/local/lib/python3.10/dist-packages/px4_msgs/msg/_estimator_bias_s.c
[137.613s] -- Installing: /home/wh1te/ros2_ws/install/px4_msgs/local/lib/python3.10/dist-packages/px4_msgs/msg/_orb_test_large_s.c
[137.613s] -- Installing: /home/wh1te/ros2_ws/install/px4_msgs/local/lib/python3.10/dist-packages/px4_msgs/msg/_vehicle_constraints.py
[137.613s] -- Installing: /home/wh1te/ros2_ws/install/px4_msgs/local/lib/python3.10/dist-packages/px4_msgs/msg/_vehicle_land_detected.py
[137.613s] -- Installing: /home/wh1te/ros2_ws/install/px4_msgs/local/lib/python3.10/dist-packages/px4_msgs/msg/_tune_control_s.c
[137.613s] -- Installing: /home/wh1te/ros2_ws/install/px4_msgs/local/lib/python3.10/dist-packages/px4_msgs/msg/_uavcan_parameter_request.py
[137.613s] -- Installing: /home/wh1te/ros2_ws/install/px4_msgs/local/lib/python3.10/dist-packages/px4_msgs/msg/_mission_result_s.c
[137.614s] -- Installing: /home/wh1te/ros2_ws/install/px4_msgs/local/lib/python3.10/dist-packages/px4_msgs/msg/_iridiumsbd_status_s.c
[137.614s] -- Installing: /home/wh1te/ros2_ws/install/px4_msgs/local/lib/python3.10/dist-packages/px4_msgs/msg/_gripper_s.c
[137.614s] -- Installing: /home/wh1te/ros2_ws/install/px4_msgs/local/lib/python3.10/dist-packages/px4_msgs/msg/_sensor_correction.py
[137.614s] -- Installing: /home/wh1te/ros2_ws/install/px4_msgs/local/lib/python3.10/dist-packages/px4_msgs/msg/_landing_target_pose_s.c
[137.614s] -- Installing: /home/wh1te/ros2_ws/install/px4_msgs/local/lib/python3.10/dist-packages/px4_msgs/msg/_mavlink_log.py
[137.614s] -- Installing: /home/wh1te/ros2_ws/install/px4_msgs/local/lib/python3.10/dist-packages/px4_msgs/msg/_vehicle_thrust_setpoint.py
[137.614s] -- Installing: /home/wh1te/ros2_ws/install/px4_msgs/local/lib/python3.10/dist-packages/px4_msgs/msg/_adc_report.py
[137.614s] -- Installing: /home/wh1te/ros2_ws/install/px4_msgs/local/lib/python3.10/dist-packages/px4_msgs/msg/_pps_capture.py
[137.614s] -- Installing: /home/wh1te/ros2_ws/install/px4_msgs/local/lib/python3.10/dist-packages/px4_msgs/msg/_power_button_state_s.c
[137.614s] -- Installing: /home/wh1te/ros2_ws/install/px4_msgs/local/lib/python3.10/dist-packages/px4_msgs/msg/_sensor_gyro_s.c
[137.614s] -- Installing: /home/wh1te/ros2_ws/install/px4_msgs/local/lib/python3.10/dist-packages/px4_msgs/msg/_vehicle_optical_flow_s.c
[137.614s] -- Installing: /home/wh1te/ros2_ws/install/px4_msgs/local/lib/python3.10/dist-packages/px4_msgs/msg/_collision_constraints_s.c
[137.614s] -- Installing: /home/wh1te/ros2_ws/install/px4_msgs/local/lib/python3.10/dist-packages/px4_msgs/msg/_esc_report.py
[137.615s] -- Installing: /home/wh1te/ros2_ws/install/px4_msgs/local/lib/python3.10/dist-packages/px4_msgs/msg/_rate_ctrl_status.py
[137.615s] -- Installing: /home/wh1te/ros2_ws/install/px4_msgs/local/lib/python3.10/dist-packages/px4_msgs/msg/_satellite_info.py
[137.615s] -- Installing: /home/wh1te/ros2_ws/install/px4_msgs/local/lib/python3.10/dist-packages/px4_msgs/msg/_actuator_motors_s.c
[137.615s] -- Installing: /home/wh1te/ros2_ws/install/px4_msgs/local/lib/python3.10/dist-packages/px4_msgs/msg/_generator_status.py
[137.615s] -- Installing: /home/wh1te/ros2_ws/install/px4_msgs/local/lib/python3.10/dist-packages/px4_msgs/msg/_vehicle_imu_status_s.c
[137.615s] -- Installing: /home/wh1te/ros2_ws/install/px4_msgs/local/lib/python3.10/dist-packages/px4_msgs/msg/_gimbal_manager_status_s.c
[137.615s] -- Installing: /home/wh1te/ros2_ws/install/px4_msgs/local/lib/python3.10/dist-packages/px4_msgs/px4_msgs_s__rosidl_typesupport_c.cpython-310-x86_64-linux-gnu.so
[137.615s] -- Installing: /home/wh1te/ros2_ws/install/px4_msgs/local/lib/python3.10/dist-packages/px4_msgs/_px4_msgs_s.ep.rosidl_typesupport_c.c
[137.616s] -- Installing: /home/wh1te/ros2_ws/install/px4_msgs/local/lib/python3.10/dist-packages/px4_msgs/__init__.py
[137.616s] -- Installing: /home/wh1te/ros2_ws/install/px4_msgs/local/lib/python3.10/dist-packages/px4_msgs/libpx4_msgs__rosidl_generator_py.so
[137.617s] -- Installing: /home/wh1te/ros2_ws/install/px4_msgs/local/lib/python3.10/dist-packages/px4_msgs/_px4_msgs_s.ep.rosidl_typesupport_introspection_c.c
[137.617s] -- Installing: /home/wh1te/ros2_ws/install/px4_msgs/local/lib/python3.10/dist-packages/px4_msgs/px4_msgs_s__rosidl_typesupport_fastrtps_c.cpython-310-x86_64-linux-gnu.so
[137.618s] -- Installing: /home/wh1te/ros2_ws/install/px4_msgs/local/lib/python3.10/dist-packages/px4_msgs/_px4_msgs_s.ep.rosidl_typesupport_fastrtps_c.c
[137.731s] Listing '/home/wh1te/ros2_ws/install/px4_msgs/local/lib/python3.10/dist-packages/px4_msgs'...
[137.731s] Compiling '/home/wh1te/ros2_ws/install/px4_msgs/local/lib/python3.10/dist-packages/px4_msgs/__init__.py'...
[137.731s] Listing '/home/wh1te/ros2_ws/install/px4_msgs/local/lib/python3.10/dist-packages/px4_msgs/msg'...
[137.731s] Compiling '/home/wh1te/ros2_ws/install/px4_msgs/local/lib/python3.10/dist-packages/px4_msgs/msg/__init__.py'...
[137.731s] Compiling '/home/wh1te/ros2_ws/install/px4_msgs/local/lib/python3.10/dist-packages/px4_msgs/msg/_action_request.py'...
[137.731s] Compiling '/home/wh1te/ros2_ws/install/px4_msgs/local/lib/python3.10/dist-packages/px4_msgs/msg/_actuator_armed.py'...
[137.731s] Compiling '/home/wh1te/ros2_ws/install/px4_msgs/local/lib/python3.10/dist-packages/px4_msgs/msg/_actuator_controls_status.py'...
[137.731s] Compiling '/home/wh1te/ros2_ws/install/px4_msgs/local/lib/python3.10/dist-packages/px4_msgs/msg/_actuator_motors.py'...
[137.731s] Compiling '/home/wh1te/ros2_ws/install/px4_msgs/local/lib/python3.10/dist-packages/px4_msgs/msg/_actuator_outputs.py'...
[137.731s] Compiling '/home/wh1te/ros2_ws/install/px4_msgs/local/lib/python3.10/dist-packages/px4_msgs/msg/_actuator_servos.py'...
[137.731s] Compiling '/home/wh1te/ros2_ws/install/px4_msgs/local/lib/python3.10/dist-packages/px4_msgs/msg/_actuator_servos_trim.py'...
[137.731s] Compiling '/home/wh1te/ros2_ws/install/px4_msgs/local/lib/python3.10/dist-packages/px4_msgs/msg/_actuator_test.py'...
[137.731s] Compiling '/home/wh1te/ros2_ws/install/px4_msgs/local/lib/python3.10/dist-packages/px4_msgs/msg/_adc_report.py'...
[137.731s] Compiling '/home/wh1te/ros2_ws/install/px4_msgs/local/lib/python3.10/dist-packages/px4_msgs/msg/_airspeed.py'...
[137.731s] Compiling '/home/wh1te/ros2_ws/install/px4_msgs/local/lib/python3.10/dist-packages/px4_msgs/msg/_airspeed_validated.py'...
[137.731s] Compiling '/home/wh1te/ros2_ws/install/px4_msgs/local/lib/python3.10/dist-packages/px4_msgs/msg/_airspeed_wind.py'...
[137.731s] Compiling '/home/wh1te/ros2_ws/install/px4_msgs/local/lib/python3.10/dist-packages/px4_msgs/msg/_autotune_attitude_control_status.py'...
[137.731s] Compiling '/home/wh1te/ros2_ws/install/px4_msgs/local/lib/python3.10/dist-packages/px4_msgs/msg/_battery_status.py'...
[137.731s] Compiling '/home/wh1te/ros2_ws/install/px4_msgs/local/lib/python3.10/dist-packages/px4_msgs/msg/_button_event.py'...
[137.731s] Compiling '/home/wh1te/ros2_ws/install/px4_msgs/local/lib/python3.10/dist-packages/px4_msgs/msg/_camera_capture.py'...
[137.731s] Compiling '/home/wh1te/ros2_ws/install/px4_msgs/local/lib/python3.10/dist-packages/px4_msgs/msg/_camera_status.py'...
[137.731s] Compiling '/home/wh1te/ros2_ws/install/px4_msgs/local/lib/python3.10/dist-packages/px4_msgs/msg/_camera_trigger.py'...
[137.732s] Compiling '/home/wh1te/ros2_ws/install/px4_msgs/local/lib/python3.10/dist-packages/px4_msgs/msg/_cellular_status.py'...
[137.732s] Compiling '/home/wh1te/ros2_ws/install/px4_msgs/local/lib/python3.10/dist-packages/px4_msgs/msg/_collision_constraints.py'...
[137.732s] Compiling '/home/wh1te/ros2_ws/install/px4_msgs/local/lib/python3.10/dist-packages/px4_msgs/msg/_collision_report.py'...
[137.732s] Compiling '/home/wh1te/ros2_ws/install/px4_msgs/local/lib/python3.10/dist-packages/px4_msgs/msg/_control_allocator_status.py'...
[137.732s] Compiling '/home/wh1te/ros2_ws/install/px4_msgs/local/lib/python3.10/dist-packages/px4_msgs/msg/_cpuload.py'...
[137.732s] Compiling '/home/wh1te/ros2_ws/install/px4_msgs/local/lib/python3.10/dist-packages/px4_msgs/msg/_debug_array.py'...
[137.732s] Compiling '/home/wh1te/ros2_ws/install/px4_msgs/local/lib/python3.10/dist-packages/px4_msgs/msg/_debug_key_value.py'...
[137.732s] Compiling '/home/wh1te/ros2_ws/install/px4_msgs/local/lib/python3.10/dist-packages/px4_msgs/msg/_debug_value.py'...
[137.732s] Compiling '/home/wh1te/ros2_ws/install/px4_msgs/local/lib/python3.10/dist-packages/px4_msgs/msg/_debug_vect.py'...
[137.732s] Compiling '/home/wh1te/ros2_ws/install/px4_msgs/local/lib/python3.10/dist-packages/px4_msgs/msg/_differential_pressure.py'...
[137.732s] Compiling '/home/wh1te/ros2_ws/install/px4_msgs/local/lib/python3.10/dist-packages/px4_msgs/msg/_distance_sensor.py'...
[137.732s] Compiling '/home/wh1te/ros2_ws/install/px4_msgs/local/lib/python3.10/dist-packages/px4_msgs/msg/_ekf2_timestamps.py'...
[137.732s] Compiling '/home/wh1te/ros2_ws/install/px4_msgs/local/lib/python3.10/dist-packages/px4_msgs/msg/_esc_report.py'...
[137.732s] Compiling '/home/wh1te/ros2_ws/install/px4_msgs/local/lib/python3.10/dist-packages/px4_msgs/msg/_esc_status.py'...
[137.732s] Compiling '/home/wh1te/ros2_ws/install/px4_msgs/local/lib/python3.10/dist-packages/px4_msgs/msg/_estimator_aid_source1d.py'...
[137.732s] Compiling '/home/wh1te/ros2_ws/install/px4_msgs/local/lib/python3.10/dist-packages/px4_msgs/msg/_estimator_aid_source2d.py'...
[137.732s] Compiling '/home/wh1te/ros2_ws/install/px4_msgs/local/lib/python3.10/dist-packages/px4_msgs/msg/_estimator_aid_source3d.py'...
[137.732s] Compiling '/home/wh1te/ros2_ws/install/px4_msgs/local/lib/python3.10/dist-packages/px4_msgs/msg/_estimator_bias.py'...
[137.732s] Compiling '/home/wh1te/ros2_ws/install/px4_msgs/local/lib/python3.10/dist-packages/px4_msgs/msg/_estimator_bias3d.py'...
[137.732s] Compiling '/home/wh1te/ros2_ws/install/px4_msgs/local/lib/python3.10/dist-packages/px4_msgs/msg/_estimator_event_flags.py'...
[137.732s] Compiling '/home/wh1te/ros2_ws/install/px4_msgs/local/lib/python3.10/dist-packages/px4_msgs/msg/_estimator_gps_status.py'...
[137.732s] Compiling '/home/wh1te/ros2_ws/install/px4_msgs/local/lib/python3.10/dist-packages/px4_msgs/msg/_estimator_innovations.py'...
[137.732s] Compiling '/home/wh1te/ros2_ws/install/px4_msgs/local/lib/python3.10/dist-packages/px4_msgs/msg/_estimator_selector_status.py'...
[137.733s] Compiling '/home/wh1te/ros2_ws/install/px4_msgs/local/lib/python3.10/dist-packages/px4_msgs/msg/_estimator_sensor_bias.py'...
[137.733s] Compiling '/home/wh1te/ros2_ws/install/px4_msgs/local/lib/python3.10/dist-packages/px4_msgs/msg/_estimator_states.py'...
[137.733s] Compiling '/home/wh1te/ros2_ws/install/px4_msgs/local/lib/python3.10/dist-packages/px4_msgs/msg/_estimator_status.py'...
[137.733s] Compiling '/home/wh1te/ros2_ws/install/px4_msgs/local/lib/python3.10/dist-packages/px4_msgs/msg/_estimator_status_flags.py'...
[137.733s] Compiling '/home/wh1te/ros2_ws/install/px4_msgs/local/lib/python3.10/dist-packages/px4_msgs/msg/_event.py'...
[137.733s] Compiling '/home/wh1te/ros2_ws/install/px4_msgs/local/lib/python3.10/dist-packages/px4_msgs/msg/_failsafe_flags.py'...
[137.733s] Compiling '/home/wh1te/ros2_ws/install/px4_msgs/local/lib/python3.10/dist-packages/px4_msgs/msg/_failure_detector_status.py'...
[137.733s] Compiling '/home/wh1te/ros2_ws/install/px4_msgs/local/lib/python3.10/dist-packages/px4_msgs/msg/_follow_target.py'...
[137.733s] Compiling '/home/wh1te/ros2_ws/install/px4_msgs/local/lib/python3.10/dist-packages/px4_msgs/msg/_follow_target_estimator.py'...
[137.733s] Compiling '/home/wh1te/ros2_ws/install/px4_msgs/local/lib/python3.10/dist-packages/px4_msgs/msg/_follow_target_status.py'...
[137.733s] Compiling '/home/wh1te/ros2_ws/install/px4_msgs/local/lib/python3.10/dist-packages/px4_msgs/msg/_generator_status.py'...
[137.733s] Compiling '/home/wh1te/ros2_ws/install/px4_msgs/local/lib/python3.10/dist-packages/px4_msgs/msg/_geofence_result.py'...
[137.733s] Compiling '/home/wh1te/ros2_ws/install/px4_msgs/local/lib/python3.10/dist-packages/px4_msgs/msg/_gimbal_controls.py'...
[137.733s] Compiling '/home/wh1te/ros2_ws/install/px4_msgs/local/lib/python3.10/dist-packages/px4_msgs/msg/_gimbal_device_attitude_status.py'...
[137.733s] Compiling '/home/wh1te/ros2_ws/install/px4_msgs/local/lib/python3.10/dist-packages/px4_msgs/msg/_gimbal_device_information.py'...
[137.733s] Compiling '/home/wh1te/ros2_ws/install/px4_msgs/local/lib/python3.10/dist-packages/px4_msgs/msg/_gimbal_device_set_attitude.py'...
[137.733s] Compiling '/home/wh1te/ros2_ws/install/px4_msgs/local/lib/python3.10/dist-packages/px4_msgs/msg/_gimbal_manager_information.py'...
[137.733s] Compiling '/home/wh1te/ros2_ws/install/px4_msgs/local/lib/python3.10/dist-packages/px4_msgs/msg/_gimbal_manager_set_attitude.py'...
[137.733s] Compiling '/home/wh1te/ros2_ws/install/px4_msgs/local/lib/python3.10/dist-packages/px4_msgs/msg/_gimbal_manager_set_manual_control.py'...
[137.733s] Compiling '/home/wh1te/ros2_ws/install/px4_msgs/local/lib/python3.10/dist-packages/px4_msgs/msg/_gimbal_manager_status.py'...
[137.733s] Compiling '/home/wh1te/ros2_ws/install/px4_msgs/local/lib/python3.10/dist-packages/px4_msgs/msg/_gps_dump.py'...
[137.733s] Compiling '/home/wh1te/ros2_ws/install/px4_msgs/local/lib/python3.10/dist-packages/px4_msgs/msg/_gps_inject_data.py'...
[137.810s] Compiling '/home/wh1te/ros2_ws/install/px4_msgs/local/lib/python3.10/dist-packages/px4_msgs/msg/_gripper.py'...
[137.810s] Compiling '/home/wh1te/ros2_ws/install/px4_msgs/local/lib/python3.10/dist-packages/px4_msgs/msg/_health_report.py'...
[137.811s] Compiling '/home/wh1te/ros2_ws/install/px4_msgs/local/lib/python3.10/dist-packages/px4_msgs/msg/_heater_status.py'...
[137.811s] Compiling '/home/wh1te/ros2_ws/install/px4_msgs/local/lib/python3.10/dist-packages/px4_msgs/msg/_home_position.py'...
[137.811s] Compiling '/home/wh1te/ros2_ws/install/px4_msgs/local/lib/python3.10/dist-packages/px4_msgs/msg/_hover_thrust_estimate.py'...
[137.811s] Compiling '/home/wh1te/ros2_ws/install/px4_msgs/local/lib/python3.10/dist-packages/px4_msgs/msg/_input_rc.py'...
[137.811s] Compiling '/home/wh1te/ros2_ws/install/px4_msgs/local/lib/python3.10/dist-packages/px4_msgs/msg/_internal_combustion_engine_status.py'...
[137.811s] Compiling '/home/wh1te/ros2_ws/install/px4_msgs/local/lib/python3.10/dist-packages/px4_msgs/msg/_iridiumsbd_status.py'...
[137.811s] Compiling '/home/wh1te/ros2_ws/install/px4_msgs/local/lib/python3.10/dist-packages/px4_msgs/msg/_irlock_report.py'...
[137.811s] Compiling '/home/wh1te/ros2_ws/install/px4_msgs/local/lib/python3.10/dist-packages/px4_msgs/msg/_landing_gear.py'...
[137.811s] Compiling '/home/wh1te/ros2_ws/install/px4_msgs/local/lib/python3.10/dist-packages/px4_msgs/msg/_landing_gear_wheel.py'...
[137.811s] Compiling '/home/wh1te/ros2_ws/install/px4_msgs/local/lib/python3.10/dist-packages/px4_msgs/msg/_landing_target_innovations.py'...
[137.811s] Compiling '/home/wh1te/ros2_ws/install/px4_msgs/local/lib/python3.10/dist-packages/px4_msgs/msg/_landing_target_pose.py'...
[137.811s] Compiling '/home/wh1te/ros2_ws/install/px4_msgs/local/lib/python3.10/dist-packages/px4_msgs/msg/_launch_detection_status.py'...
[137.811s] Compiling '/home/wh1te/ros2_ws/install/px4_msgs/local/lib/python3.10/dist-packages/px4_msgs/msg/_led_control.py'...
[137.811s] Compiling '/home/wh1te/ros2_ws/install/px4_msgs/local/lib/python3.10/dist-packages/px4_msgs/msg/_log_message.py'...
[137.811s] Compiling '/home/wh1te/ros2_ws/install/px4_msgs/local/lib/python3.10/dist-packages/px4_msgs/msg/_logger_status.py'...
[137.811s] Compiling '/home/wh1te/ros2_ws/install/px4_msgs/local/lib/python3.10/dist-packages/px4_msgs/msg/_mag_worker_data.py'...
[137.811s] Compiling '/home/wh1te/ros2_ws/install/px4_msgs/local/lib/python3.10/dist-packages/px4_msgs/msg/_magnetometer_bias_estimate.py'...
[137.811s] Compiling '/home/wh1te/ros2_ws/install/px4_msgs/local/lib/python3.10/dist-packages/px4_msgs/msg/_manual_control_setpoint.py'...
[137.811s] Compiling '/home/wh1te/ros2_ws/install/px4_msgs/local/lib/python3.10/dist-packages/px4_msgs/msg/_manual_control_switches.py'...
[137.811s] Compiling '/home/wh1te/ros2_ws/install/px4_msgs/local/lib/python3.10/dist-packages/px4_msgs/msg/_mavlink_log.py'...
[137.811s] Compiling '/home/wh1te/ros2_ws/install/px4_msgs/local/lib/python3.10/dist-packages/px4_msgs/msg/_mavlink_tunnel.py'...
[137.811s] Compiling '/home/wh1te/ros2_ws/install/px4_msgs/local/lib/python3.10/dist-packages/px4_msgs/msg/_mission.py'...
[137.812s] Compiling '/home/wh1te/ros2_ws/install/px4_msgs/local/lib/python3.10/dist-packages/px4_msgs/msg/_mission_result.py'...
[137.812s] Compiling '/home/wh1te/ros2_ws/install/px4_msgs/local/lib/python3.10/dist-packages/px4_msgs/msg/_mode_completed.py'...
[137.812s] Compiling '/home/wh1te/ros2_ws/install/px4_msgs/local/lib/python3.10/dist-packages/px4_msgs/msg/_mount_orientation.py'...
[137.812s] Compiling '/home/wh1te/ros2_ws/install/px4_msgs/local/lib/python3.10/dist-packages/px4_msgs/msg/_navigator_mission_item.py'...
[137.812s] Compiling '/home/wh1te/ros2_ws/install/px4_msgs/local/lib/python3.10/dist-packages/px4_msgs/msg/_normalized_unsigned_setpoint.py'...
[137.812s] Compiling '/home/wh1te/ros2_ws/install/px4_msgs/local/lib/python3.10/dist-packages/px4_msgs/msg/_npfg_status.py'...
[137.812s] Compiling '/home/wh1te/ros2_ws/install/px4_msgs/local/lib/python3.10/dist-packages/px4_msgs/msg/_obstacle_distance.py'...
[137.812s] Compiling '/home/wh1te/ros2_ws/install/px4_msgs/local/lib/python3.10/dist-packages/px4_msgs/msg/_offboard_control_mode.py'...
[137.812s] Compiling '/home/wh1te/ros2_ws/install/px4_msgs/local/lib/python3.10/dist-packages/px4_msgs/msg/_onboard_computer_status.py'...
[137.812s] Compiling '/home/wh1te/ros2_ws/install/px4_msgs/local/lib/python3.10/dist-packages/px4_msgs/msg/_orb_test.py'...
[137.812s] Compiling '/home/wh1te/ros2_ws/install/px4_msgs/local/lib/python3.10/dist-packages/px4_msgs/msg/_orb_test_large.py'...
[137.812s] Compiling '/home/wh1te/ros2_ws/install/px4_msgs/local/lib/python3.10/dist-packages/px4_msgs/msg/_orb_test_medium.py'...
[137.812s] Compiling '/home/wh1te/ros2_ws/install/px4_msgs/local/lib/python3.10/dist-packages/px4_msgs/msg/_orbit_status.py'...
[137.812s] Compiling '/home/wh1te/ros2_ws/install/px4_msgs/local/lib/python3.10/dist-packages/px4_msgs/msg/_parameter_update.py'...
[137.812s] Compiling '/home/wh1te/ros2_ws/install/px4_msgs/local/lib/python3.10/dist-packages/px4_msgs/msg/_ping.py'...
[137.812s] Compiling '/home/wh1te/ros2_ws/install/px4_msgs/local/lib/python3.10/dist-packages/px4_msgs/msg/_position_controller_landing_status.py'...
[137.812s] Compiling '/home/wh1te/ros2_ws/install/px4_msgs/local/lib/python3.10/dist-packages/px4_msgs/msg/_position_controller_status.py'...
[137.812s] Compiling '/home/wh1te/ros2_ws/install/px4_msgs/local/lib/python3.10/dist-packages/px4_msgs/msg/_position_setpoint.py'...
[137.812s] Compiling '/home/wh1te/ros2_ws/install/px4_msgs/local/lib/python3.10/dist-packages/px4_msgs/msg/_position_setpoint_triplet.py'...
[137.812s] Compiling '/home/wh1te/ros2_ws/install/px4_msgs/local/lib/python3.10/dist-packages/px4_msgs/msg/_power_button_state.py'...
[137.812s] Compiling '/home/wh1te/ros2_ws/install/px4_msgs/local/lib/python3.10/dist-packages/px4_msgs/msg/_power_monitor.py'...
[137.812s] Compiling '/home/wh1te/ros2_ws/install/px4_msgs/local/lib/python3.10/dist-packages/px4_msgs/msg/_pps_capture.py'...
[137.812s] Compiling '/home/wh1te/ros2_ws/install/px4_msgs/local/lib/python3.10/dist-packages/px4_msgs/msg/_pwm_input.py'...
[137.812s] Compiling '/home/wh1te/ros2_ws/install/px4_msgs/local/lib/python3.10/dist-packages/px4_msgs/msg/_px4io_status.py'...
[137.812s] Compiling '/home/wh1te/ros2_ws/install/px4_msgs/local/lib/python3.10/dist-packages/px4_msgs/msg/_qshell_req.py'...
[137.813s] Compiling '/home/wh1te/ros2_ws/install/px4_msgs/local/lib/python3.10/dist-packages/px4_msgs/msg/_qshell_retval.py'...
[137.813s] Compiling '/home/wh1te/ros2_ws/install/px4_msgs/local/lib/python3.10/dist-packages/px4_msgs/msg/_radio_status.py'...
[137.813s] Compiling '/home/wh1te/ros2_ws/install/px4_msgs/local/lib/python3.10/dist-packages/px4_msgs/msg/_rate_ctrl_status.py'...
[137.813s] Compiling '/home/wh1te/ros2_ws/install/px4_msgs/local/lib/python3.10/dist-packages/px4_msgs/msg/_rc_channels.py'...
[137.813s] Compiling '/home/wh1te/ros2_ws/install/px4_msgs/local/lib/python3.10/dist-packages/px4_msgs/msg/_rc_parameter_map.py'...
[137.813s] Compiling '/home/wh1te/ros2_ws/install/px4_msgs/local/lib/python3.10/dist-packages/px4_msgs/msg/_rpm.py'...
[137.813s] Compiling '/home/wh1te/ros2_ws/install/px4_msgs/local/lib/python3.10/dist-packages/px4_msgs/msg/_rtl_time_estimate.py'...
[137.813s] Compiling '/home/wh1te/ros2_ws/install/px4_msgs/local/lib/python3.10/dist-packages/px4_msgs/msg/_satellite_info.py'...
[137.813s] Compiling '/home/wh1te/ros2_ws/install/px4_msgs/local/lib/python3.10/dist-packages/px4_msgs/msg/_sensor_accel.py'...
[137.813s] Compiling '/home/wh1te/ros2_ws/install/px4_msgs/local/lib/python3.10/dist-packages/px4_msgs/msg/_sensor_accel_fifo.py'...
[137.813s] Compiling '/home/wh1te/ros2_ws/install/px4_msgs/local/lib/python3.10/dist-packages/px4_msgs/msg/_sensor_baro.py'...
[137.813s] Compiling '/home/wh1te/ros2_ws/install/px4_msgs/local/lib/python3.10/dist-packages/px4_msgs/msg/_sensor_combined.py'...
[137.813s] Compiling '/home/wh1te/ros2_ws/install/px4_msgs/local/lib/python3.10/dist-packages/px4_msgs/msg/_sensor_correction.py'...
[137.813s] Compiling '/home/wh1te/ros2_ws/install/px4_msgs/local/lib/python3.10/dist-packages/px4_msgs/msg/_sensor_gnss_relative.py'...
[137.813s] Compiling '/home/wh1te/ros2_ws/install/px4_msgs/local/lib/python3.10/dist-packages/px4_msgs/msg/_sensor_gps.py'...
[137.813s] Compiling '/home/wh1te/ros2_ws/install/px4_msgs/local/lib/python3.10/dist-packages/px4_msgs/msg/_sensor_gyro.py'...
[137.813s] Compiling '/home/wh1te/ros2_ws/install/px4_msgs/local/lib/python3.10/dist-packages/px4_msgs/msg/_sensor_gyro_fft.py'...
[137.813s] Compiling '/home/wh1te/ros2_ws/install/px4_msgs/local/lib/python3.10/dist-packages/px4_msgs/msg/_sensor_gyro_fifo.py'...
[137.884s] Compiling '/home/wh1te/ros2_ws/install/px4_msgs/local/lib/python3.10/dist-packages/px4_msgs/msg/_sensor_hygrometer.py'...
[137.884s] Compiling '/home/wh1te/ros2_ws/install/px4_msgs/local/lib/python3.10/dist-packages/px4_msgs/msg/_sensor_mag.py'...
[137.884s] Compiling '/home/wh1te/ros2_ws/install/px4_msgs/local/lib/python3.10/dist-packages/px4_msgs/msg/_sensor_optical_flow.py'...
[137.884s] Compiling '/home/wh1te/ros2_ws/install/px4_msgs/local/lib/python3.10/dist-packages/px4_msgs/msg/_sensor_preflight_mag.py'...
[137.884s] Compiling '/home/wh1te/ros2_ws/install/px4_msgs/local/lib/python3.10/dist-packages/px4_msgs/msg/_sensor_selection.py'...
[137.884s] Compiling '/home/wh1te/ros2_ws/install/px4_msgs/local/lib/python3.10/dist-packages/px4_msgs/msg/_sensor_uwb.py'...
[137.884s] Compiling '/home/wh1te/ros2_ws/install/px4_msgs/local/lib/python3.10/dist-packages/px4_msgs/msg/_sensors_status.py'...
[137.884s] Compiling '/home/wh1te/ros2_ws/install/px4_msgs/local/lib/python3.10/dist-packages/px4_msgs/msg/_sensors_status_imu.py'...
[137.884s] Compiling '/home/wh1te/ros2_ws/install/px4_msgs/local/lib/python3.10/dist-packages/px4_msgs/msg/_system_power.py'...
[137.884s] Compiling '/home/wh1te/ros2_ws/install/px4_msgs/local/lib/python3.10/dist-packages/px4_msgs/msg/_takeoff_status.py'...
[137.884s] Compiling '/home/wh1te/ros2_ws/install/px4_msgs/local/lib/python3.10/dist-packages/px4_msgs/msg/_task_stack_info.py'...
[137.884s] Compiling '/home/wh1te/ros2_ws/install/px4_msgs/local/lib/python3.10/dist-packages/px4_msgs/msg/_tecs_status.py'...
[137.884s] Compiling '/home/wh1te/ros2_ws/install/px4_msgs/local/lib/python3.10/dist-packages/px4_msgs/msg/_telemetry_status.py'...
[137.884s] Compiling '/home/wh1te/ros2_ws/install/px4_msgs/local/lib/python3.10/dist-packages/px4_msgs/msg/_tiltrotor_extra_controls.py'...
[137.884s] Compiling '/home/wh1te/ros2_ws/install/px4_msgs/local/lib/python3.10/dist-packages/px4_msgs/msg/_timesync_status.py'...
[137.884s] Compiling '/home/wh1te/ros2_ws/install/px4_msgs/local/lib/python3.10/dist-packages/px4_msgs/msg/_trajectory_bezier.py'...
[137.884s] Compiling '/home/wh1te/ros2_ws/install/px4_msgs/local/lib/python3.10/dist-packages/px4_msgs/msg/_trajectory_setpoint.py'...
[137.884s] Compiling '/home/wh1te/ros2_ws/install/px4_msgs/local/lib/python3.10/dist-packages/px4_msgs/msg/_trajectory_waypoint.py'...
[137.884s] Compiling '/home/wh1te/ros2_ws/install/px4_msgs/local/lib/python3.10/dist-packages/px4_msgs/msg/_transponder_report.py'...
[137.884s] Compiling '/home/wh1te/ros2_ws/install/px4_msgs/local/lib/python3.10/dist-packages/px4_msgs/msg/_tune_control.py'...
[137.885s] Compiling '/home/wh1te/ros2_ws/install/px4_msgs/local/lib/python3.10/dist-packages/px4_msgs/msg/_uavcan_parameter_request.py'...
[137.885s] Compiling '/home/wh1te/ros2_ws/install/px4_msgs/local/lib/python3.10/dist-packages/px4_msgs/msg/_uavcan_parameter_value.py'...
[137.885s] Compiling '/home/wh1te/ros2_ws/install/px4_msgs/local/lib/python3.10/dist-packages/px4_msgs/msg/_ulog_stream.py'...
[137.885s] Compiling '/home/wh1te/ros2_ws/install/px4_msgs/local/lib/python3.10/dist-packages/px4_msgs/msg/_ulog_stream_ack.py'...
[137.885s] Compiling '/home/wh1te/ros2_ws/install/px4_msgs/local/lib/python3.10/dist-packages/px4_msgs/msg/_vehicle_acceleration.py'...
[137.885s] Compiling '/home/wh1te/ros2_ws/install/px4_msgs/local/lib/python3.10/dist-packages/px4_msgs/msg/_vehicle_air_data.py'...
[137.885s] Compiling '/home/wh1te/ros2_ws/install/px4_msgs/local/lib/python3.10/dist-packages/px4_msgs/msg/_vehicle_angular_acceleration_setpoint.py'...
[137.885s] Compiling '/home/wh1te/ros2_ws/install/px4_msgs/local/lib/python3.10/dist-packages/px4_msgs/msg/_vehicle_angular_velocity.py'...
[137.885s] Compiling '/home/wh1te/ros2_ws/install/px4_msgs/local/lib/python3.10/dist-packages/px4_msgs/msg/_vehicle_attitude.py'...
[137.885s] Compiling '/home/wh1te/ros2_ws/install/px4_msgs/local/lib/python3.10/dist-packages/px4_msgs/msg/_vehicle_attitude_setpoint.py'...
[137.885s] Compiling '/home/wh1te/ros2_ws/install/px4_msgs/local/lib/python3.10/dist-packages/px4_msgs/msg/_vehicle_command.py'...
[137.885s] Compiling '/home/wh1te/ros2_ws/install/px4_msgs/local/lib/python3.10/dist-packages/px4_msgs/msg/_vehicle_command_ack.py'...
[137.885s] Compiling '/home/wh1te/ros2_ws/install/px4_msgs/local/lib/python3.10/dist-packages/px4_msgs/msg/_vehicle_constraints.py'...
[137.885s] Compiling '/home/wh1te/ros2_ws/install/px4_msgs/local/lib/python3.10/dist-packages/px4_msgs/msg/_vehicle_control_mode.py'...
[137.885s] Compiling '/home/wh1te/ros2_ws/install/px4_msgs/local/lib/python3.10/dist-packages/px4_msgs/msg/_vehicle_global_position.py'...
[137.885s] Compiling '/home/wh1te/ros2_ws/install/px4_msgs/local/lib/python3.10/dist-packages/px4_msgs/msg/_vehicle_imu.py'...
[137.885s] Compiling '/home/wh1te/ros2_ws/install/px4_msgs/local/lib/python3.10/dist-packages/px4_msgs/msg/_vehicle_imu_status.py'...
[137.885s] Compiling '/home/wh1te/ros2_ws/install/px4_msgs/local/lib/python3.10/dist-packages/px4_msgs/msg/_vehicle_land_detected.py'...
[137.885s] Compiling '/home/wh1te/ros2_ws/install/px4_msgs/local/lib/python3.10/dist-packages/px4_msgs/msg/_vehicle_local_position.py'...
[137.885s] Compiling '/home/wh1te/ros2_ws/install/px4_msgs/local/lib/python3.10/dist-packages/px4_msgs/msg/_vehicle_local_position_setpoint.py'...
[137.886s] Compiling '/home/wh1te/ros2_ws/install/px4_msgs/local/lib/python3.10/dist-packages/px4_msgs/msg/_vehicle_magnetometer.py'...
[137.886s] Compiling '/home/wh1te/ros2_ws/install/px4_msgs/local/lib/python3.10/dist-packages/px4_msgs/msg/_vehicle_odometry.py'...
[137.886s] Compiling '/home/wh1te/ros2_ws/install/px4_msgs/local/lib/python3.10/dist-packages/px4_msgs/msg/_vehicle_optical_flow.py'...
[137.886s] Compiling '/home/wh1te/ros2_ws/install/px4_msgs/local/lib/python3.10/dist-packages/px4_msgs/msg/_vehicle_optical_flow_vel.py'...
[137.886s] Compiling '/home/wh1te/ros2_ws/install/px4_msgs/local/lib/python3.10/dist-packages/px4_msgs/msg/_vehicle_rates_setpoint.py'...
[137.886s] Compiling '/home/wh1te/ros2_ws/install/px4_msgs/local/lib/python3.10/dist-packages/px4_msgs/msg/_vehicle_roi.py'...
[137.886s] Compiling '/home/wh1te/ros2_ws/install/px4_msgs/local/lib/python3.10/dist-packages/px4_msgs/msg/_vehicle_status.py'...
[137.886s] Compiling '/home/wh1te/ros2_ws/install/px4_msgs/local/lib/python3.10/dist-packages/px4_msgs/msg/_vehicle_thrust_setpoint.py'...
[137.886s] Compiling '/home/wh1te/ros2_ws/install/px4_msgs/local/lib/python3.10/dist-packages/px4_msgs/msg/_vehicle_torque_setpoint.py'...
[137.886s] Compiling '/home/wh1te/ros2_ws/install/px4_msgs/local/lib/python3.10/dist-packages/px4_msgs/msg/_vehicle_trajectory_bezier.py'...
[137.886s] Compiling '/home/wh1te/ros2_ws/install/px4_msgs/local/lib/python3.10/dist-packages/px4_msgs/msg/_vehicle_trajectory_waypoint.py'...
[137.886s] Compiling '/home/wh1te/ros2_ws/install/px4_msgs/local/lib/python3.10/dist-packages/px4_msgs/msg/_vtol_vehicle_status.py'...
[137.886s] Compiling '/home/wh1te/ros2_ws/install/px4_msgs/local/lib/python3.10/dist-packages/px4_msgs/msg/_wind.py'...
[137.886s] Compiling '/home/wh1te/ros2_ws/install/px4_msgs/local/lib/python3.10/dist-packages/px4_msgs/msg/_yaw_estimator_status.py'...
[137.888s] -- Installing: /home/wh1te/ros2_ws/install/px4_msgs/local/lib/python3.10/dist-packages/px4_msgs/px4_msgs_s__rosidl_typesupport_fastrtps_c.cpython-310-x86_64-linux-gnu.so
[137.889s] -- Set runtime path of "/home/wh1te/ros2_ws/install/px4_msgs/local/lib/python3.10/dist-packages/px4_msgs/px4_msgs_s__rosidl_typesupport_fastrtps_c.cpython-310-x86_64-linux-gnu.so" to ""
[137.889s] -- Installing: /home/wh1te/ros2_ws/install/px4_msgs/local/lib/python3.10/dist-packages/px4_msgs/px4_msgs_s__rosidl_typesupport_introspection_c.cpython-310-x86_64-linux-gnu.so
[137.890s] -- Set runtime path of "/home/wh1te/ros2_ws/install/px4_msgs/local/lib/python3.10/dist-packages/px4_msgs/px4_msgs_s__rosidl_typesupport_introspection_c.cpython-310-x86_64-linux-gnu.so" to ""
[137.890s] -- Installing: /home/wh1te/ros2_ws/install/px4_msgs/local/lib/python3.10/dist-packages/px4_msgs/px4_msgs_s__rosidl_typesupport_c.cpython-310-x86_64-linux-gnu.so
[137.891s] -- Set runtime path of "/home/wh1te/ros2_ws/install/px4_msgs/local/lib/python3.10/dist-packages/px4_msgs/px4_msgs_s__rosidl_typesupport_c.cpython-310-x86_64-linux-gnu.so" to ""
[137.891s] -- Installing: /home/wh1te/ros2_ws/install/px4_msgs/lib/libpx4_msgs__rosidl_generator_py.so
[137.892s] -- Set runtime path of "/home/wh1te/ros2_ws/install/px4_msgs/lib/libpx4_msgs__rosidl_generator_py.so" to ""
[137.892s] -- Installing: /home/wh1te/ros2_ws/install/px4_msgs/share/px4_msgs/msg/ActionRequest.idl
[137.893s] -- Installing: /home/wh1te/ros2_ws/install/px4_msgs/share/px4_msgs/msg/ActuatorArmed.idl
[137.893s] -- Installing: /home/wh1te/ros2_ws/install/px4_msgs/share/px4_msgs/msg/ActuatorControlsStatus.idl
[137.893s] -- Installing: /home/wh1te/ros2_ws/install/px4_msgs/share/px4_msgs/msg/ActuatorMotors.idl
[137.893s] -- Installing: /home/wh1te/ros2_ws/install/px4_msgs/share/px4_msgs/msg/ActuatorOutputs.idl
[137.894s] -- Installing: /home/wh1te/ros2_ws/install/px4_msgs/share/px4_msgs/msg/ActuatorServos.idl
[137.894s] -- Installing: /home/wh1te/ros2_ws/install/px4_msgs/share/px4_msgs/msg/ActuatorServosTrim.idl
[137.894s] -- Installing: /home/wh1te/ros2_ws/install/px4_msgs/share/px4_msgs/msg/ActuatorTest.idl
[137.895s] -- Installing: /home/wh1te/ros2_ws/install/px4_msgs/share/px4_msgs/msg/AdcReport.idl
[137.895s] -- Installing: /home/wh1te/ros2_ws/install/px4_msgs/share/px4_msgs/msg/Airspeed.idl
[137.895s] -- Installing: /home/wh1te/ros2_ws/install/px4_msgs/share/px4_msgs/msg/AirspeedValidated.idl
[137.895s] -- Installing: /home/wh1te/ros2_ws/install/px4_msgs/share/px4_msgs/msg/AirspeedWind.idl
[137.896s] -- Installing: /home/wh1te/ros2_ws/install/px4_msgs/share/px4_msgs/msg/AutotuneAttitudeControlStatus.idl
[137.896s] -- Installing: /home/wh1te/ros2_ws/install/px4_msgs/share/px4_msgs/msg/BatteryStatus.idl
[137.896s] -- Installing: /home/wh1te/ros2_ws/install/px4_msgs/share/px4_msgs/msg/ButtonEvent.idl
[137.896s] -- Installing: /home/wh1te/ros2_ws/install/px4_msgs/share/px4_msgs/msg/CameraCapture.idl
[137.897s] -- Installing: /home/wh1te/ros2_ws/install/px4_msgs/share/px4_msgs/msg/CameraStatus.idl
[137.897s] -- Installing: /home/wh1te/ros2_ws/install/px4_msgs/share/px4_msgs/msg/CameraTrigger.idl
[137.897s] -- Installing: /home/wh1te/ros2_ws/install/px4_msgs/share/px4_msgs/msg/CellularStatus.idl
[137.897s] -- Installing: /home/wh1te/ros2_ws/install/px4_msgs/share/px4_msgs/msg/CollisionConstraints.idl
[137.898s] -- Installing: /home/wh1te/ros2_ws/install/px4_msgs/share/px4_msgs/msg/CollisionReport.idl
[137.898s] -- Installing: /home/wh1te/ros2_ws/install/px4_msgs/share/px4_msgs/msg/ControlAllocatorStatus.idl
[137.898s] -- Installing: /home/wh1te/ros2_ws/install/px4_msgs/share/px4_msgs/msg/Cpuload.idl
[137.899s] -- Installing: /home/wh1te/ros2_ws/install/px4_msgs/share/px4_msgs/msg/DebugArray.idl
[137.899s] -- Installing: /home/wh1te/ros2_ws/install/px4_msgs/share/px4_msgs/msg/DebugKeyValue.idl
[137.899s] -- Installing: /home/wh1te/ros2_ws/install/px4_msgs/share/px4_msgs/msg/DebugValue.idl
[137.899s] -- Installing: /home/wh1te/ros2_ws/install/px4_msgs/share/px4_msgs/msg/DebugVect.idl
[137.900s] -- Installing: /home/wh1te/ros2_ws/install/px4_msgs/share/px4_msgs/msg/DifferentialPressure.idl
[137.900s] -- Installing: /home/wh1te/ros2_ws/install/px4_msgs/share/px4_msgs/msg/DistanceSensor.idl
[137.900s] -- Installing: /home/wh1te/ros2_ws/install/px4_msgs/share/px4_msgs/msg/Ekf2Timestamps.idl
[137.900s] -- Installing: /home/wh1te/ros2_ws/install/px4_msgs/share/px4_msgs/msg/EscReport.idl
[137.901s] -- Installing: /home/wh1te/ros2_ws/install/px4_msgs/share/px4_msgs/msg/EscStatus.idl
[137.901s] -- Installing: /home/wh1te/ros2_ws/install/px4_msgs/share/px4_msgs/msg/EstimatorAidSource1d.idl
[137.901s] -- Installing: /home/wh1te/ros2_ws/install/px4_msgs/share/px4_msgs/msg/EstimatorAidSource2d.idl
[137.902s] -- Installing: /home/wh1te/ros2_ws/install/px4_msgs/share/px4_msgs/msg/EstimatorAidSource3d.idl
[137.902s] -- Installing: /home/wh1te/ros2_ws/install/px4_msgs/share/px4_msgs/msg/EstimatorBias.idl
[137.902s] -- Installing: /home/wh1te/ros2_ws/install/px4_msgs/share/px4_msgs/msg/EstimatorBias3d.idl
[137.903s] -- Installing: /home/wh1te/ros2_ws/install/px4_msgs/share/px4_msgs/msg/EstimatorEventFlags.idl
[137.903s] -- Installing: /home/wh1te/ros2_ws/install/px4_msgs/share/px4_msgs/msg/EstimatorGpsStatus.idl
[137.903s] -- Installing: /home/wh1te/ros2_ws/install/px4_msgs/share/px4_msgs/msg/EstimatorInnovations.idl
[137.903s] -- Installing: /home/wh1te/ros2_ws/install/px4_msgs/share/px4_msgs/msg/EstimatorSelectorStatus.idl
[137.904s] -- Installing: /home/wh1te/ros2_ws/install/px4_msgs/share/px4_msgs/msg/EstimatorSensorBias.idl
[137.904s] -- Installing: /home/wh1te/ros2_ws/install/px4_msgs/share/px4_msgs/msg/EstimatorStates.idl
[137.904s] -- Installing: /home/wh1te/ros2_ws/install/px4_msgs/share/px4_msgs/msg/EstimatorStatus.idl
[137.904s] -- Installing: /home/wh1te/ros2_ws/install/px4_msgs/share/px4_msgs/msg/EstimatorStatusFlags.idl
[137.905s] -- Installing: /home/wh1te/ros2_ws/install/px4_msgs/share/px4_msgs/msg/Event.idl
[137.905s] -- Installing: /home/wh1te/ros2_ws/install/px4_msgs/share/px4_msgs/msg/FailsafeFlags.idl
[137.905s] -- Installing: /home/wh1te/ros2_ws/install/px4_msgs/share/px4_msgs/msg/FailureDetectorStatus.idl
[137.906s] -- Installing: /home/wh1te/ros2_ws/install/px4_msgs/share/px4_msgs/msg/FollowTarget.idl
[137.906s] -- Installing: /home/wh1te/ros2_ws/install/px4_msgs/share/px4_msgs/msg/FollowTargetEstimator.idl
[137.906s] -- Installing: /home/wh1te/ros2_ws/install/px4_msgs/share/px4_msgs/msg/FollowTargetStatus.idl
[137.906s] -- Installing: /home/wh1te/ros2_ws/install/px4_msgs/share/px4_msgs/msg/GeneratorStatus.idl
[137.906s] -- Installing: /home/wh1te/ros2_ws/install/px4_msgs/share/px4_msgs/msg/GeofenceResult.idl
[137.907s] -- Installing: /home/wh1te/ros2_ws/install/px4_msgs/share/px4_msgs/msg/GimbalControls.idl
[137.907s] -- Installing: /home/wh1te/ros2_ws/install/px4_msgs/share/px4_msgs/msg/GimbalDeviceAttitudeStatus.idl
[137.907s] -- Installing: /home/wh1te/ros2_ws/install/px4_msgs/share/px4_msgs/msg/GimbalDeviceInformation.idl
[137.907s] -- Installing: /home/wh1te/ros2_ws/install/px4_msgs/share/px4_msgs/msg/GimbalDeviceSetAttitude.idl
[137.908s] -- Installing: /home/wh1te/ros2_ws/install/px4_msgs/share/px4_msgs/msg/GimbalManagerInformation.idl
[137.908s] -- Installing: /home/wh1te/ros2_ws/install/px4_msgs/share/px4_msgs/msg/GimbalManagerSetAttitude.idl
[137.908s] -- Installing: /home/wh1te/ros2_ws/install/px4_msgs/share/px4_msgs/msg/GimbalManagerSetManualControl.idl
[137.908s] -- Installing: /home/wh1te/ros2_ws/install/px4_msgs/share/px4_msgs/msg/GimbalManagerStatus.idl
[137.909s] -- Installing: /home/wh1te/ros2_ws/install/px4_msgs/share/px4_msgs/msg/GpsDump.idl
[137.909s] -- Installing: /home/wh1te/ros2_ws/install/px4_msgs/share/px4_msgs/msg/GpsInjectData.idl
[137.909s] -- Installing: /home/wh1te/ros2_ws/install/px4_msgs/share/px4_msgs/msg/Gripper.idl
[137.909s] -- Installing: /home/wh1te/ros2_ws/install/px4_msgs/share/px4_msgs/msg/HealthReport.idl
[137.910s] -- Installing: /home/wh1te/ros2_ws/install/px4_msgs/share/px4_msgs/msg/HeaterStatus.idl
[137.910s] -- Installing: /home/wh1te/ros2_ws/install/px4_msgs/share/px4_msgs/msg/HomePosition.idl
[137.910s] -- Installing: /home/wh1te/ros2_ws/install/px4_msgs/share/px4_msgs/msg/HoverThrustEstimate.idl
[137.910s] -- Installing: /home/wh1te/ros2_ws/install/px4_msgs/share/px4_msgs/msg/InputRc.idl
[137.911s] -- Installing: /home/wh1te/ros2_ws/install/px4_msgs/share/px4_msgs/msg/InternalCombustionEngineStatus.idl
[137.911s] -- Installing: /home/wh1te/ros2_ws/install/px4_msgs/share/px4_msgs/msg/IridiumsbdStatus.idl
[137.911s] -- Installing: /home/wh1te/ros2_ws/install/px4_msgs/share/px4_msgs/msg/IrlockReport.idl
[137.911s] -- Installing: /home/wh1te/ros2_ws/install/px4_msgs/share/px4_msgs/msg/LandingGear.idl
[137.912s] -- Installing: /home/wh1te/ros2_ws/install/px4_msgs/share/px4_msgs/msg/LandingGearWheel.idl
[137.912s] -- Installing: /home/wh1te/ros2_ws/install/px4_msgs/share/px4_msgs/msg/LandingTargetInnovations.idl
[137.912s] -- Installing: /home/wh1te/ros2_ws/install/px4_msgs/share/px4_msgs/msg/LandingTargetPose.idl
[137.912s] -- Installing: /home/wh1te/ros2_ws/install/px4_msgs/share/px4_msgs/msg/LaunchDetectionStatus.idl
[137.913s] -- Installing: /home/wh1te/ros2_ws/install/px4_msgs/share/px4_msgs/msg/LedControl.idl
[137.913s] -- Installing: /home/wh1te/ros2_ws/install/px4_msgs/share/px4_msgs/msg/LogMessage.idl
[137.913s] -- Installing: /home/wh1te/ros2_ws/install/px4_msgs/share/px4_msgs/msg/LoggerStatus.idl
[137.913s] -- Installing: /home/wh1te/ros2_ws/install/px4_msgs/share/px4_msgs/msg/MagWorkerData.idl
[137.914s] -- Installing: /home/wh1te/ros2_ws/install/px4_msgs/share/px4_msgs/msg/MagnetometerBiasEstimate.idl
[137.914s] -- Installing: /home/wh1te/ros2_ws/install/px4_msgs/share/px4_msgs/msg/ManualControlSetpoint.idl
[137.914s] -- Installing: /home/wh1te/ros2_ws/install/px4_msgs/share/px4_msgs/msg/ManualControlSwitches.idl
[137.914s] -- Installing: /home/wh1te/ros2_ws/install/px4_msgs/share/px4_msgs/msg/MavlinkLog.idl
[137.915s] -- Installing: /home/wh1te/ros2_ws/install/px4_msgs/share/px4_msgs/msg/MavlinkTunnel.idl
[137.915s] -- Installing: /home/wh1te/ros2_ws/install/px4_msgs/share/px4_msgs/msg/Mission.idl
[137.915s] -- Installing: /home/wh1te/ros2_ws/install/px4_msgs/share/px4_msgs/msg/MissionResult.idl
[137.915s] -- Installing: /home/wh1te/ros2_ws/install/px4_msgs/share/px4_msgs/msg/ModeCompleted.idl
[137.916s] -- Installing: /home/wh1te/ros2_ws/install/px4_msgs/share/px4_msgs/msg/MountOrientation.idl
[137.916s] -- Installing: /home/wh1te/ros2_ws/install/px4_msgs/share/px4_msgs/msg/NavigatorMissionItem.idl
[137.916s] -- Installing: /home/wh1te/ros2_ws/install/px4_msgs/share/px4_msgs/msg/NormalizedUnsignedSetpoint.idl
[137.916s] -- Installing: /home/wh1te/ros2_ws/install/px4_msgs/share/px4_msgs/msg/NpfgStatus.idl
[137.917s] -- Installing: /home/wh1te/ros2_ws/install/px4_msgs/share/px4_msgs/msg/ObstacleDistance.idl
[137.917s] -- Installing: /home/wh1te/ros2_ws/install/px4_msgs/share/px4_msgs/msg/OffboardControlMode.idl
[137.917s] -- Installing: /home/wh1te/ros2_ws/install/px4_msgs/share/px4_msgs/msg/OnboardComputerStatus.idl
[137.917s] -- Installing: /home/wh1te/ros2_ws/install/px4_msgs/share/px4_msgs/msg/OrbTest.idl
[137.918s] -- Installing: /home/wh1te/ros2_ws/install/px4_msgs/share/px4_msgs/msg/OrbTestLarge.idl
[137.918s] -- Installing: /home/wh1te/ros2_ws/install/px4_msgs/share/px4_msgs/msg/OrbTestMedium.idl
[137.918s] -- Installing: /home/wh1te/ros2_ws/install/px4_msgs/share/px4_msgs/msg/OrbitStatus.idl
[137.918s] -- Installing: /home/wh1te/ros2_ws/install/px4_msgs/share/px4_msgs/msg/ParameterUpdate.idl
[137.919s] -- Installing: /home/wh1te/ros2_ws/install/px4_msgs/share/px4_msgs/msg/Ping.idl
[137.919s] -- Installing: /home/wh1te/ros2_ws/install/px4_msgs/share/px4_msgs/msg/PositionControllerLandingStatus.idl
[137.919s] -- Installing: /home/wh1te/ros2_ws/install/px4_msgs/share/px4_msgs/msg/PositionControllerStatus.idl
[137.919s] -- Installing: /home/wh1te/ros2_ws/install/px4_msgs/share/px4_msgs/msg/PositionSetpoint.idl
[137.919s] -- Installing: /home/wh1te/ros2_ws/install/px4_msgs/share/px4_msgs/msg/PositionSetpointTriplet.idl
[137.920s] -- Installing: /home/wh1te/ros2_ws/install/px4_msgs/share/px4_msgs/msg/PowerButtonState.idl
[137.920s] -- Installing: /home/wh1te/ros2_ws/install/px4_msgs/share/px4_msgs/msg/PowerMonitor.idl
[137.920s] -- Installing: /home/wh1te/ros2_ws/install/px4_msgs/share/px4_msgs/msg/PpsCapture.idl
[137.920s] -- Installing: /home/wh1te/ros2_ws/install/px4_msgs/share/px4_msgs/msg/PwmInput.idl
[137.921s] -- Installing: /home/wh1te/ros2_ws/install/px4_msgs/share/px4_msgs/msg/Px4ioStatus.idl
[137.921s] -- Installing: /home/wh1te/ros2_ws/install/px4_msgs/share/px4_msgs/msg/QshellReq.idl
[137.921s] -- Installing: /home/wh1te/ros2_ws/install/px4_msgs/share/px4_msgs/msg/QshellRetval.idl
[137.921s] -- Installing: /home/wh1te/ros2_ws/install/px4_msgs/share/px4_msgs/msg/RadioStatus.idl
[137.922s] -- Installing: /home/wh1te/ros2_ws/install/px4_msgs/share/px4_msgs/msg/RateCtrlStatus.idl
[137.922s] -- Installing: /home/wh1te/ros2_ws/install/px4_msgs/share/px4_msgs/msg/RcChannels.idl
[137.922s] -- Installing: /home/wh1te/ros2_ws/install/px4_msgs/share/px4_msgs/msg/RcParameterMap.idl
[137.922s] -- Installing: /home/wh1te/ros2_ws/install/px4_msgs/share/px4_msgs/msg/Rpm.idl
[137.923s] -- Installing: /home/wh1te/ros2_ws/install/px4_msgs/share/px4_msgs/msg/RtlTimeEstimate.idl
[137.923s] -- Installing: /home/wh1te/ros2_ws/install/px4_msgs/share/px4_msgs/msg/SatelliteInfo.idl
[137.923s] -- Installing: /home/wh1te/ros2_ws/install/px4_msgs/share/px4_msgs/msg/SensorAccel.idl
[137.924s] -- Installing: /home/wh1te/ros2_ws/install/px4_msgs/share/px4_msgs/msg/SensorAccelFifo.idl
[137.924s] -- Installing: /home/wh1te/ros2_ws/install/px4_msgs/share/px4_msgs/msg/SensorBaro.idl
[137.924s] -- Installing: /home/wh1te/ros2_ws/install/px4_msgs/share/px4_msgs/msg/SensorCombined.idl
[137.924s] -- Installing: /home/wh1te/ros2_ws/install/px4_msgs/share/px4_msgs/msg/SensorCorrection.idl
[137.925s] -- Installing: /home/wh1te/ros2_ws/install/px4_msgs/share/px4_msgs/msg/SensorGnssRelative.idl
[137.925s] -- Installing: /home/wh1te/ros2_ws/install/px4_msgs/share/px4_msgs/msg/SensorGps.idl
[137.925s] -- Installing: /home/wh1te/ros2_ws/install/px4_msgs/share/px4_msgs/msg/SensorGyro.idl
[137.926s] -- Installing: /home/wh1te/ros2_ws/install/px4_msgs/share/px4_msgs/msg/SensorGyroFft.idl
[137.926s] -- Installing: /home/wh1te/ros2_ws/install/px4_msgs/share/px4_msgs/msg/SensorGyroFifo.idl
[137.926s] -- Installing: /home/wh1te/ros2_ws/install/px4_msgs/share/px4_msgs/msg/SensorHygrometer.idl
[137.926s] -- Installing: /home/wh1te/ros2_ws/install/px4_msgs/share/px4_msgs/msg/SensorMag.idl
[137.927s] -- Installing: /home/wh1te/ros2_ws/install/px4_msgs/share/px4_msgs/msg/SensorOpticalFlow.idl
[137.927s] -- Installing: /home/wh1te/ros2_ws/install/px4_msgs/share/px4_msgs/msg/SensorPreflightMag.idl
[137.927s] -- Installing: /home/wh1te/ros2_ws/install/px4_msgs/share/px4_msgs/msg/SensorSelection.idl
[137.927s] -- Installing: /home/wh1te/ros2_ws/install/px4_msgs/share/px4_msgs/msg/SensorUwb.idl
[137.928s] -- Installing: /home/wh1te/ros2_ws/install/px4_msgs/share/px4_msgs/msg/SensorsStatus.idl
[137.928s] -- Installing: /home/wh1te/ros2_ws/install/px4_msgs/share/px4_msgs/msg/SensorsStatusImu.idl
[137.928s] -- Installing: /home/wh1te/ros2_ws/install/px4_msgs/share/px4_msgs/msg/SystemPower.idl
[137.928s] -- Installing: /home/wh1te/ros2_ws/install/px4_msgs/share/px4_msgs/msg/TakeoffStatus.idl
[137.929s] -- Installing: /home/wh1te/ros2_ws/install/px4_msgs/share/px4_msgs/msg/TaskStackInfo.idl
[137.929s] -- Installing: /home/wh1te/ros2_ws/install/px4_msgs/share/px4_msgs/msg/TecsStatus.idl
[137.929s] -- Installing: /home/wh1te/ros2_ws/install/px4_msgs/share/px4_msgs/msg/TelemetryStatus.idl
[137.929s] -- Installing: /home/wh1te/ros2_ws/install/px4_msgs/share/px4_msgs/msg/TiltrotorExtraControls.idl
[137.930s] -- Installing: /home/wh1te/ros2_ws/install/px4_msgs/share/px4_msgs/msg/TimesyncStatus.idl
[137.930s] -- Installing: /home/wh1te/ros2_ws/install/px4_msgs/share/px4_msgs/msg/TrajectoryBezier.idl
[137.930s] -- Installing: /home/wh1te/ros2_ws/install/px4_msgs/share/px4_msgs/msg/TrajectorySetpoint.idl
[137.930s] -- Installing: /home/wh1te/ros2_ws/install/px4_msgs/share/px4_msgs/msg/TrajectoryWaypoint.idl
[137.931s] -- Installing: /home/wh1te/ros2_ws/install/px4_msgs/share/px4_msgs/msg/TransponderReport.idl
[137.931s] -- Installing: /home/wh1te/ros2_ws/install/px4_msgs/share/px4_msgs/msg/TuneControl.idl
[137.931s] -- Installing: /home/wh1te/ros2_ws/install/px4_msgs/share/px4_msgs/msg/UavcanParameterRequest.idl
[137.931s] -- Installing: /home/wh1te/ros2_ws/install/px4_msgs/share/px4_msgs/msg/UavcanParameterValue.idl
[137.932s] -- Installing: /home/wh1te/ros2_ws/install/px4_msgs/share/px4_msgs/msg/UlogStream.idl
[137.932s] -- Installing: /home/wh1te/ros2_ws/install/px4_msgs/share/px4_msgs/msg/UlogStreamAck.idl
[137.932s] -- Installing: /home/wh1te/ros2_ws/install/px4_msgs/share/px4_msgs/msg/VehicleAcceleration.idl
[137.932s] -- Installing: /home/wh1te/ros2_ws/install/px4_msgs/share/px4_msgs/msg/VehicleAirData.idl
[137.933s] -- Installing: /home/wh1te/ros2_ws/install/px4_msgs/share/px4_msgs/msg/VehicleAngularAccelerationSetpoint.idl
[137.933s] -- Installing: /home/wh1te/ros2_ws/install/px4_msgs/share/px4_msgs/msg/VehicleAngularVelocity.idl
[137.933s] -- Installing: /home/wh1te/ros2_ws/install/px4_msgs/share/px4_msgs/msg/VehicleAttitude.idl
[137.933s] -- Installing: /home/wh1te/ros2_ws/install/px4_msgs/share/px4_msgs/msg/VehicleAttitudeSetpoint.idl
[137.934s] -- Installing: /home/wh1te/ros2_ws/install/px4_msgs/share/px4_msgs/msg/VehicleCommand.idl
[137.934s] -- Installing: /home/wh1te/ros2_ws/install/px4_msgs/share/px4_msgs/msg/VehicleCommandAck.idl
[137.934s] -- Installing: /home/wh1te/ros2_ws/install/px4_msgs/share/px4_msgs/msg/VehicleConstraints.idl
[137.934s] -- Installing: /home/wh1te/ros2_ws/install/px4_msgs/share/px4_msgs/msg/VehicleControlMode.idl
[137.935s] -- Installing: /home/wh1te/ros2_ws/install/px4_msgs/share/px4_msgs/msg/VehicleGlobalPosition.idl
[137.935s] -- Installing: /home/wh1te/ros2_ws/install/px4_msgs/share/px4_msgs/msg/VehicleImu.idl
[137.935s] -- Installing: /home/wh1te/ros2_ws/install/px4_msgs/share/px4_msgs/msg/VehicleImuStatus.idl
[137.935s] -- Installing: /home/wh1te/ros2_ws/install/px4_msgs/share/px4_msgs/msg/VehicleLandDetected.idl
[137.936s] -- Installing: /home/wh1te/ros2_ws/install/px4_msgs/share/px4_msgs/msg/VehicleLocalPosition.idl
[137.936s] -- Installing: /home/wh1te/ros2_ws/install/px4_msgs/share/px4_msgs/msg/VehicleLocalPositionSetpoint.idl
[137.936s] -- Installing: /home/wh1te/ros2_ws/install/px4_msgs/share/px4_msgs/msg/VehicleMagnetometer.idl
[137.936s] -- Installing: /home/wh1te/ros2_ws/install/px4_msgs/share/px4_msgs/msg/VehicleOdometry.idl
[137.937s] -- Installing: /home/wh1te/ros2_ws/install/px4_msgs/share/px4_msgs/msg/VehicleOpticalFlow.idl
[137.937s] -- Installing: /home/wh1te/ros2_ws/install/px4_msgs/share/px4_msgs/msg/VehicleOpticalFlowVel.idl
[137.937s] -- Installing: /home/wh1te/ros2_ws/install/px4_msgs/share/px4_msgs/msg/VehicleRatesSetpoint.idl
[137.937s] -- Installing: /home/wh1te/ros2_ws/install/px4_msgs/share/px4_msgs/msg/VehicleRoi.idl
[137.938s] -- Installing: /home/wh1te/ros2_ws/install/px4_msgs/share/px4_msgs/msg/VehicleStatus.idl
[137.938s] -- Installing: /home/wh1te/ros2_ws/install/px4_msgs/share/px4_msgs/msg/VehicleThrustSetpoint.idl
[137.938s] -- Installing: /home/wh1te/ros2_ws/install/px4_msgs/share/px4_msgs/msg/VehicleTorqueSetpoint.idl
[137.938s] -- Installing: /home/wh1te/ros2_ws/install/px4_msgs/share/px4_msgs/msg/VehicleTrajectoryBezier.idl
[137.939s] -- Installing: /home/wh1te/ros2_ws/install/px4_msgs/share/px4_msgs/msg/VehicleTrajectoryWaypoint.idl
[137.939s] -- Installing: /home/wh1te/ros2_ws/install/px4_msgs/share/px4_msgs/msg/VtolVehicleStatus.idl
[137.939s] -- Installing: /home/wh1te/ros2_ws/install/px4_msgs/share/px4_msgs/msg/Wind.idl
[137.939s] -- Installing: /home/wh1te/ros2_ws/install/px4_msgs/share/px4_msgs/msg/YawEstimatorStatus.idl
[137.940s] -- Installing: /home/wh1te/ros2_ws/install/px4_msgs/share/px4_msgs/msg/ActionRequest.msg
[137.940s] -- Installing: /home/wh1te/ros2_ws/install/px4_msgs/share/px4_msgs/msg/ActuatorArmed.msg
[137.940s] -- Installing: /home/wh1te/ros2_ws/install/px4_msgs/share/px4_msgs/msg/ActuatorControlsStatus.msg
[137.940s] -- Installing: /home/wh1te/ros2_ws/install/px4_msgs/share/px4_msgs/msg/ActuatorMotors.msg
[137.941s] -- Installing: /home/wh1te/ros2_ws/install/px4_msgs/share/px4_msgs/msg/ActuatorOutputs.msg
[137.941s] -- Installing: /home/wh1te/ros2_ws/install/px4_msgs/share/px4_msgs/msg/ActuatorServos.msg
[137.941s] -- Installing: /home/wh1te/ros2_ws/install/px4_msgs/share/px4_msgs/msg/ActuatorServosTrim.msg
[137.941s] -- Installing: /home/wh1te/ros2_ws/install/px4_msgs/share/px4_msgs/msg/ActuatorTest.msg
[137.942s] -- Installing: /home/wh1te/ros2_ws/install/px4_msgs/share/px4_msgs/msg/AdcReport.msg
[137.942s] -- Installing: /home/wh1te/ros2_ws/install/px4_msgs/share/px4_msgs/msg/Airspeed.msg
[137.942s] -- Installing: /home/wh1te/ros2_ws/install/px4_msgs/share/px4_msgs/msg/AirspeedValidated.msg
[137.942s] -- Installing: /home/wh1te/ros2_ws/install/px4_msgs/share/px4_msgs/msg/AirspeedWind.msg
[137.943s] -- Installing: /home/wh1te/ros2_ws/install/px4_msgs/share/px4_msgs/msg/AutotuneAttitudeControlStatus.msg
[137.943s] -- Installing: /home/wh1te/ros2_ws/install/px4_msgs/share/px4_msgs/msg/BatteryStatus.msg
[137.943s] -- Installing: /home/wh1te/ros2_ws/install/px4_msgs/share/px4_msgs/msg/ButtonEvent.msg
[137.943s] -- Installing: /home/wh1te/ros2_ws/install/px4_msgs/share/px4_msgs/msg/CameraCapture.msg
[137.944s] -- Installing: /home/wh1te/ros2_ws/install/px4_msgs/share/px4_msgs/msg/CameraStatus.msg
[137.944s] -- Installing: /home/wh1te/ros2_ws/install/px4_msgs/share/px4_msgs/msg/CameraTrigger.msg
[137.944s] -- Installing: /home/wh1te/ros2_ws/install/px4_msgs/share/px4_msgs/msg/CellularStatus.msg
[137.944s] -- Installing: /home/wh1te/ros2_ws/install/px4_msgs/share/px4_msgs/msg/CollisionConstraints.msg
[137.945s] -- Installing: /home/wh1te/ros2_ws/install/px4_msgs/share/px4_msgs/msg/CollisionReport.msg
[137.945s] -- Installing: /home/wh1te/ros2_ws/install/px4_msgs/share/px4_msgs/msg/ControlAllocatorStatus.msg
[137.945s] -- Installing: /home/wh1te/ros2_ws/install/px4_msgs/share/px4_msgs/msg/Cpuload.msg
[137.945s] -- Installing: /home/wh1te/ros2_ws/install/px4_msgs/share/px4_msgs/msg/DebugArray.msg
[137.946s] -- Installing: /home/wh1te/ros2_ws/install/px4_msgs/share/px4_msgs/msg/DebugKeyValue.msg
[137.946s] -- Installing: /home/wh1te/ros2_ws/install/px4_msgs/share/px4_msgs/msg/DebugValue.msg
[137.946s] -- Installing: /home/wh1te/ros2_ws/install/px4_msgs/share/px4_msgs/msg/DebugVect.msg
[137.946s] -- Installing: /home/wh1te/ros2_ws/install/px4_msgs/share/px4_msgs/msg/DifferentialPressure.msg
[137.947s] -- Installing: /home/wh1te/ros2_ws/install/px4_msgs/share/px4_msgs/msg/DistanceSensor.msg
[137.947s] -- Installing: /home/wh1te/ros2_ws/install/px4_msgs/share/px4_msgs/msg/Ekf2Timestamps.msg
[137.947s] -- Installing: /home/wh1te/ros2_ws/install/px4_msgs/share/px4_msgs/msg/EscReport.msg
[137.947s] -- Installing: /home/wh1te/ros2_ws/install/px4_msgs/share/px4_msgs/msg/EscStatus.msg
[137.948s] -- Installing: /home/wh1te/ros2_ws/install/px4_msgs/share/px4_msgs/msg/EstimatorAidSource1d.msg
[137.948s] -- Installing: /home/wh1te/ros2_ws/install/px4_msgs/share/px4_msgs/msg/EstimatorAidSource2d.msg
[137.948s] -- Installing: /home/wh1te/ros2_ws/install/px4_msgs/share/px4_msgs/msg/EstimatorAidSource3d.msg
[137.948s] -- Installing: /home/wh1te/ros2_ws/install/px4_msgs/share/px4_msgs/msg/EstimatorBias.msg
[137.949s] -- Installing: /home/wh1te/ros2_ws/install/px4_msgs/share/px4_msgs/msg/EstimatorBias3d.msg
[137.949s] -- Installing: /home/wh1te/ros2_ws/install/px4_msgs/share/px4_msgs/msg/EstimatorEventFlags.msg
[137.949s] -- Installing: /home/wh1te/ros2_ws/install/px4_msgs/share/px4_msgs/msg/EstimatorGpsStatus.msg
[137.949s] -- Installing: /home/wh1te/ros2_ws/install/px4_msgs/share/px4_msgs/msg/EstimatorInnovations.msg
[137.950s] -- Installing: /home/wh1te/ros2_ws/install/px4_msgs/share/px4_msgs/msg/EstimatorSelectorStatus.msg
[137.950s] -- Installing: /home/wh1te/ros2_ws/install/px4_msgs/share/px4_msgs/msg/EstimatorSensorBias.msg
[137.950s] -- Installing: /home/wh1te/ros2_ws/install/px4_msgs/share/px4_msgs/msg/EstimatorStates.msg
[137.950s] -- Installing: /home/wh1te/ros2_ws/install/px4_msgs/share/px4_msgs/msg/EstimatorStatus.msg
[137.951s] -- Installing: /home/wh1te/ros2_ws/install/px4_msgs/share/px4_msgs/msg/EstimatorStatusFlags.msg
[137.951s] -- Installing: /home/wh1te/ros2_ws/install/px4_msgs/share/px4_msgs/msg/Event.msg
[137.951s] -- Installing: /home/wh1te/ros2_ws/install/px4_msgs/share/px4_msgs/msg/FailsafeFlags.msg
[137.951s] -- Installing: /home/wh1te/ros2_ws/install/px4_msgs/share/px4_msgs/msg/FailureDetectorStatus.msg
[137.952s] -- Installing: /home/wh1te/ros2_ws/install/px4_msgs/share/px4_msgs/msg/FollowTarget.msg
[137.952s] -- Installing: /home/wh1te/ros2_ws/install/px4_msgs/share/px4_msgs/msg/FollowTargetEstimator.msg
[137.952s] -- Installing: /home/wh1te/ros2_ws/install/px4_msgs/share/px4_msgs/msg/FollowTargetStatus.msg
[137.952s] -- Installing: /home/wh1te/ros2_ws/install/px4_msgs/share/px4_msgs/msg/GeneratorStatus.msg
[137.953s] -- Installing: /home/wh1te/ros2_ws/install/px4_msgs/share/px4_msgs/msg/GeofenceResult.msg
[137.953s] -- Installing: /home/wh1te/ros2_ws/install/px4_msgs/share/px4_msgs/msg/GimbalControls.msg
[137.953s] -- Installing: /home/wh1te/ros2_ws/install/px4_msgs/share/px4_msgs/msg/GimbalDeviceAttitudeStatus.msg
[137.953s] -- Installing: /home/wh1te/ros2_ws/install/px4_msgs/share/px4_msgs/msg/GimbalDeviceInformation.msg
[137.954s] -- Installing: /home/wh1te/ros2_ws/install/px4_msgs/share/px4_msgs/msg/GimbalDeviceSetAttitude.msg
[137.954s] -- Installing: /home/wh1te/ros2_ws/install/px4_msgs/share/px4_msgs/msg/GimbalManagerInformation.msg
[137.954s] -- Installing: /home/wh1te/ros2_ws/install/px4_msgs/share/px4_msgs/msg/GimbalManagerSetAttitude.msg
[137.954s] -- Installing: /home/wh1te/ros2_ws/install/px4_msgs/share/px4_msgs/msg/GimbalManagerSetManualControl.msg
[137.955s] -- Installing: /home/wh1te/ros2_ws/install/px4_msgs/share/px4_msgs/msg/GimbalManagerStatus.msg
[137.955s] -- Installing: /home/wh1te/ros2_ws/install/px4_msgs/share/px4_msgs/msg/GpsDump.msg
[137.955s] -- Installing: /home/wh1te/ros2_ws/install/px4_msgs/share/px4_msgs/msg/GpsInjectData.msg
[137.955s] -- Installing: /home/wh1te/ros2_ws/install/px4_msgs/share/px4_msgs/msg/Gripper.msg
[137.956s] -- Installing: /home/wh1te/ros2_ws/install/px4_msgs/share/px4_msgs/msg/HealthReport.msg
[137.956s] -- Installing: /home/wh1te/ros2_ws/install/px4_msgs/share/px4_msgs/msg/HeaterStatus.msg
[137.956s] -- Installing: /home/wh1te/ros2_ws/install/px4_msgs/share/px4_msgs/msg/HomePosition.msg
[137.956s] -- Installing: /home/wh1te/ros2_ws/install/px4_msgs/share/px4_msgs/msg/HoverThrustEstimate.msg
[137.957s] -- Installing: /home/wh1te/ros2_ws/install/px4_msgs/share/px4_msgs/msg/InputRc.msg
[137.957s] -- Installing: /home/wh1te/ros2_ws/install/px4_msgs/share/px4_msgs/msg/InternalCombustionEngineStatus.msg
[137.957s] -- Installing: /home/wh1te/ros2_ws/install/px4_msgs/share/px4_msgs/msg/IridiumsbdStatus.msg
[137.957s] -- Installing: /home/wh1te/ros2_ws/install/px4_msgs/share/px4_msgs/msg/IrlockReport.msg
[137.958s] -- Installing: /home/wh1te/ros2_ws/install/px4_msgs/share/px4_msgs/msg/LandingGear.msg
[137.958s] -- Installing: /home/wh1te/ros2_ws/install/px4_msgs/share/px4_msgs/msg/LandingGearWheel.msg
[137.958s] -- Installing: /home/wh1te/ros2_ws/install/px4_msgs/share/px4_msgs/msg/LandingTargetInnovations.msg
[137.958s] -- Installing: /home/wh1te/ros2_ws/install/px4_msgs/share/px4_msgs/msg/LandingTargetPose.msg
[137.959s] -- Installing: /home/wh1te/ros2_ws/install/px4_msgs/share/px4_msgs/msg/LaunchDetectionStatus.msg
[137.959s] -- Installing: /home/wh1te/ros2_ws/install/px4_msgs/share/px4_msgs/msg/LedControl.msg
[137.959s] -- Installing: /home/wh1te/ros2_ws/install/px4_msgs/share/px4_msgs/msg/LogMessage.msg
[137.959s] -- Installing: /home/wh1te/ros2_ws/install/px4_msgs/share/px4_msgs/msg/LoggerStatus.msg
[137.960s] -- Installing: /home/wh1te/ros2_ws/install/px4_msgs/share/px4_msgs/msg/MagWorkerData.msg
[137.960s] -- Installing: /home/wh1te/ros2_ws/install/px4_msgs/share/px4_msgs/msg/MagnetometerBiasEstimate.msg
[137.960s] -- Installing: /home/wh1te/ros2_ws/install/px4_msgs/share/px4_msgs/msg/ManualControlSetpoint.msg
[137.960s] -- Installing: /home/wh1te/ros2_ws/install/px4_msgs/share/px4_msgs/msg/ManualControlSwitches.msg
[137.961s] -- Installing: /home/wh1te/ros2_ws/install/px4_msgs/share/px4_msgs/msg/MavlinkLog.msg
[137.961s] -- Installing: /home/wh1te/ros2_ws/install/px4_msgs/share/px4_msgs/msg/MavlinkTunnel.msg
[137.961s] -- Installing: /home/wh1te/ros2_ws/install/px4_msgs/share/px4_msgs/msg/Mission.msg
[137.961s] -- Installing: /home/wh1te/ros2_ws/install/px4_msgs/share/px4_msgs/msg/MissionResult.msg
[137.962s] -- Installing: /home/wh1te/ros2_ws/install/px4_msgs/share/px4_msgs/msg/ModeCompleted.msg
[137.962s] -- Installing: /home/wh1te/ros2_ws/install/px4_msgs/share/px4_msgs/msg/MountOrientation.msg
[137.962s] -- Installing: /home/wh1te/ros2_ws/install/px4_msgs/share/px4_msgs/msg/NavigatorMissionItem.msg
[137.962s] -- Installing: /home/wh1te/ros2_ws/install/px4_msgs/share/px4_msgs/msg/NormalizedUnsignedSetpoint.msg
[137.963s] -- Installing: /home/wh1te/ros2_ws/install/px4_msgs/share/px4_msgs/msg/NpfgStatus.msg
[137.963s] -- Installing: /home/wh1te/ros2_ws/install/px4_msgs/share/px4_msgs/msg/ObstacleDistance.msg
[137.963s] -- Installing: /home/wh1te/ros2_ws/install/px4_msgs/share/px4_msgs/msg/OffboardControlMode.msg
[137.964s] -- Installing: /home/wh1te/ros2_ws/install/px4_msgs/share/px4_msgs/msg/OnboardComputerStatus.msg
[137.964s] -- Installing: /home/wh1te/ros2_ws/install/px4_msgs/share/px4_msgs/msg/OrbTest.msg
[137.964s] -- Installing: /home/wh1te/ros2_ws/install/px4_msgs/share/px4_msgs/msg/OrbTestLarge.msg
[137.964s] -- Installing: /home/wh1te/ros2_ws/install/px4_msgs/share/px4_msgs/msg/OrbTestMedium.msg
[137.965s] -- Installing: /home/wh1te/ros2_ws/install/px4_msgs/share/px4_msgs/msg/OrbitStatus.msg
[137.965s] -- Installing: /home/wh1te/ros2_ws/install/px4_msgs/share/px4_msgs/msg/ParameterUpdate.msg
[137.965s] -- Installing: /home/wh1te/ros2_ws/install/px4_msgs/share/px4_msgs/msg/Ping.msg
[137.966s] -- Installing: /home/wh1te/ros2_ws/install/px4_msgs/share/px4_msgs/msg/PositionControllerLandingStatus.msg
[137.966s] -- Installing: /home/wh1te/ros2_ws/install/px4_msgs/share/px4_msgs/msg/PositionControllerStatus.msg
[137.966s] -- Installing: /home/wh1te/ros2_ws/install/px4_msgs/share/px4_msgs/msg/PositionSetpoint.msg
[137.966s] -- Installing: /home/wh1te/ros2_ws/install/px4_msgs/share/px4_msgs/msg/PositionSetpointTriplet.msg
[137.966s] -- Installing: /home/wh1te/ros2_ws/install/px4_msgs/share/px4_msgs/msg/PowerButtonState.msg
[137.967s] -- Installing: /home/wh1te/ros2_ws/install/px4_msgs/share/px4_msgs/msg/PowerMonitor.msg
[137.967s] -- Installing: /home/wh1te/ros2_ws/install/px4_msgs/share/px4_msgs/msg/PpsCapture.msg
[137.967s] -- Installing: /home/wh1te/ros2_ws/install/px4_msgs/share/px4_msgs/msg/PwmInput.msg
[137.967s] -- Installing: /home/wh1te/ros2_ws/install/px4_msgs/share/px4_msgs/msg/Px4ioStatus.msg
[137.968s] -- Installing: /home/wh1te/ros2_ws/install/px4_msgs/share/px4_msgs/msg/QshellReq.msg
[137.968s] -- Installing: /home/wh1te/ros2_ws/install/px4_msgs/share/px4_msgs/msg/QshellRetval.msg
[137.968s] -- Installing: /home/wh1te/ros2_ws/install/px4_msgs/share/px4_msgs/msg/RadioStatus.msg
[137.968s] -- Installing: /home/wh1te/ros2_ws/install/px4_msgs/share/px4_msgs/msg/RateCtrlStatus.msg
[137.969s] -- Installing: /home/wh1te/ros2_ws/install/px4_msgs/share/px4_msgs/msg/RcChannels.msg
[137.969s] -- Installing: /home/wh1te/ros2_ws/install/px4_msgs/share/px4_msgs/msg/RcParameterMap.msg
[137.969s] -- Installing: /home/wh1te/ros2_ws/install/px4_msgs/share/px4_msgs/msg/Rpm.msg
[137.969s] -- Installing: /home/wh1te/ros2_ws/install/px4_msgs/share/px4_msgs/msg/RtlTimeEstimate.msg
[137.970s] -- Installing: /home/wh1te/ros2_ws/install/px4_msgs/share/px4_msgs/msg/SatelliteInfo.msg
[137.970s] -- Installing: /home/wh1te/ros2_ws/install/px4_msgs/share/px4_msgs/msg/SensorAccel.msg
[137.970s] -- Installing: /home/wh1te/ros2_ws/install/px4_msgs/share/px4_msgs/msg/SensorAccelFifo.msg
[137.970s] -- Installing: /home/wh1te/ros2_ws/install/px4_msgs/share/px4_msgs/msg/SensorBaro.msg
[137.971s] -- Installing: /home/wh1te/ros2_ws/install/px4_msgs/share/px4_msgs/msg/SensorCombined.msg
[137.971s] -- Installing: /home/wh1te/ros2_ws/install/px4_msgs/share/px4_msgs/msg/SensorCorrection.msg
[137.971s] -- Installing: /home/wh1te/ros2_ws/install/px4_msgs/share/px4_msgs/msg/SensorGnssRelative.msg
[137.971s] -- Installing: /home/wh1te/ros2_ws/install/px4_msgs/share/px4_msgs/msg/SensorGps.msg
[137.972s] -- Installing: /home/wh1te/ros2_ws/install/px4_msgs/share/px4_msgs/msg/SensorGyro.msg
[137.972s] -- Installing: /home/wh1te/ros2_ws/install/px4_msgs/share/px4_msgs/msg/SensorGyroFft.msg
[137.972s] -- Installing: /home/wh1te/ros2_ws/install/px4_msgs/share/px4_msgs/msg/SensorGyroFifo.msg
[137.973s] -- Installing: /home/wh1te/ros2_ws/install/px4_msgs/share/px4_msgs/msg/SensorHygrometer.msg
[137.973s] -- Installing: /home/wh1te/ros2_ws/install/px4_msgs/share/px4_msgs/msg/SensorMag.msg
[137.973s] -- Installing: /home/wh1te/ros2_ws/install/px4_msgs/share/px4_msgs/msg/SensorOpticalFlow.msg
[137.973s] -- Installing: /home/wh1te/ros2_ws/install/px4_msgs/share/px4_msgs/msg/SensorPreflightMag.msg
[137.974s] -- Installing: /home/wh1te/ros2_ws/install/px4_msgs/share/px4_msgs/msg/SensorSelection.msg
[137.974s] -- Installing: /home/wh1te/ros2_ws/install/px4_msgs/share/px4_msgs/msg/SensorUwb.msg
[137.974s] -- Installing: /home/wh1te/ros2_ws/install/px4_msgs/share/px4_msgs/msg/SensorsStatus.msg
[137.975s] -- Installing: /home/wh1te/ros2_ws/install/px4_msgs/share/px4_msgs/msg/SensorsStatusImu.msg
[137.975s] -- Installing: /home/wh1te/ros2_ws/install/px4_msgs/share/px4_msgs/msg/SystemPower.msg
[137.975s] -- Installing: /home/wh1te/ros2_ws/install/px4_msgs/share/px4_msgs/msg/TakeoffStatus.msg
[137.975s] -- Installing: /home/wh1te/ros2_ws/install/px4_msgs/share/px4_msgs/msg/TaskStackInfo.msg
[137.975s] -- Installing: /home/wh1te/ros2_ws/install/px4_msgs/share/px4_msgs/msg/TecsStatus.msg
[137.976s] -- Installing: /home/wh1te/ros2_ws/install/px4_msgs/share/px4_msgs/msg/TelemetryStatus.msg
[137.976s] -- Installing: /home/wh1te/ros2_ws/install/px4_msgs/share/px4_msgs/msg/TiltrotorExtraControls.msg
[137.976s] -- Installing: /home/wh1te/ros2_ws/install/px4_msgs/share/px4_msgs/msg/TimesyncStatus.msg
[137.977s] -- Installing: /home/wh1te/ros2_ws/install/px4_msgs/share/px4_msgs/msg/TrajectoryBezier.msg
[137.977s] -- Installing: /home/wh1te/ros2_ws/install/px4_msgs/share/px4_msgs/msg/TrajectorySetpoint.msg
[137.977s] -- Installing: /home/wh1te/ros2_ws/install/px4_msgs/share/px4_msgs/msg/TrajectoryWaypoint.msg
[137.977s] -- Installing: /home/wh1te/ros2_ws/install/px4_msgs/share/px4_msgs/msg/TransponderReport.msg
[137.978s] -- Installing: /home/wh1te/ros2_ws/install/px4_msgs/share/px4_msgs/msg/TuneControl.msg
[137.978s] -- Installing: /home/wh1te/ros2_ws/install/px4_msgs/share/px4_msgs/msg/UavcanParameterRequest.msg
[137.978s] -- Installing: /home/wh1te/ros2_ws/install/px4_msgs/share/px4_msgs/msg/UavcanParameterValue.msg
[137.978s] -- Installing: /home/wh1te/ros2_ws/install/px4_msgs/share/px4_msgs/msg/UlogStream.msg
[137.979s] -- Installing: /home/wh1te/ros2_ws/install/px4_msgs/share/px4_msgs/msg/UlogStreamAck.msg
[137.979s] -- Installing: /home/wh1te/ros2_ws/install/px4_msgs/share/px4_msgs/msg/VehicleAcceleration.msg
[137.979s] -- Installing: /home/wh1te/ros2_ws/install/px4_msgs/share/px4_msgs/msg/VehicleAirData.msg
[137.979s] -- Installing: /home/wh1te/ros2_ws/install/px4_msgs/share/px4_msgs/msg/VehicleAngularAccelerationSetpoint.msg
[137.980s] -- Installing: /home/wh1te/ros2_ws/install/px4_msgs/share/px4_msgs/msg/VehicleAngularVelocity.msg
[137.980s] -- Installing: /home/wh1te/ros2_ws/install/px4_msgs/share/px4_msgs/msg/VehicleAttitude.msg
[137.980s] -- Installing: /home/wh1te/ros2_ws/install/px4_msgs/share/px4_msgs/msg/VehicleAttitudeSetpoint.msg
[137.980s] -- Installing: /home/wh1te/ros2_ws/install/px4_msgs/share/px4_msgs/msg/VehicleCommand.msg
[137.981s] -- Installing: /home/wh1te/ros2_ws/install/px4_msgs/share/px4_msgs/msg/VehicleCommandAck.msg
[137.981s] -- Installing: /home/wh1te/ros2_ws/install/px4_msgs/share/px4_msgs/msg/VehicleConstraints.msg
[137.981s] -- Installing: /home/wh1te/ros2_ws/install/px4_msgs/share/px4_msgs/msg/VehicleControlMode.msg
[137.981s] -- Installing: /home/wh1te/ros2_ws/install/px4_msgs/share/px4_msgs/msg/VehicleGlobalPosition.msg
[137.982s] -- Installing: /home/wh1te/ros2_ws/install/px4_msgs/share/px4_msgs/msg/VehicleImu.msg
[137.982s] -- Installing: /home/wh1te/ros2_ws/install/px4_msgs/share/px4_msgs/msg/VehicleImuStatus.msg
[137.982s] -- Installing: /home/wh1te/ros2_ws/install/px4_msgs/share/px4_msgs/msg/VehicleLandDetected.msg
[137.982s] -- Installing: /home/wh1te/ros2_ws/install/px4_msgs/share/px4_msgs/msg/VehicleLocalPosition.msg
[137.983s] -- Installing: /home/wh1te/ros2_ws/install/px4_msgs/share/px4_msgs/msg/VehicleLocalPositionSetpoint.msg
[137.983s] -- Installing: /home/wh1te/ros2_ws/install/px4_msgs/share/px4_msgs/msg/VehicleMagnetometer.msg
[137.983s] -- Installing: /home/wh1te/ros2_ws/install/px4_msgs/share/px4_msgs/msg/VehicleOdometry.msg
[137.984s] -- Installing: /home/wh1te/ros2_ws/install/px4_msgs/share/px4_msgs/msg/VehicleOpticalFlow.msg
[137.984s] -- Installing: /home/wh1te/ros2_ws/install/px4_msgs/share/px4_msgs/msg/VehicleOpticalFlowVel.msg
[137.984s] -- Installing: /home/wh1te/ros2_ws/install/px4_msgs/share/px4_msgs/msg/VehicleRatesSetpoint.msg
[137.984s] -- Installing: /home/wh1te/ros2_ws/install/px4_msgs/share/px4_msgs/msg/VehicleRoi.msg
[137.985s] -- Installing: /home/wh1te/ros2_ws/install/px4_msgs/share/px4_msgs/msg/VehicleStatus.msg
[137.985s] -- Installing: /home/wh1te/ros2_ws/install/px4_msgs/share/px4_msgs/msg/VehicleThrustSetpoint.msg
[137.985s] -- Installing: /home/wh1te/ros2_ws/install/px4_msgs/share/px4_msgs/msg/VehicleTorqueSetpoint.msg
[137.985s] -- Installing: /home/wh1te/ros2_ws/install/px4_msgs/share/px4_msgs/msg/VehicleTrajectoryBezier.msg
[137.986s] -- Installing: /home/wh1te/ros2_ws/install/px4_msgs/share/px4_msgs/msg/VehicleTrajectoryWaypoint.msg
[137.986s] -- Installing: /home/wh1te/ros2_ws/install/px4_msgs/share/px4_msgs/msg/VtolVehicleStatus.msg
[137.986s] -- Installing: /home/wh1te/ros2_ws/install/px4_msgs/share/px4_msgs/msg/Wind.msg
[137.986s] -- Installing: /home/wh1te/ros2_ws/install/px4_msgs/share/px4_msgs/msg/YawEstimatorStatus.msg
[137.987s] -- Installing: /home/wh1te/ros2_ws/install/px4_msgs/share/ament_index/resource_index/package_run_dependencies/px4_msgs
[137.987s] -- Installing: /home/wh1te/ros2_ws/install/px4_msgs/share/ament_index/resource_index/parent_prefix_path/px4_msgs
[137.987s] -- Installing: /home/wh1te/ros2_ws/install/px4_msgs/share/px4_msgs/environment/ament_prefix_path.sh
[137.987s] -- Installing: /home/wh1te/ros2_ws/install/px4_msgs/share/px4_msgs/environment/ament_prefix_path.dsv
[137.988s] -- Installing: /home/wh1te/ros2_ws/install/px4_msgs/share/px4_msgs/environment/path.sh
[137.988s] -- Installing: /home/wh1te/ros2_ws/install/px4_msgs/share/px4_msgs/environment/path.dsv
[137.988s] -- Installing: /home/wh1te/ros2_ws/install/px4_msgs/share/px4_msgs/local_setup.bash
[137.988s] -- Installing: /home/wh1te/ros2_ws/install/px4_msgs/share/px4_msgs/local_setup.sh
[137.989s] -- Installing: /home/wh1te/ros2_ws/install/px4_msgs/share/px4_msgs/local_setup.zsh
[137.989s] -- Installing: /home/wh1te/ros2_ws/install/px4_msgs/share/px4_msgs/local_setup.dsv
[137.989s] -- Installing: /home/wh1te/ros2_ws/install/px4_msgs/share/px4_msgs/package.dsv
[137.989s] -- Installing: /home/wh1te/ros2_ws/install/px4_msgs/share/ament_index/resource_index/packages/px4_msgs
[137.990s] -- Installing: /home/wh1te/ros2_ws/install/px4_msgs/share/px4_msgs/cmake/export_px4_msgs__rosidl_generator_cExport.cmake
[137.990s] -- Installing: /home/wh1te/ros2_ws/install/px4_msgs/share/px4_msgs/cmake/export_px4_msgs__rosidl_generator_cExport-noconfig.cmake
[137.990s] -- Installing: /home/wh1te/ros2_ws/install/px4_msgs/share/px4_msgs/cmake/export_px4_msgs__rosidl_typesupport_fastrtps_cExport.cmake
[137.990s] -- Installing: /home/wh1te/ros2_ws/install/px4_msgs/share/px4_msgs/cmake/export_px4_msgs__rosidl_typesupport_fastrtps_cExport-noconfig.cmake
[137.991s] -- Installing: /home/wh1te/ros2_ws/install/px4_msgs/share/px4_msgs/cmake/export_px4_msgs__rosidl_generator_cppExport.cmake
[137.991s] -- Installing: /home/wh1te/ros2_ws/install/px4_msgs/share/px4_msgs/cmake/export_px4_msgs__rosidl_typesupport_fastrtps_cppExport.cmake
[137.991s] -- Installing: /home/wh1te/ros2_ws/install/px4_msgs/share/px4_msgs/cmake/export_px4_msgs__rosidl_typesupport_fastrtps_cppExport-noconfig.cmake
[137.991s] -- Installing: /home/wh1te/ros2_ws/install/px4_msgs/share/px4_msgs/cmake/px4_msgs__rosidl_typesupport_introspection_cExport.cmake
[137.992s] -- Installing: /home/wh1te/ros2_ws/install/px4_msgs/share/px4_msgs/cmake/px4_msgs__rosidl_typesupport_introspection_cExport-noconfig.cmake
[137.992s] -- Installing: /home/wh1te/ros2_ws/install/px4_msgs/share/px4_msgs/cmake/px4_msgs__rosidl_typesupport_cExport.cmake
[137.992s] -- Installing: /home/wh1te/ros2_ws/install/px4_msgs/share/px4_msgs/cmake/px4_msgs__rosidl_typesupport_cExport-noconfig.cmake
[137.992s] -- Installing: /home/wh1te/ros2_ws/install/px4_msgs/share/px4_msgs/cmake/px4_msgs__rosidl_typesupport_introspection_cppExport.cmake
[137.993s] -- Installing: /home/wh1te/ros2_ws/install/px4_msgs/share/px4_msgs/cmake/px4_msgs__rosidl_typesupport_introspection_cppExport-noconfig.cmake
[137.993s] -- Installing: /home/wh1te/ros2_ws/install/px4_msgs/share/px4_msgs/cmake/px4_msgs__rosidl_typesupport_cppExport.cmake
[137.993s] -- Installing: /home/wh1te/ros2_ws/install/px4_msgs/share/px4_msgs/cmake/px4_msgs__rosidl_typesupport_cppExport-noconfig.cmake
[137.993s] -- Installing: /home/wh1te/ros2_ws/install/px4_msgs/share/px4_msgs/cmake/export_px4_msgs__rosidl_generator_pyExport.cmake
[137.994s] -- Installing: /home/wh1te/ros2_ws/install/px4_msgs/share/px4_msgs/cmake/export_px4_msgs__rosidl_generator_pyExport-noconfig.cmake
[137.994s] -- Installing: /home/wh1te/ros2_ws/install/px4_msgs/share/px4_msgs/cmake/rosidl_cmake-extras.cmake
[137.994s] -- Installing: /home/wh1te/ros2_ws/install/px4_msgs/share/px4_msgs/cmake/ament_cmake_export_dependencies-extras.cmake
[137.994s] -- Installing: /home/wh1te/ros2_ws/install/px4_msgs/share/px4_msgs/cmake/ament_cmake_export_include_directories-extras.cmake
[137.995s] -- Installing: /home/wh1te/ros2_ws/install/px4_msgs/share/px4_msgs/cmake/ament_cmake_export_libraries-extras.cmake
[137.995s] -- Installing: /home/wh1te/ros2_ws/install/px4_msgs/share/px4_msgs/cmake/ament_cmake_export_targets-extras.cmake
[137.995s] -- Installing: /home/wh1te/ros2_ws/install/px4_msgs/share/px4_msgs/cmake/rosidl_cmake_export_typesupport_targets-extras.cmake
[137.995s] -- Installing: /home/wh1te/ros2_ws/install/px4_msgs/share/px4_msgs/cmake/rosidl_cmake_export_typesupport_libraries-extras.cmake
[137.996s] -- Installing: /home/wh1te/ros2_ws/install/px4_msgs/share/px4_msgs/cmake/px4_msgsConfig.cmake
[137.996s] -- Installing: /home/wh1te/ros2_ws/install/px4_msgs/share/px4_msgs/cmake/px4_msgsConfig-version.cmake
[137.996s] -- Installing: /home/wh1te/ros2_ws/install/px4_msgs/share/px4_msgs/package.xml
[137.999s] Invoked command in '/home/wh1te/ros2_ws/build/px4_msgs' returned '0': CMAKE_PREFIX_PATH=/opt/ros/humble /usr/bin/cmake --install /home/wh1te/ros2_ws/build/px4_msgs
